theta0,theta1,value
-10.0,-10.0,-6.918911801612674
-9.5,-10.0,-6.91891180393235
-9.0,-10.0,-6.918911807754162
-8.5,-10.0,-6.9189118140479575
-8.0,-10.0,-6.918911824404816
-7.5,-10.0,-6.918911841426424
-7.0,-10.0,-6.9189118693436065
-6.5,-10.0,-6.91891191497248
-6.0,-10.0,-6.918911989117765
-5.5,-10.0,-6.918912108416055
-5.0,-10.0,-6.918912297095939
-4.5,-10.0,-6.918912586403712
-4.0,-10.0,-6.9189130042070905
-3.5,-10.0,-6.918913532168178
-3.0,-10.0,-6.9189139653109555
-2.5,-10.0,-6.918913490689654
-2.0,-10.0,-6.918909476812913
-1.5,-10.0,-6.918894075381597
-1.0,-10.0,-6.9188448068913
-0.5,-10.0,-6.918698681000041
0.0,-10.0,-6.918281396254234
0.5,-10.0,-6.917114318281189
1.0,-10.0,-6.913890190997719
1.5,-10.0,-6.9050584996635544
2.0,-10.0,-6.881069719570094
2.5,-10.0,-6.81683047153368
3.0,-10.0,-6.650322682284278
3.5,-10.0,-6.251731668302412
4.0,-10.0,-5.454142987311689
4.5,-10.0,-4.307370480276451
5.0,-10.0,-3.2522715128746222
5.5,-10.0,-2.6127808868975557
6.0,-10.0,-2.318295798649145
6.5,-10.0,-2.2008646959066205
7.0,-10.0,-2.158343995709942
7.5,-10.0,-2.146049005398125
8.0,-10.0,-2.146947956668053
8.5,-10.0,-2.15520261964263
9.0,-10.0,-2.168996500958004
9.5,-10.0,-2.187360440505542
10.0,-10.0,-2.208701040289491
-10.0,-9.5,-6.918502829278173
-9.5,-9.5,-6.918502833103126
-9.0,-9.5,-6.918502839404965
-8.5,-9.5,-6.918502849782904
-8.0,-9.5,-6.918502866860504
-7.5,-9.5,-6.918502894927737
-7.0,-9.5,-6.9185029409609475
-6.5,-9.5,-6.918503016199494
-6.0,-9.5,-6.918503138459914
-5.5,-9.5,-6.918503335175811
-5.0,-9.5,-6.918503646301518
-4.5,-9.5,-6.918504123368961
-4.0,-9.5,-6.918504812355253
-3.5,-9.5,-6.9185056830924365
-3.0,-9.5,-6.918506397781783
-2.5,-9.5,-6.918505616459847
-2.0,-9.5,-6.918499001428668
-1.5,-9.5,-6.918473615414804
-1.0,-9.5,-6.918392402921406
-0.5,-9.5,-6.918151534422203
0.0,-9.5,-6.917463742632438
0.5,-9.5,-6.91554050716963
1.0,-9.5,-6.9102306214900775
1.5,-9.5,-6.895709355412436
2.0,-9.5,-6.856441508342666
2.5,-9.5,-6.752528158919794
3.0,-9.5,-6.491311486345496
3.5,-9.5,-5.909886680831055
4.0,-9.5,-4.9036362212682105
4.5,-9.5,-3.738112636487659
5.0,-9.5,-2.879415245285628
5.5,-9.5,-2.4347587966818733
6.0,-9.5,-2.246748743022382
6.5,-9.5,-2.1757034585157164
7.0,-9.5,-2.152525669641445
7.5,-9.5,-2.1493584955955654
8.0,-9.5,-2.156104810389451
8.5,-9.5,-2.1693411958627666
9.0,-9.5,-2.1875008503143376
9.5,-9.5,-2.208768766206718
10.0,-9.5,-2.2305862589504994
-10.0,-9.0,-6.917828706032628
-9.5,-9.0,-6.917828712340121
-9.0,-9.0,-6.917828722732117
-8.5,-9.0,-6.917828739845773
-8.0,-9.0,-6.917828768007475
-7.5,-9.0,-6.917828814291622
-7.0,-9.0,-6.917828890202651
-6.5,-9.0,-6.917829014275183
-6.0,-9.0,-6.917829215890687
-5.5,-9.0,-6.917829540291724
-5.0,-9.0,-6.917830053374026
-4.5,-9.0,-6.917830840141445
-4.0,-9.0,-6.917831976481719
-3.5,-9.0,-6.9178334128359475
-3.0,-9.0,-6.917834592674671
-2.5,-9.0,-6.9178333077431695
-2.0,-9.0,-6.917822408826178
-1.5,-9.0,-6.917780572444516
-1.0,-9.0,-6.917646723270087
-0.5,-9.0,-6.917249740535459
0.0,-9.0,-6.91611629183764
0.5,-9.0,-6.912947994592514
1.0,-9.0,-6.904209207631661
1.5,-9.0,-6.880375069352324
2.0,-9.0,-6.816390946272151
2.5,-9.0,-6.6502882486121315
3.0,-9.0,-6.252268850324902
3.5,-9.0,-5.455277104865252
4.0,-9.0,-4.308832196801486
4.5,-9.0,-3.2538029632602945
5.0,-9.0,-2.614476671010978
5.5,-9.0,-2.320495302333288
6.0,-9.0,-2.2040523716680958
6.5,-9.0,-2.163165990436676
7.0,-9.0,-2.153327504322257
7.5,-9.0,-2.1575915080790184
8.0,-9.0,-2.169909384147307
8.5,-9.0,-2.1877323263510147
9.0,-9.0,-2.2088804223654837
9.5,-9.0,-2.2306588860384795
10.0,-9.0,-2.250401789439008
-10.0,-8.5,-6.916717694367457
-9.5,-8.5,-6.916717704770068
-9.0,-8.5,-6.916717721909045
-8.5,-8.5,-6.916717750133734
-8.0,-8.5,-6.916717796579465
-7.5,-8.5,-6.916717872913843
-7.0,-8.5,-6.916717998110976
-6.5,-8.5,-6.916718202740291
-6.0,-8.5,-6.91671853526254
-5.5,-8.5,-6.916719070303248
-5.0,-8.5,-6.916719916566332
-4.5,-8.5,-6.916721214313682
-4.0,-8.5,-6.9167230888920885
-3.5,-8.5,-6.916725459080692
-3.0,-8.5,-6.916727408421852
-2.5,-8.5,-6.916725298758261
-2.0,-8.5,-6.916707349654195
-1.5,-8.5,-6.916638422235983
-1.0,-8.5,-6.916417871537445
-0.5,-8.5,-6.915763744148324
0.0,-8.5,-6.91389643775419
0.5,-8.5,-6.908679805522905
1.0,-8.5,-6.894314592859288
1.5,-8.5,-6.855307893123123
2.0,-8.5,-6.751824933731425
2.5,-8.5,-6.491274921347379
3.0,-8.5,-5.910712701027208
3.5,-8.5,-4.905197805020773
4.0,-8.5,-3.739972182409809
4.5,-8.5,-2.8814112174601525
5.0,-8.5,-2.4371636874181255
5.5,-8.5,-2.2500662327804104
6.0,-8.5,-2.180606603922182
6.5,-8.5,-2.1598569249688744
7.0,-8.5,-2.160040584525584
7.5,-8.5,-2.1708458488047255
8.0,-8.5,-2.1881139098143745
8.5,-8.5,-2.209064498653651
9.0,-8.5,-2.230778621211473
9.5,-8.5,-2.2505056628382096
10.0,-8.5,-2.2665067314824334
-10.0,-8.0,-6.914887112849552
-9.5,-8.0,-6.914887130009571
-9.0,-8.0,-6.914887158281829
-8.5,-8.0,-6.914887204841008
-8.0,-8.0,-6.914887281457621
-7.5,-8.0,-6.914887407378838
-7.0,-8.0,-6.914887613905337
-6.5,-8.0,-6.9148879514674535
-6.0,-8.0,-6.914888500014734
-5.5,-8.0,-6.914889382673923
-5.0,-8.0,-6.914890778830961
-4.5,-8.0,-6.914892920048798
-4.0,-8.0,-6.914896013611255
-3.5,-8.0,-6.914899926932802
-3.0,-8.0,-6.9149031520289475
-2.5,-8.0,-6.9148996977592905
-2.0,-8.0,-6.914870159466365
-1.5,-8.0,-6.914756650734555
-1.0,-8.0,-6.914393375160804
-0.5,-8.0,-6.913315950768577
0.0,-8.0,-6.910241176492914
0.5,-8.0,-6.901659398250207
1.0,-8.0,-6.878090286041522
1.5,-8.0,-6.814553026270113
2.0,-8.0,-6.64918406317325
2.5,-8.0,-6.252255759785596
3.0,-8.0,-5.4565111292501705
3.5,-8.0,-4.310905198527036
4.0,-8.0,-3.2561809275113096
4.5,-8.0,-2.617189174016511
5.0,-8.0,-2.324017589449157
5.5,-8.0,-2.2090862840066703
6.0,-8.0,-2.1705832103287075
6.5,-8.0,-2.164072798610811
7.0,-8.0,-2.1723889498439872
7.5,-8.0,-2.1887428823545174
8.0,-8.0,-2.20936795218737
8.5,-8.0,-2.230976013057816
9.0,-8.0,-2.2506769055979037
9.5,-8.0,-2.266678506260703
10.0,-8.0,-2.2785341615121832
-10.0,-7.5,-6.911872162431707
-9.5,-7.5,-6.911872190748222
-9.0,-7.5,-6.911872237401609
-8.5,-7.5,-6.911872314231278
-8.0,-7.5,-6.911872440660704
-7.5,-7.5,-6.911872648451716
-7.0,-7.5,-6.911872989258319
-6.5,-7.5,-6.911873546307118
-6.0,-7.5,-6.91187445155171
-5.5,-7.5,-6.911875908238096
-5.0,-7.5,-6.91187821256715
-4.5,-7.5,-6.911881747163278
-4.0,-7.5,-6.911886855467079
-3.5,-7.5,-6.911893322477463
-3.0,-7.5,-6.91189867008579
-2.5,-7.5,-6.911893040020827
-2.0,-7.5,-6.911844488252684
-1.5,-7.5,-6.911657705911628
-1.0,-7.5,-6.911059718347184
-0.5,-7.5,-6.909286192714026
0.0,-7.5,-6.90422730329313
0.5,-7.5,-6.890129741757386
1.0,-7.5,-6.851580626787129
1.5,-7.5,-6.748876540733132
2.0,-7.5,-6.489592292080377
2.5,-7.5,-5.910792374456039
3.0,-7.5,-4.906984481525184
3.5,-7.5,-3.7426734081340824
4.0,-7.5,-2.8845373445489626
4.5,-7.5,-2.4409966323772117
5.0,-7.5,-2.255307239459983
5.5,-7.5,-2.188162758270641
6.0,-7.5,-2.170705519689605
6.5,-7.5,-2.17493073435503
7.0,-7.5,-2.1897794689347676
7.5,-7.5,-2.2098681620171297
8.0,-7.5,-2.2313014080518427
8.5,-7.5,-2.2509591949898935
9.0,-7.5,-2.2669616732480544
9.5,-7.5,-2.278829410654658
10.0,-7.5,-2.287047296658304
-10.0,-7.0,-6.906909943495288
-9.5,-7.0,-6.906909990247504
-9.0,-7.0,-6.9069100672751365
-8.5,-7.0,-6.90691019412614
-8.0,-7.0,-6.906910402870968
-7.5,-7.0,-6.906910745953509
-7.0,-7.0,-6.906911308666628
-6.5,-7.0,-6.906912228447292
-6.0,-7.0,-6.906913723227031
-5.5,-7.0,-6.906916128763765
-5.0,-7.0,-6.906919934611751
-4.5,-7.0,-6.906925773892579
-4.0,-7.0,-6.90693421741697
-3.5,-7.0,-6.906944920453223
-3.0,-7.0,-6.906953819348884
-2.5,-7.0,-6.906944713286888
-2.0,-7.0,-6.906865067870473
-1.5,-7.0,-6.906558096906024
-1.0,-7.0,-6.905574764097089
-0.5,-7.0,-6.9026584285267125
0.0,-7.0,-6.894346303296272
0.5,-7.0,-6.871242034571306
1.0,-7.0,-6.808513529611664
1.5,-7.0,-6.644533994212994
2.0,-7.0,-6.249808990701166
2.5,-7.0,-5.4568346507156225
3.0,-7.0,-4.313423165949927
3.5,-7.0,-3.259717914118255
4.0,-7.0,-2.6214543298374973
4.5,-7.0,-2.329575806603512
5.0,-7.0,-2.2168637466305148
5.5,-7.0,-2.1815996322209563
6.0,-7.0,-2.1791150202194567
6.5,-7.0,-2.1914873863200106
7.0,-7.0,-2.210692595492224
7.5,-7.0,-2.2318377601432595
8.0,-7.0,-2.2514244968691055
8.5,-7.0,-2.2674284232476527
9.0,-7.0,-2.2793160814078686
9.5,-7.0,-2.287553974974791
10.0,-7.0,-2.2929953153845175
-10.0,-6.5,-6.8987519066651855
-9.5,-6.5,-6.898751983925428
-9.0,-6.5,-6.898752111217673
-8.5,-6.5,-6.898752320846919
-8.0,-6.5,-6.898752665814232
-7.5,-6.5,-6.898753232794435
-7.0,-6.5,-6.898754162762531
-6.5,-6.5,-6.8987556829070655
-6.0,-6.5,-6.898758153555066
-5.5,-6.5,-6.898762130067183
-5.0,-6.5,-6.898768422830831
-4.5,-6.5,-6.898778081854322
-4.0,-6.5,-6.8987920606141415
-3.5,-6.5,-6.898809817107356
-3.0,-6.5,-6.898824711187092
-2.5,-6.5,-6.898810174897094
-2.0,-6.5,-6.898679951965747
-1.5,-6.5,-6.898176496948185
-1.0,-6.5,-6.896562240728189
-0.5,-6.5,-6.891774874394541
0.0,-6.5,-6.878147625918936
0.5,-6.5,-6.840427522590083
1.0,-6.5,-6.739196986573335
1.5,-6.5,-6.482452693882766
2.0,-6.5,-5.907480651818675
2.5,-6.5,-4.907826028193092
3.0,-6.5,-3.7461695232821395
3.5,-6.5,-2.889279314583604
4.0,-6.5,-2.4470077181421703
4.5,-6.5,-2.2634278514419846
5.0,-6.5,-2.199449036804956
5.5,-6.5,-2.1859963400974607
6.0,-6.5,-2.194300207807158
6.5,-6.5,-2.2120511140339563
7.0,-6.5,-2.2327216923096933
7.5,-6.5,-2.2521913384873353
8.0,-6.5,-2.2681976557050874
8.5,-6.5,-2.2801181593863067
9.0,-6.5,-2.2883890438838304
9.5,-6.5,-2.2938556585966734
10.0,-6.5,-2.2973549332715457
-10.0,-6.0,-6.885364493144726
-9.5,-6.0,-6.8853646210069765
-9.0,-6.0,-6.88536483167119
-8.5,-6.0,-6.8853651786036085
-8.0,-6.0,-6.885365749527041
-7.5,-6.0,-6.885366687908222
-7.0,-6.0,-6.885368227120447
-6.5,-6.0,-6.885370743332264
-6.0,-6.0,-6.885374833366348
-5.5,-6.0,-6.885381417678237
-5.0,-6.0,-6.885391841125063
-4.5,-6.0,-6.885407851500185
-4.0,-6.0,-6.885431054167622
-3.5,-6.0,-6.885460626616712
-3.0,-6.0,-6.885485782103507
-2.5,-6.0,-6.885463102440427
-2.0,-6.0,-6.8852513419059305
-1.5,-6.0,-6.88442844628661
-1.0,-6.0,-6.881785829066099
-0.5,-6.0,-6.873949005071437
0.0,-6.0,-6.85168873465239
0.5,-6.0,-6.790491016877326
1.0,-6.0,-6.629290430824706
1.5,-6.0,-6.239291259557652
2.0,-6.0,-5.452811327765345
2.5,-6.0,-4.315206545000195
3.0,-6.0,-3.264577416227657
3.5,-6.0,-2.628007023821636
4.0,-6.0,-2.338200511695561
4.5,-6.0,-2.2285759762666597
5.0,-6.0,-2.1972945001295097
5.5,-6.0,-2.1989294520923033
6.0,-6.0,-2.2142889139037245
6.5,-6.0,-2.2341780640036872
7.0,-6.0,-2.2534548005467463
7.5,-6.0,-2.2694650685526865
8.0,-6.0,-2.2814397300610554
8.5,-6.0,-2.2897650183306912
9.0,-6.0,-2.295273315386587
9.5,-6.0,-2.298801271257642
10.0,-6.0,-2.3010144562308517
-10.0,-5.5,-6.863461788109436
-9.5,-5.5,-6.863462000207779
-9.0,-5.5,-6.863462349661584
-8.5,-5.5,-6.8634629251686174
-8.0,-5.5,-6.863463872266298
-7.5,-5.5,-6.8634654290012405
-7.0,-5.5,-6.863467982670203
-6.5,-5.5,-6.8634721577484035
-6.0,-5.5,-6.863478945577221
-5.5,-5.5,-6.863489876642709
-5.0,-5.5,-6.863507191694314
-4.5,-5.5,-6.8635338169121205
-4.0,-5.5,-6.863572488526747
-3.5,-5.5,-6.863622041232751
-3.0,-5.5,-6.863665122924901
-2.5,-5.5,-6.86363118288994
-2.0,-5.5,-6.863289942800702
-1.5,-5.5,-6.861952443317491
-1.0,-5.5,-6.857646069624061
-0.5,-5.5,-6.844875962301719
0.0,-5.5,-6.808727872854091
0.5,-5.5,-6.7104403784453455
1.0,-5.5,-6.459101978061328
1.5,-5.5,-5.8929119530817164
2.0,-5.5,-4.903690730539103
2.5,-5.5,-3.749487363348669
3.0,-5.5,-2.8961295502560964
3.5,-5.5,-2.456286097456672
4.0,-5.5,-2.275789272281715
4.5,-5.5,-2.21579403999505
5.0,-5.5,-2.2065391800871414
5.5,-5.5,-2.2179729337877494
6.0,-5.5,-2.2365765367705484
6.5,-5.5,-2.2555356006310405
7.0,-5.5,-2.271552406793617
7.5,-5.5,-2.283616372104726
8.0,-5.5,-2.292031386515211
8.5,-5.5,-2.2976084387592426
9.0,-5.5,-2.3011837089827742
9.5,-5.5,-2.3034277418622358
10.0,-5.5,-2.3048177190530375
-10.0,-5.0,-6.827803726507652
-9.5,-5.0,-6.8278040796148005
-9.0,-5.0,-6.8278046614037935
-8.5,-5.0,-6.827805619561661
-8.0,-5.0,-6.827807196442674
-7.5,-5.0,-6.827809788521299
-7.0,-5.0,-6.827814041046223
-6.5,-5.0,-6.827820994945089
-6.0,-5.0,-6.827832304147456
-5.5,-5.0,-6.8278505262522815
-5.0,-5.0,-6.8278794178926265
-4.5,-5.0,-6.827923921886995
-4.0,-5.0,-6.827988787300164
-3.5,-5.0,-6.82807260057086
-3.0,-5.0,-6.828147903999706
-2.5,-5.0,-6.828101133634846
-2.0,-5.0,-6.8275595440761645
-1.5,-5.0,-6.825405587123887
-1.0,-5.0,-6.818440179170574
-0.5,-5.0,-6.797785855785785
0.0,-5.0,-6.739645134182414
0.5,-5.0,-6.5843266801631755
1.0,-5.0,-6.205011174303885
1.5,-5.0,-5.434330125658702
2.0,-5.0,-4.3120964944663625
2.5,-5.0,-3.270259144151911
3.0,-5.0,-2.637848651700359
3.5,-5.0,-2.351481895829045
4.0,-5.0,-2.24594846165278
4.5,-5.0,-2.2190240342912984
5.0,-5.0,-2.224031930931586
5.5,-5.0,-2.2405236795123167
6.0,-5.0,-2.258960030600675
6.5,-5.0,-2.2749876829329994
7.0,-5.0,-2.28719891886566
7.5,-5.0,-2.2957619458945464
8.0,-5.0,-2.3014524442197994
8.5,-5.0,-2.3051057956490473
9.0,-5.0,-2.3074007409498423
9.5,-5.0,-2.3088229398242572
10.0,-5.0,-2.309696942703792
-10.0,-4.5,-6.77021501951638
-9.5,-4.5,-6.770215610597498
-9.0,-4.5,-6.770216584501493
-8.5,-4.5,-6.7702181885014605
-8.0,-4.5,-6.770220828439411
-7.5,-4.5,-6.770225168427454
-7.0,-4.5,-6.770232289787482
-6.5,-4.5,-6.770243938311207
-6.0,-4.5,-6.770262891726223
-5.5,-4.5,-6.770293456274703
-5.0,-4.5,-6.7703419883871705
-4.5,-4.5,-6.770416947249224
-4.0,-4.5,-6.7705267861151155
-3.5,-4.5,-6.7706705073415065
-3.0,-4.5,-6.770805866710307
-2.5,-4.5,-6.7707528759577835
-2.0,-4.5,-6.7699151909531645
-1.5,-4.5,-6.76649855064592
-1.0,-4.5,-6.755368120627405
-0.5,-4.5,-6.722361744150084
0.0,-4.5,-6.630272621923244
0.5,-4.5,-6.3910011009874195
1.0,-4.5,-5.845664140165121
1.5,-4.5,-4.882926302995912
2.0,-4.5,-3.749034789706324
2.5,-4.5,-2.905424968078968
3.0,-4.5,-2.4706533686558703
3.5,-4.5,-2.2947316116684404
4.0,-4.5,-2.2394409421651145
4.5,-4.5,-2.2339809344314436
5.0,-4.5,-2.247011699023555
5.5,-4.5,-2.264589088850577
6.0,-4.5,-2.280634805444197
6.5,-4.5,-2.2930889371154506
7.0,-4.5,-2.301896206921864
7.5,-4.5,-2.307773981977336
8.0,-4.5,-2.31155626376445
8.5,-4.5,-2.313935291538987
9.0,-4.5,-2.3154107105067876
9.5,-4.5,-2.3163178237186877
10.0,-4.5,-2.316872578442943
-10.0,-4.0,-6.678400833672815
-9.5,-4.0,-6.678401830809018
-9.0,-4.0,-6.67840347381314
-8.5,-4.0,-6.678406179962822
-8.0,-4.0,-6.678410634293237
-7.5,-4.0,-6.678417958246415
-7.0,-4.0,-6.678429979048339
-6.5,-4.0,-6.6784496502449375
-6.0,-4.0,-6.678481680917303
-5.5,-4.0,-6.678533398742734
-5.0,-4.0,-6.678615698988646
-4.5,-4.0,-6.678743320598824
-4.0,-4.0,-6.678931798023102
-3.5,-4.0,-6.679182910356872
-3.0,-4.0,-6.679434797664475
-2.5,-4.0,-6.679409391150114
-2.0,-4.0,-6.678170446224864
-1.5,-4.0,-6.672884056272704
-1.0,-4.0,-6.655442362667168
-0.5,-4.0,-6.6037000172617
0.0,-4.0,-6.461324966919298
0.5,-4.0,-6.1067813773671675
1.0,-4.0,-5.3747901486410985
1.5,-4.0,-4.292468403518819
2.0,-4.0,-3.27463280145972
2.5,-4.0,-2.6527682618151047
3.0,-4.0,-2.372661727114101
3.5,-4.0,-2.272648354089264
4.0,-4.0,-2.2502736302959763
4.5,-4.0,-2.2576552316359724
5.0,-4.0,-2.2738242447004966
5.5,-4.0,-2.28990024315861
6.0,-4.0,-2.3027550640086467
6.5,-4.0,-2.311965577988011
7.0,-4.0,-2.3181527464825793
7.5,-4.0,-2.3221481216793256
8.0,-4.0,-2.3246661575592156
8.5,-4.0,-2.3262295770374357
9.0,-4.0,-2.327191444693422
9.5,-4.0,-2.3277799223645794
10.0,-4.0,-2.3281387351911786
-10.0,-3.5,-6.534991733751546
-9.5,-3.5,-6.534993432722711
-9.0,-3.5,-6.534996232295031
-8.5,-3.5,-6.5350008437755385
-8.0,-3.5,-6.535008435312477
-7.5,-3.5,-6.535020920355783
-7.0,-3.5,-6.535041419669439
-6.5,-3.5,-6.535074986148915
-6.0,-3.5,-6.535129699498222
-5.5,-3.5,-6.535218198249359
-5.0,-3.5,-6.535359463957095
-4.5,-3.5,-6.535579746190259
-4.0,-3.5,-6.535908603665587
-3.5,-3.5,-6.5363574639075255
-3.0,-3.5,-6.53684372875753
-2.5,-3.5,-6.536955563514103
-2.0,-3.5,-6.535266654193132
-1.5,-3.5,-6.527414681886372
-1.0,-3.5,-6.50091916976701
-0.5,-3.5,-6.422203162032432
0.0,-3.5,-6.210096113984579
0.5,-3.5,-5.713845224450752
1.0,-3.5,-4.816563367001436
1.5,-3.5,-3.7355128692675748
2.0,-3.5,-2.917776354821614
2.5,-3.5,-2.4945249573173522
3.0,-3.5,-2.3261640986361813
3.5,-3.5,-2.2768352484976875
4.0,-3.5,-2.27505917240463
4.5,-3.5,-2.288927713333895
5.0,-3.5,-2.3050550131482317
5.5,-3.5,-2.318570990933276
6.0,-3.5,-2.3284477729712973
6.5,-3.5,-2.335146683358666
7.0,-3.5,-2.339494767484791
7.5,-3.5,-2.342242991231095
8.0,-3.5,-2.34395217460584
8.5,-3.5,-2.3450047532308047
9.0,-3.5,-2.345649105234278
9.5,-3.5,-2.346042124260004
10.0,-3.5,-2.3462813156531768
-10.0,-3.0,-6.318015275089479
-9.5,-3.0,-6.318018200926511
-9.0,-3.0,-6.3180230224498874
-8.5,-3.0,-6.318030965365537
-8.0,-3.0,-6.318044043534032
-7.5,-3.0,-6.3180655582575
-7.0,-3.0,-6.318100900833921
-6.5,-3.0,-6.318158819661123
-6.0,-3.0,-6.318253356864815
-5.5,-3.0,-6.318406626706093
-5.0,-3.0,-6.31865226915752
-4.5,-3.0,-6.319038078181344
-4.0,-3.0,-6.3196219956436455
-3.5,-3.0,-6.320442818227428
-3.0,-3.0,-6.321410194969758
-2.5,-3.0,-6.321955772886422
-2.0,-3.0,-6.320006747213479
-1.5,-3.0,-6.30910594227041
-1.0,-3.0,-6.270760140670896
-0.5,-3.0,-6.156332443910213
0.0,-3.0,-5.85713287210316
0.5,-3.0,-5.215139465259457
1.0,-3.0,-4.2302248710621235
1.5,-3.0,-3.2736707493661377
2.0,-3.0,-2.678267589777812
2.5,-3.0,-2.4110564255657083
3.0,-3.0,-2.31981062989685
3.5,-3.0,-2.3033652099156643
4.0,-3.0,-2.3135008085567366
4.5,-3.0,-2.329716506827963
5.0,-3.0,-2.3443236883703067
5.5,-3.0,-2.3553025011450472
6.0,-3.0,-2.3628493053437927
6.5,-3.0,-2.367782456225591
7.0,-3.0,-2.3709127913134442
7.5,-3.0,-2.372864053434567
8.0,-3.0,-2.3740673238338443
8.5,-3.0,-2.374804512078694
9.0,-3.0,-2.3752543713701737
9.5,-3.0,-2.3755282347336064
10.0,-3.0,-2.3756947138762405
-10.0,-2.5,-6.0050546934233795
-9.5,-2.5,-6.005059770446746
-9.0,-2.5,-6.005068137595333
-8.5,-2.5,-6.0050819233189126
-8.0,-2.5,-6.005104626657764
-7.5,-2.5,-6.005141988880535
-7.0,-2.5,-6.00520340051013
-6.5,-2.5,-6.005304139388245
-6.0,-2.5,-6.005468838404537
-5.5,-2.5,-6.005736598538957
-5.0,-2.5,-6.006167775249086
-4.5,-2.5,-6.006850695396142
-4.0,-2.5,-6.007900559085494
-3.5,-2.5,-6.009424483285062
-3.0,-2.5,-6.0113736330528695
-2.5,-2.5,-6.01305443764674
-2.0,-2.5,-6.011664765643304
-1.5,-2.5,-5.998176183227897
-1.0,-2.5,-5.946622466366495
-0.5,-2.5,-5.79089005438323
0.0,-2.5,-5.399686677536194
0.5,-2.5,-4.6488429954513215
1.0,-2.5,-3.6925893682252156
1.5,-2.5,-2.9384110498228933
2.0,-2.5,-2.5420642222416565
2.5,-2.5,-2.3884468549918947
3.0,-2.5,-2.3489965429161743
3.5,-2.5,-2.3531456065889604
4.0,-2.5,-2.3695177449615583
4.5,-2.5,-2.385925820781471
5.0,-2.5,-2.3987297128117846
5.5,-2.5,-2.4076846085639207
6.0,-2.5,-2.413591176019267
6.5,-2.5,-2.4173580091585634
7.0,-2.5,-2.419712809958747
7.5,-2.5,-2.421167394297618
8.0,-2.5,-2.4220594521991967
8.5,-2.5,-2.4226041488018746
9.0,-2.5,-2.422935867969057
9.5,-2.5,-2.423137561655135
10.0,-2.5,-2.4232600777871576
-10.0,-2.0,-5.5834243334763265
-9.5,-2.0,-5.583433132618341
-9.0,-2.0,-5.583447635194662
-8.5,-2.0,-5.583471532971592
-8.0,-2.0,-5.5835108985987745
-7.5,-2.0,-5.583575706004768
-7.0,-2.0,-5.583682295627633
-6.5,-2.0,-5.583857326113607
-6.0,-2.0,-5.584143982865615
-5.5,-2.0,-5.584611379914675
-5.0,-2.0,-5.585367790560831
-4.5,-2.0,-5.586576278446008
-4.0,-2.0,-5.58846361868239
-3.5,-2.0,-5.5912890397014
-3.0,-2.0,-5.595167265410812
-2.5,-2.0,-5.599435642221826
-2.0,-2.0,-5.6006968546980085
-1.5,-2.0,-5.587270752837573
-1.0,-2.0,-5.525154890402922
-0.5,-2.0,-5.331437056023033
0.0,-2.0,-4.867582578675022
0.5,-2.0,-4.087367465608591
1.0,-2.0,-3.2684954426743245
1.5,-2.0,-2.7346202002044446
2.0,-2.0,-2.4956322099273547
2.5,-2.0,-2.4214895827897926
3.0,-2.0,-2.4162441944323896
3.5,-2.0,-2.4329045372616704
4.0,-2.0,-2.452281404758087
4.5,-2.0,-2.468110339755087
5.0,-2.0,-2.4794094168856087
5.5,-2.0,-2.4869413068923674
6.0,-2.0,-2.4917729122239374
6.5,-2.0,-2.494803573342963
7.0,-2.0,-2.496679373607995
7.5,-2.0,-2.4978311175551537
8.0,-2.0,-2.498534881131297
8.5,-2.0,-2.4989636557401584
9.0,-2.0,-2.499224429211134
9.5,-2.0,-2.4993828574253496
10.0,-2.0,-2.4994790451534765
-10.0,-1.5,-5.064738566741906
-9.5,-1.5,-5.064753596100502
-9.0,-1.5,-5.064778369157876
-8.5,-1.5,-5.064819196263554
-8.0,-1.5,-5.0648864632178725
-7.5,-1.5,-5.064997243812526
-7.0,-1.5,-5.065179553393879
-6.5,-1.5,-5.06547921552008
-6.0,-1.5,-5.065970785203394
-5.5,-1.5,-5.066774475098866
-5.0,-1.5,-5.068081111437521
-4.5,-1.5,-5.070185232146823
-4.0,-1.5,-5.073517671585002
-3.5,-1.5,-5.078639096846058
-3.0,-1.5,-5.08606434299528
-2.5,-1.5,-5.095521742991118
-2.0,-1.5,-5.103522755577579
-1.5,-1.5,-5.096346490933032
-1.0,-1.5,-5.03285488586956
-0.5,-1.5,-4.817952401756388
0.0,-1.5,-4.3278707955489155
0.5,-1.5,-3.6140084943798505
1.0,-1.5,-2.9940884433094563
1.5,-1.5,-2.6565634344359474
2.0,-1.5,-2.5339152840447756
2.5,-1.5,-2.5145296942518343
3.0,-1.5,-2.531751431220517
3.5,-1.5,-2.5560017286152807
4.0,-1.5,-2.576837682369068
4.5,-1.5,-2.592043560993153
5.0,-1.5,-2.6022967335006633
5.5,-1.5,-2.6089163604592662
6.0,-1.5,-2.6130840597538554
6.5,-1.5,-2.615669304545007
7.0,-1.5,-2.6172587380967203
7.5,-1.5,-2.618230716791199
8.0,-1.5,-2.6188231866861287
8.5,-1.5,-2.6191836208554955
9.0,-1.5,-2.619402634383569
9.5,-1.5,-2.619535619808115
10.0,-1.5,-2.6196163336622322
-10.0,-1.0,-4.493513810620988
-9.5,-1.0,-4.49353880703598
-9.0,-1.0,-4.493580011592713
-8.5,-1.0,-4.493647925858721
-8.0,-1.0,-4.493759841652411
-7.5,-1.0,-4.493944207624768
-7.0,-1.0,-4.4942477625103425
-6.5,-1.0,-4.494747116236515
-6.0,-1.0,-4.4955673549458774
-5.5,-1.0,-4.496911383136624
-5.0,-1.0,-4.499104665265331
-4.5,-1.0,-4.5026590509121265
-4.0,-1.0,-4.508350732225911
-3.5,-1.0,-4.517273642588567
-3.0,-1.0,-4.53071970328777
-2.5,-1.0,-4.549407421287821
-2.0,-1.0,-4.570660698484034
-1.5,-1.0,-4.5799704273986634
-1.0,-1.0,-4.531041580522555
-0.5,-1.0,-4.323374715103997
0.0,-1.0,-3.8669406996196583
0.5,-1.0,-3.294057571251655
1.0,-1.0,-2.882114596740551
1.5,-1.0,-2.7015273362073677
2.0,-1.0,-2.6625786336760555
2.5,-1.0,-2.680969342974593
3.0,-1.0,-2.7131267998954796
3.5,-1.0,-2.742185683405888
4.0,-1.0,-2.763875098097123
4.5,-1.0,-2.778676340818638
5.0,-1.0,-2.78829780150939
5.5,-1.0,-2.7943798246640514
6.0,-1.0,-2.7981615803911692
6.5,-1.0,-2.800489988224085
7.0,-1.0,-2.8019151046497224
7.5,-1.0,-2.8027842407034194
8.0,-1.0,-2.803313155093573
8.5,-1.0,-2.803634605472829
9.0,-1.0,-2.8038298135125044
9.5,-1.0,-2.8039483009896435
10.0,-1.0,-2.804020199597808
-10.0,-0.5,-3.9362600188396057
-9.5,-0.5,-3.9363003634308256
-9.0,-0.5,-3.936366871354445
-8.5,-0.5,-3.936476499747339
-8.0,-0.5,-3.936657179434816
-7.5,-0.5,-3.936954887776455
-7.0,-0.5,-3.9374452306526906
-6.5,-0.5,-3.938252322425709
-6.0,-0.5,-3.9395793265233596
-5.5,-0.5,-3.9417572059326726
-5.0,-0.5,-3.945320715960849
-4.5,-0.5,-3.9511216610186195
-4.0,-0.5,-3.960482402999866
-3.5,-0.5,-3.9753565709052205
-3.0,-0.5,-3.998335099562635
-2.5,-0.5,-4.031929144956903
-2.0,-0.5,-4.075398692203104
-1.5,-0.5,-4.114733949738964
-1.0,-0.5,-4.099956172882475
-0.5,-0.5,-3.9308036498159318
0.0,-0.5,-3.560249339053273
0.5,-0.5,-3.1631862066468353
1.0,-0.5,-2.936043213939927
1.5,-0.5,-2.8746325018844345
2.0,-0.5,-2.8956100759718493
2.5,-0.5,-2.940255539433247
3.0,-0.5,-2.9825212418971625
3.5,-0.5,-3.014786265209625
4.0,-0.5,-3.037084221773482
4.5,-0.5,-3.051686977125296
5.0,-0.5,-3.060959010889202
5.5,-0.5,-3.066739792421332
6.0,-0.5,-3.0703047768613327
6.5,-0.5,-3.0724888958637067
7.0,-0.5,-3.0738217197049824
7.5,-0.5,-3.0746331055450686
8.0,-0.5,-3.075126337518779
8.5,-0.5,-3.0754259036683513
9.0,-0.5,-3.075607749151815
9.5,-0.5,-3.0757180990139728
10.0,-0.5,-3.0757850498289647
-10.0,0.0,-3.4533657307794643
-9.5,0.0,-3.4534294055546613
-9.0,0.0,-3.453534376255737
-8.5,0.0,-3.4537074130846888
-8.0,0.0,-3.453992619391743
-7.5,0.0,-3.454462618874958
-7.0,0.0,-3.4552369017342084
-6.5,0.0,-3.4565118042612313
-6.0,0.0,-3.4586092054978557
-5.5,0.0,-3.462054815173984
-5.0,0.0,-3.467701764076648
-4.5,0.0,-3.4769192425439504
-4.0,0.0,-3.4918614515559234
-3.5,0.0,-3.5157927937522797
-3.0,0.0,-3.55328762141855
-2.5,0.0,-3.609597767854476
-2.0,0.0,-3.686943702116427
-1.5,0.0,-3.772139279453185
-1.0,0.0,-3.8105546365768705
-0.5,0.0,-3.70523113511481
0.0,0.0,-3.453267566394109
0.5,0.0,-3.233390182313723
1.0,0.0,-3.1572371654906757
1.5,0.0,-3.1841044312759537
2.0,0.0,-3.247446483528034
2.5,0.0,-3.309916440522958
3.0,0.0,-3.3587241984122636
3.5,0.0,-3.39292739024331
4.0,0.0,-3.415517474924509
4.5,0.0,-3.429935496272936
5.0,0.0,-3.43895303437944
5.5,0.0,-3.4445248115668234
6.0,0.0,-3.447942401605153
6.5,0.0,-3.4500294128168676
7.0,0.0,-3.451300474646909
7.5,0.0,-3.4520733404710784
8.0,0.0,-3.4525428177350057
8.5,0.0,-3.452827831722558
9.0,0.0,-3.453000797755179
9.5,0.0,-3.453105742401487
10.0,0.0,-3.453169407589381
-10.0,0.5,-3.0760418491163897
-9.5,0.5,-3.076141460927005
-9.0,0.5,-3.0763056773849
-8.5,0.5,-3.076576381996072
-8.0,0.5,-3.0770225827384716
-7.5,0.5,-3.0777579287361925
-7.0,0.5,-3.078969453414707
-6.5,0.5,-3.0809645907150305
-6.0,0.5,-3.084247672937082
-5.5,0.5,-3.0896432662027733
-5.0,0.5,-3.098491853984706
-4.5,0.5,-3.112951270927608
-4.0,0.5,-3.1364344940588964
-3.5,0.5,-3.1741639530014876
-3.0,0.5,-3.2336046234765545
-2.5,0.5,-3.3237910512857822
-2.0,0.5,-3.450383641014581
-1.5,0.5,-3.599094394335041
-1.0,0.5,-3.705972888923814
-0.5,0.5,-3.6801741406827215
0.0,0.5,-3.5602493390532732
0.5,0.5,-3.4992386398117548
1.0,0.5,-3.5391667910873412
1.5,0.5,-3.628071622635342
2.0,0.5,-3.7188443859603177
2.5,0.5,-3.7915630916400938
3.0,0.5,-3.8433459049990346
3.5,0.5,-3.8778912786096496
4.0,0.5,-3.900076828402577
4.5,0.5,-3.914005394056198
5.0,0.5,-3.922631670313506
5.5,0.5,-3.9279303296644605
6.0,0.5,-3.931168844192783
6.5,0.5,-3.9331422465651356
7.0,0.5,-3.9343425511413916
7.5,0.5,-3.935071817064117
8.0,0.5,-3.935514597576196
8.5,0.5,-3.9357833262878046
9.0,0.5,-3.9359463806013215
9.5,0.5,-3.9360453008974425
10.0,0.5,-3.936105307499528
-10.0,1.0,-2.8043720746837786
-9.5,1.0,-2.8045283988617506
-9.0,1.0,-2.8047861080072796
-8.5,1.0,-2.8052109282754722
-8.0,1.0,-2.8059111474013276
-7.5,1.0,-2.807065093957182
-7.0,1.0,-2.8089662169154543
-6.5,1.0,-2.8120967934091916
-6.0,1.0,-2.817247772170716
-5.5,1.0,-2.8257117681969
-5.0,1.0,-2.839588651271006
-4.5,1.0,-2.862254586542763
-4.0,1.0,-2.89903851359465
-3.5,1.0,-2.958064746877107
-3.0,1.0,-3.0508647314491397
-2.5,1.0,-3.1911725550256045
-2.0,1.0,-3.387055170022985
-1.5,1.0,-3.616988028664871
-1.0,1.0,-3.7997878909470595
-0.5,1.0,-3.8585263645344816
0.0,1.0,-3.8669406996196583
0.5,1.0,-3.9334634702134337
1.0,1.0,-4.053009873213932
1.5,1.0,-4.178337041971357
2.0,1.0,-4.281576270403734
2.5,1.0,-4.3564935460807535
3.0,1.0,-4.40707437228296
3.5,1.0,-4.439800741584603
4.0,1.0,-4.460441373444773
4.5,1.0,-4.473260463782554
5.0,1.0,-4.481148015800659
5.5,1.0,-4.485973866658302
6.0,1.0,-4.488916379018164
6.5,1.0,-4.490706823574643
7.0,1.0,-4.491794892885737
7.5,1.0,-4.492455617619082
8.0,1.0,-4.4928566536587615
8.5,1.0,-4.493099999670326
9.0,1.0,-4.493247635259468
9.5,1.0,-4.493337195037202
10.0,1.0,-4.4933915210372675
-10.0,1.5,-2.620122675178653
-9.5,1.5,-2.6203703542664667
-9.0,1.5,-2.6207786571556544
-8.5,1.5,-2.6214516964707633
-8.0,1.5,-2.6225609746204066
-7.5,1.5,-2.6243888426632767
-7.0,1.5,-2.6273997077195546
-6.5,1.5,-2.6323562258597186
-6.0,1.5,-2.6405075829494367
-5.5,1.5,-2.653890957484801
-5.0,1.5,-2.6758041039105485
-4.5,1.5,-2.711517657681456
-4.0,1.5,-2.769265998226635
-3.5,1.5,-2.861374452075254
-3.0,1.5,-3.0047158014375195
-2.5,1.5,-3.217652170104019
-2.0,1.5,-3.5058308819230155
-1.5,1.5,-3.8276670860799085
-1.0,1.5,-4.078800148669241
-0.5,1.5,-4.213775828679433
0.0,1.5,-4.3278707955489155
0.5,1.5,-4.478755644065195
1.0,1.5,-4.638766020941751
1.5,1.5,-4.774778234135545
2.0,1.5,-4.87573473295103
2.5,1.5,-4.9448853312604095
3.0,1.5,-4.990027506807731
3.5,1.5,-5.018654984628468
4.0,1.5,-5.036493840910694
4.5,1.5,-5.047492369070081
5.0,1.5,-5.054229930084031
5.5,1.5,-5.058341171157398
6.0,1.5,-5.060843897211804
6.5,1.5,-5.0623652468116775
7.0,1.5,-5.063289233786156
7.5,1.5,-5.063850117544164
8.0,1.5,-5.064190479092786
8.5,1.5,-5.0643969807657445
9.0,1.5,-5.064522253160407
9.5,1.5,-5.064598243097002
10.0,1.5,-5.064644336409579
-10.0,2.0,-2.5002390304371356
-9.5,2.0,-2.5006357023972745
-9.0,2.0,-2.501289589487466
-8.5,2.0,-2.5023673560787607
-8.0,2.0,-2.504143447632876
-7.5,2.0,-2.507069430805409
-7.0,2.0,-2.511887320976652
-6.5,2.0,-2.519813727472134
-6.0,2.0,-2.5328361365927177
-5.5,2.0,-2.5541815817651576
-5.0,2.0,-2.5890358334778636
-4.5,2.0,-2.645585146272815
-4.0,2.0,-2.7363483369232244
-3.5,2.0,-2.8793488134589564
-3.0,2.0,-3.0973663647416028
-2.5,2.0,-3.410051670379746
-2.0,2.0,-3.8080505496726156
-1.5,2.0,-4.210952792025252
-1.0,2.0,-4.501335594633193
-0.5,2.0,-4.688656707730011
0.0,2.0,-4.867582578675021
0.5,2.0,-5.053622754197005
1.0,2.0,-5.217385370311668
1.5,2.0,-5.342413320167907
2.0,2.0,-5.429609359581462
2.5,2.0,-5.487163747010457
3.0,2.0,-5.523908001712513
3.5,2.0,-5.546897891941551
4.0,2.0,-5.561107203910597
4.5,2.0,-5.569824641708605
5.0,2.0,-5.575148809511429
5.5,2.0,-5.5783916843438055
6.0,2.0,-5.580363608794837
6.5,2.0,-5.581561492493859
7.0,2.0,-5.582288727495528
7.5,2.0,-5.582730068833853
8.0,2.0,-5.582997848271571
8.5,2.0,-5.583160298706394
9.0,2.0,-5.583258842384254
9.5,2.0,-5.583318616748267
10.0,2.0,-5.58335487342582
-10.0,2.5,-2.424437786777911
-9.5,2.5,-2.425078937353964
-9.0,2.5,-2.4261357366298375
-8.5,2.5,-2.4278773450531883
-8.0,2.5,-2.430746709743285
-7.5,2.5,-2.4354718915946845
-7.0,2.5,-2.443247196408057
-6.5,2.5,-2.45602527602412
-6.0,2.5,-2.4769811130647934
-5.5,2.5,-2.5112297986002035
-5.0,2.5,-2.5668844712531493
-4.5,2.5,-2.6564713435374845
-4.0,2.5,-2.7984155179609616
-3.5,2.5,-3.01737199523067
-3.0,2.5,-3.3397187690181687
-2.5,2.5,-3.775517405078276
-2.0,2.5,-4.27716001753204
-1.5,2.5,-4.714436311915139
-1.0,2.5,-4.998677611835501
-0.5,2.5,-5.20347669472892
0.0,2.5,-5.399686677536196
0.5,2.5,-5.578674351227178
1.0,2.5,-5.720546650462471
1.5,2.5,-5.821938449735345
2.0,2.5,-5.8898591778938405
2.5,2.5,-5.933606476548813
3.0,2.5,-5.961123304212476
3.5,2.5,-5.978184816502362
4.0,2.5,-5.988672209423695
4.5,2.5,-5.995084816504489
5.0,2.5,-5.99899338964179
5.5,2.5,-6.001371123123157
6.0,2.5,-6.002815895997592
6.5,2.5,-6.003693154546845
7.0,2.5,-6.004225592030182
7.5,2.5,-6.004548661717244
8.0,2.5,-6.004744661237374
8.5,2.5,-6.004863558561819
9.0,2.5,-6.00493567991214
9.5,2.5,-6.004979426105505
10.0,2.5,-6.00500596038978
-10.0,3.0,-2.37756083879878
-9.5,3.0,-2.3786041802289697
-9.0,3.0,-2.3803236449850935
-8.5,3.0,-2.383156622280242
-8.0,3.0,-2.3878221421423147
-7.5,3.0,-2.3954999836499917
-7.0,3.0,-2.408119844248317
-6.5,3.0,-2.4288216152916835
-6.0,3.0,-2.4626702278338604
-5.5,3.0,-2.517717983616705
-5.0,3.0,-2.60645446544484
-4.5,3.0,-2.7474361892113466
-4.0,3.0,-2.9661335980283536
-3.5,3.0,-3.2921523286842946
-3.0,3.0,-3.746149713042805
-2.5,3.0,-4.30576490540488
-2.0,3.0,-4.859418895139566
-1.5,3.0,-5.25494181000433
-1.0,3.0,-5.49177707604386
-0.5,3.0,-5.680844166132578
0.0,3.0,-5.857132872103162
0.5,3.0,-6.00449758535632
1.0,3.0,-6.1137434106206605
1.5,3.0,-6.188546340271365
2.0,3.0,-6.2373504157013615
2.5,3.0,-6.268282103119
3.0,3.0,-6.2875479338977005
3.5,3.0,-6.299422431914024
4.0,3.0,-6.30669505568743
4.5,3.0,-6.311132190250466
5.0,3.0,-6.313833076484432
5.5,3.0,-6.315474797531089
6.0,3.0,-6.316471859881816
6.5,3.0,-6.317077090464715
7.0,3.0,-6.317444358673647
7.5,3.0,-6.317667183351061
8.0,3.0,-6.317802357358043
8.5,3.0,-6.3178843533709514
9.0,3.0,-6.31793408971658
9.5,3.0,-6.317964257530699
10.0,3.0,-6.317982555674747
-10.0,3.5,-2.3492820276213715
-9.5,3.5,-2.3509875863930305
-9.0,3.5,-2.35379770264259
-8.5,3.5,-2.358425710902214
-8.0,3.5,-2.3660421968234977
-7.5,3.5,-2.3785622399265254
-7.0,3.5,-2.3991031168307693
-6.5,3.5,-2.432696602470672
-6.0,3.5,-2.487351966650577
-5.5,3.5,-2.575521341506159
-5.0,3.5,-2.71579911348629
-4.5,3.5,-2.9340267991675693
-4.0,3.5,-3.2614090786434637
-3.5,3.5,-3.7242813357379574
-3.0,3.5,-4.316599124522192
-2.5,3.5,-4.952637485023772
-2.0,3.5,-5.460135068133375
-1.5,3.5,-5.746696759876475
-1.0,3.5,-5.918225196894926
-0.5,3.5,-6.07155945548939
0.0,3.5,-6.210096113984579
0.5,3.5,-6.319189833553099
1.0,3.5,-6.396609273681135
1.5,3.5,-6.448168211739956
2.0,3.5,-6.481236860542018
2.5,3.5,-6.5019780869565365
3.0,3.5,-6.514815100902519
3.5,3.5,-6.522696776430407
4.0,3.5,-6.527512692871687
4.5,3.5,-6.530446788355103
5.0,3.5,-6.532231237227409
5.5,3.5,-6.533315339894718
6.0,3.5,-6.533973536758906
6.5,3.5,-6.534372994572189
7.0,3.5,-6.534615366760353
7.5,3.5,-6.534762405589902
8.0,3.5,-6.5348516011670545
8.5,3.5,-6.534905705441157
9.0,3.5,-6.534938522969003
9.5,3.5,-6.534958428404298
10.0,3.5,-6.5349705018812685
-10.0,4.0,-2.333009070320825
-9.5,4.0,-2.3358050207292873
-9.0,4.0,-2.340409775074085
-8.5,4.0,-2.347988198684267
-8.0,4.0,-2.3604462435843776
-7.5,4.0,-2.380886972137672
-7.0,4.0,-2.414321032593921
-6.5,4.0,-2.4687293249538227
-6.0,4.0,-2.556535644322249
-5.5,4.0,-2.6963418616812813
-5.0,4.0,-2.91416811125253
-4.5,4.0,-3.2420472559185836
-4.0,4.0,-3.7094052726585716
-3.5,4.0,-4.320108062239749
-3.0,4.0,-5.0106680601509215
-2.5,4.0,-5.61799673692694
-2.0,4.0,-5.978028205946414
-1.5,4.0,-6.1371038916182545
-1.0,4.0,-6.249087382948849
-0.5,4.0,-6.361996855313965
0.0,4.0,-6.461324966919296
0.5,4.0,-6.536480097257204
1.0,4.0,-6.588332901884542
1.5,4.0,-6.622257711359837
2.0,4.0,-6.643780761595679
2.5,4.0,-6.657191297484306
3.0,4.0,-6.665457954038793
3.5,4.0,-6.6705211563039875
4.0,4.0,-6.67361033640656
4.5,4.0,-6.675490730480082
5.0,4.0,-6.676633720417642
5.5,4.0,-6.677327889665227
6.0,4.0,-6.677749259873088
6.5,4.0,-6.678004957211093
7.0,4.0,-6.678160090888453
7.5,4.0,-6.678254200925003
8.0,4.0,-6.678311287693457
8.5,4.0,-6.67834591482985
9.0,4.0,-6.678366918081557
9.5,4.0,-6.678379657503686
10.0,4.0,-6.678387384466374
-10.0,4.5,-2.3248227536454857
-9.5,4.5,-2.3294132157488705
-9.0,4.5,-2.3369682358685218
-8.5,4.5,-2.349388132557876
-8.0,4.5,-2.3697671618461293
-7.5,4.5,-2.403102781553918
-7.0,4.5,-2.4573578467262314
-6.5,4.5,-2.5449368938702746
-6.0,4.5,-2.6844406199459954
-5.5,4.5,-2.9019802020286556
-5.0,4.5,-3.2300365790358656
-4.5,4.5,-3.6997619692871537
-4.0,4.5,-4.32093481347979
-3.5,4.5,-5.046219219217699
-3.0,4.5,-5.733603867780127
-2.5,4.5,-6.18526538814787
-2.0,4.5,-6.356138635805609
-1.5,4.5,-6.416972269553204
-1.0,4.5,-6.485640643850573
-0.5,4.5,-6.563292420638176
0.0,4.5,-6.630272621923244
0.5,4.5,-6.67965249386124
1.0,4.5,-6.713118259209532
1.5,4.5,-6.7347701466986765
2.0,4.5,-6.748413475383233
2.5,4.5,-6.75687920924033
3.0,4.5,-6.762084659797059
3.5,4.5,-6.76526807274624
4.0,4.5,-6.767208558144613
4.5,4.5,-6.76838907763486
5.0,4.5,-6.76910640834596
5.5,4.5,-6.769541973448181
6.0,4.5,-6.769806334437023
6.5,4.5,-6.769966742759441
7.0,4.5,-6.7700640593427766
7.5,4.5,-6.770123093670672
8.0,4.5,-6.770158903051416
8.5,4.5,-6.770180623734723
9.0,4.5,-6.7701937984350815
9.5,4.5,-6.770201789456647
10.0,4.5,-6.77020663631578
-10.0,5.0,-2.3227177567719495
-9.5,5.0,-2.3302584639004746
-9.0,5.0,-2.3426550202523404
-8.5,5.0,-2.3629962720885316
-8.0,5.0,-2.3962715377847252
-7.5,5.0,-2.4504324187459035
-7.0,5.0,-2.537871007995937
-6.5,5.0,-2.6771851852980184
-6.0,5.0,-2.8945349425728377
-5.5,5.0,-3.2226525730143094
-5.0,5.0,-3.6936785583111083
-4.5,5.0,-4.320914398398626
-4.0,5.0,-5.067848677181135
-3.5,5.0,-5.814129159517048
-3.0,5.0,-6.361185123498907
-2.5,5.0,-6.5803153392965585
-2.0,5.0,-6.597536969531889
-1.5,5.0,-6.604327003052253
-1.0,5.0,-6.645243252516888
-0.5,5.0,-6.696242248524094
0.0,5.0,-6.739645134182417
0.5,5.0,-6.771119224172145
1.0,5.0,-6.7922128708233105
1.5,5.0,-6.8057657953664
2.0,5.0,-6.814269783922403
2.5,5.0,-6.819533044394553
3.0,5.0,-6.822764327991009
3.5,5.0,-6.824738576142414
4.0,5.0,-6.825941316547582
4.5,5.0,-6.826672766829789
5.0,5.0,-6.827117132199779
5.5,5.0,-6.827386917794267
6.0,5.0,-6.827550648310513
6.5,5.0,-6.8276499916818265
7.0,5.0,-6.827710259651179
7.5,5.0,-6.827746818867185
8.0,5.0,-6.827768994934953
8.5,5.0,-6.82778244605567
9.0,5.0,-6.8277906048140204
9.5,5.0,-6.82779555343985
10.0,5.0,-6.8277985549657805
-10.0,5.5,-2.3261792352866375
-9.5,5.5,-2.3385615601422503
-9.0,5.5,-2.358879767497326
-8.5,5.5,-2.392118187628305
-8.0,5.5,-2.4462214825206057
-7.5,5.5,-2.5335739172100324
-7.0,5.5,-2.672770887684972
-6.5,5.5,-2.8899996278819184
-6.0,5.5,-3.218137272050991
-5.5,5.5,-3.6899011486153896
-5.0,5.5,-4.3206998427024645
-4.5,5.5,-5.080974227898075
-4.0,5.5,-5.867862719080188
-3.5,5.5,-6.499847820497966
-3.0,5.5,-6.799945946583968
-2.5,5.5,-6.8034213975745494
-2.0,5.5,-6.7385213222112625
-1.5,5.5,-6.724599151822083
-1.0,5.5,-6.748799566189557
-0.5,5.5,-6.7813052538352165
0.0,5.5,-6.808727872854096
0.5,5.5,-6.828409627959598
1.0,5.5,-6.841509337474022
1.5,5.5,-6.849890163609805
2.0,5.5,-6.855135200356849
2.5,5.5,-6.858376341208789
3.0,5.5,-6.8603642884626534
3.5,5.5,-6.861578183907305
4.0,5.5,-6.862317448380882
4.5,5.5,-6.86276693923537
5.0,5.5,-6.863039975634498
5.5,5.5,-6.8632057301313125
6.0,5.5,-6.863306320340256
6.5,5.5,-6.863367351630367
7.0,5.5,-6.863404376426905
7.5,5.5,-6.863426835841195
8.0,5.5,-6.863440459172575
8.5,5.5,-6.863448722511581
9.0,5.5,-6.863453734616467
9.5,5.5,-6.863456774661932
10.0,5.5,-6.86345861856118
-10.0,6.0,-2.336075201472243
-9.5,6.0,-2.356379383180107
-9.0,6.0,-2.3895953671722645
-8.5,6.0,-2.443663564590945
-8.0,6.0,-2.5309633892965566
-7.5,6.0,-2.6700884455347307
-7.0,6.0,-2.8872416180623883
-6.5,6.0,-3.2153850684966265
-6.0,6.0,-3.687577485371658
-5.5,6.0,-4.320492977152508
-5.0,6.0,-5.088933119438445
-4.5,6.0,-5.902571649634921
-4.0,6.0,-6.601431711784266
-3.5,6.0,-6.997712517207992
-3.0,6.0,-7.032871207899797
-2.5,6.0,-6.904382338035537
-2.0,6.0,-6.817341497340125
-1.5,6.0,-6.799954784667834
-1.0,6.0,-6.814305533028549
-0.5,6.0,-6.834634098491643
0.0,6.0,-6.851688734652383
0.5,6.0,-6.863851407685671
1.0,6.0,-6.871912327686017
1.5,6.0,-6.877055997462724
2.0,6.0,-6.880269990536989
2.5,6.0,-6.88225415192492
3.0,6.0,-6.883470426110036
3.5,6.0,-6.884212855378042
4.0,6.0,-6.8846648997454265
4.5,6.0,-6.884939718256155
5.0,6.0,-6.88510663951771
5.5,6.0,-6.885207968996243
6.0,6.0,-6.885269460298834
6.5,6.0,-6.8853067683830895
7.0,6.0,-6.88532940119319
7.5,6.0,-6.88534313027318
8.0,6.0,-6.885351457964866
8.5,6.0,-6.885356509179949
9.0,6.0,-6.885359572975763
9.5,6.0,-6.885361431290925
10.0,6.0,-6.8853625584267375
-10.0,6.5,-2.3548614974506403
-9.5,6.5,-2.388063840743826
-9.0,6.5,-2.442110687936984
-8.5,6.5,-2.529378472512058
-8.0,6.5,-2.66845960700028
-7.5,6.5,-2.8855661475196075
-7.0,6.5,-3.213710783814003
-6.5,6.5,-3.6861560693265876
-6.0,6.5,-4.320338742194248
-5.5,6.5,-5.093758520387416
-5.0,6.5,-5.924488701908609
-4.5,6.5,-6.671492908928681
-4.0,6.5,-7.1595189863402835
-3.5,6.5,-7.269159686846274
-3.0,6.5,-7.109743598761338
-2.5,6.5,-6.938603141406945
-2.0,6.5,-6.861019878935864
-1.5,6.5,-6.846523228818024
-1.0,6.5,-6.855080494396201
-0.5,6.5,-6.867643957659102
0.0,6.5,-6.878147625918935
0.5,6.5,-6.885609174372277
1.0,6.5,-6.890541579042361
1.5,6.5,-6.89368392232241
2.0,6.5,-6.895645497347879
2.5,6.5,-6.896855768508599
3.0,6.5,-6.897597391836843
3.5,6.5,-6.898049991147877
4.0,6.5,-6.89832553040504
4.5,6.5,-6.898493030182738
5.0,6.5,-6.898594762561405
5.5,6.5,-6.898656517371428
6.0,6.5,-6.898693992321229
6.5,6.5,-6.8987167289304425
7.0,6.5,-6.898730521920617
7.5,6.5,-6.898738888726325
8.0,6.5,-6.898743963794221
8.5,6.5,-6.898747042104936
9.0,6.5,-6.898748909241283
9.5,6.5,-6.898750041733836
10.0,6.5,-6.898750728631583
-10.0,7.0,-2.3871344227227236
-9.5,7.0,-2.4411682973271844
-9.0,7.0,-2.528416600524628
-8.5,7.0,-2.6674709834137227
-8.0,7.0,-2.884548946511783
-7.5,7.0,-3.212693441400689
-7.0,7.0,-3.6852894910910923
-6.5,7.0,-4.3202344906777705
-6.0,7.0,-5.09668430836098
-5.5,7.0,-5.938121937423283
-5.0,7.0,-6.717708798005165
-4.5,7.0,-7.280859438101819
-4.0,7.0,-7.488177849803172
-3.5,7.0,-7.348777249866861
-3.0,7.0,-7.101067074589966
-2.5,7.0,-6.9439043085224075
-2.0,7.0,-6.885497079245699
-1.5,7.0,-6.875078216221225
-1.0,7.0,-6.880207916394507
-0.5,7.0,-6.887915845003883
0.0,7.0,-6.894346303296271
0.5,7.0,-6.898903442468151
1.0,7.0,-6.9019111527582035
1.5,7.0,-6.903825447219792
2.0,7.0,-6.905019721709332
2.5,7.0,-6.905756314116793
3.0,7.0,-6.906207581975166
3.5,7.0,-6.906482946697301
4.0,7.0,-6.906650573557657
4.5,7.0,-6.906752468725033
5.0,7.0,-6.9068143538051405
5.5,7.0,-6.906851919369047
6.0,7.0,-6.906874715206524
6.5,7.0,-6.906888545690616
7.0,7.0,-6.90689693581517
7.5,7.0,-6.90690202523916
8.0,7.0,-6.906905112335464
8.5,7.0,-6.906906984829298
9.0,7.0,-6.906908120581911
9.5,7.0,-6.9069088094608775
10.0,7.0,-6.9069092272908374
-10.0,7.5,-2.4405965158916323
-9.5,7.5,-2.527832985351836
-9.0,7.5,-2.6668711014713
-8.5,7.5,-2.8839316234162173
-8.0,7.5,-3.212075715613029
-7.5,7.5,-3.684762245849911
-7.0,7.5,-4.3201672941271605
-6.5,7.5,-5.09845847270674
-6.0,7.5,-5.946521157208825
-5.5,7.5,-6.7472772417011155
-5.0,7.5,-7.365774893763196
-4.5,7.5,-7.670512710732218
-4.0,7.5,-7.600665384428883
-3.5,7.5,-7.310264929760836
-3.0,7.5,-7.061257155155418
-2.5,7.5,-6.939682918862067
-2.0,7.5,-6.899469603006943
-1.5,7.5,-6.892509529289124
-1.0,7.5,-6.895597036743791
-0.5,7.5,-6.900304861992763
0.0,7.5,-6.904227303293131
0.5,7.5,-6.9070030174801795
1.0,7.5,-6.908833228556656
1.5,7.5,-6.909997400915014
2.0,7.5,-6.910723435314399
2.5,7.5,-6.911171134495245
3.0,7.5,-6.911445378182709
3.5,7.5,-6.911612709083967
4.0,7.5,-6.911714566026038
4.5,7.5,-6.9117764799015955
5.0,7.5,-6.911814082054435
5.5,7.5,-6.91183690711966
6.0,7.5,-6.911850757919525
6.5,7.5,-6.911859161318394
7.0,7.5,-6.911864259143951
7.5,7.5,-6.911867351464928
8.0,7.5,-6.911869227175095
8.5,7.5,-6.91187036489595
9.0,7.5,-6.911871054975133
9.5,7.5,-6.911871473535421
10.0,7.5,-6.911871727407321
-10.0,8.0,-2.5274789274543608
-9.5,8.0,-2.666507162155933
-9.0,8.0,-2.883557065742376
-8.5,8.0,-3.211700797036076
-8.0,8.0,-3.684441851732904
-7.5,8.0,-4.3201250726688105
-7.0,8.0,-5.099534391057477
-6.5,8.0,-5.951664675073161
-6.0,8.0,-6.765819568975579
-5.5,8.0,-7.422298244990135
-5.0,8.0,-7.808723367831334
-4.5,8.0,-7.837207155024834
-4.0,8.0,-7.558416974349765
-3.5,8.0,-7.224337918909394
-3.0,8.0,-7.019278407160804
-2.5,8.0,-6.9338973788064635
-2.0,8.0,-6.907590022652135
-1.5,8.0,-6.90312275943286
-1.0,8.0,-6.904986310645049
-0.5,8.0,-6.907853888961915
0.0,8.0,-6.910241176492918
0.5,8.0,-6.911929045094734
1.0,8.0,-6.913041318469618
1.5,8.0,-6.913748566548742
2.0,8.0,-6.914189544897703
2.5,8.0,-6.914461432438452
3.0,8.0,-6.9146279672948
3.5,8.0,-6.914729574330105
4.0,8.0,-6.914791422324289
4.5,8.0,-6.914829016045292
5.0,8.0,-6.914851847594992
5.5,8.0,-6.914865706594884
6.0,8.0,-6.9148741165370815
6.5,8.0,-6.914879218908857
7.0,8.0,-6.9148823141997005
7.5,8.0,-6.914884191789335
8.0,8.0,-6.9148853306789
8.5,8.0,-6.914886021477516
9.0,8.0,-6.914886440478054
9.5,8.0,-6.914886694618411
10.0,8.0,-6.914886848763681
-10.0,8.5,-2.6662863877580008
-9.5,8.5,-2.8833298363543682
-9.0,8.5,-3.211473305818095
-8.5,8.5,-3.684247300612568
-8.0,8.5,-4.320098923861337
-7.5,8.5,-5.100186904082746
-7.0,8.5,-5.95480273163153
-6.5,8.5,-6.777300125914076
-6.0,8.5,-7.458663608606695
-5.5,8.5,-7.906096078175845
-5.0,8.5,-8.03570155212544
-4.5,8.5,-7.822516909079794
-4.0,8.5,-7.437786757986322
-3.5,8.5,-7.1359866581136675
-3.0,8.5,-6.98568231517638
-2.5,8.5,-6.929076063414735
-2.0,8.5,-6.912377089389929
-1.5,8.5,-6.909574817193762
-1.0,8.5,-6.910701682976962
-0.5,8.5,-6.912445444328473
0.0,8.5,-6.91389643775419
0.5,8.5,-6.914921772869992
1.0,8.5,-6.915597209804157
1.5,8.5,-6.916026598318443
2.0,8.5,-6.916294292296914
2.5,8.5,-6.916459327278588
3.0,8.5,-6.916560408600242
3.5,8.5,-6.916622079015745
4.0,8.5,-6.91665961700805
4.5,8.5,-6.916682433879001
5.0,8.5,-6.916696291010681
5.5,8.5,-6.91670470240778
6.0,8.5,-6.9167098066140875
6.5,8.5,-6.916712903367887
7.0,8.5,-6.9167147819737025
7.5,8.5,-6.916715921527014
8.0,8.5,-6.916716612745651
8.5,8.5,-6.91671703200736
9.0,8.5,-6.916717286308485
9.5,8.5,-6.9167174405521346
10.0,8.5,-6.916717534106453
-10.0,9.0,-2.8831919968553437
-9.5,9.0,-3.211335291714306
-9.0,9.0,-3.684129217588128
-8.5,9.0,-4.3200828647739575
-8.0,9.0,-5.100582648832959
-7.5,9.0,-5.9567128752783
-7.0,9.0,-6.784351970416581
-6.5,9.0,-7.481546481392643
-6.0,9.0,-7.971183730079172
-5.5,9.0,-8.186922860026268
-5.0,9.0,-8.071973919017488
-4.5,9.0,-7.692961643705797
-4.0,9.0,-7.300585726987263
-3.5,9.0,-7.064386985025717
-3.0,9.0,-6.961880435342125
-2.5,9.0,-6.925638426659796
-2.0,9.0,-6.915227917956573
-1.5,9.0,-6.91349360559977
-1.0,9.0,-6.91417580213276
-0.5,9.0,-6.9152351025054655
0.0,9.0,-6.916116291837636
0.5,9.0,-6.916738775336312
1.0,9.0,-6.917148746576807
1.5,9.0,-6.917409338885606
2.0,9.0,-6.917571787120357
2.5,9.0,-6.917671932608944
3.0,9.0,-6.9177332683459545
3.5,9.0,-6.9177706890421575
4.0,9.0,-6.9177934662966445
4.5,9.0,-6.917807310998195
5.0,9.0,-6.9178157191229355
5.5,9.0,-6.917820822914173
6.0,9.0,-6.917823919993687
6.5,9.0,-6.917825799009501
7.0,9.0,-6.917826938889639
7.5,9.0,-6.917827630335259
8.0,9.0,-6.917828049745215
8.5,9.0,-6.917828304140147
9.0,9.0,-6.917828458442126
9.5,9.0,-6.91782855203235
10.0,9.0,-6.917828608798182
-10.0,9.5,-3.2112515695282386
-9.5,9.5,-3.6840575665104662
-9.0,9.5,-4.32007305115625
-8.5,9.5,-5.100822671022537
-8.0,9.5,-5.957873957825246
-7.5,9.5,-6.788662258899639
-7.0,9.5,-7.495744182297243
-6.5,9.5,-8.013168156778766
-6.0,9.5,-8.293807647080172
-5.5,9.5,-8.282090191195637
-5.0,9.5,-7.965694262197748
-4.5,9.5,-7.517421908893601
-4.0,9.5,-7.181402339877756
-3.5,9.5,-7.012906128727637
-3.0,9.5,-6.946073950128363
-2.5,9.5,-6.923357327333805
-2.0,9.5,-6.916937237204287
-1.5,9.5,-6.915872457030492
-1.0,9.5,-6.916285754343783
-0.5,9.5,-6.916928862675722
0.0,9.5,-6.917463742632444
0.5,9.5,-6.917841513875344
1.0,9.5,-6.9180902837325045
1.5,9.5,-6.9182483980227625
2.0,9.5,-6.918346958642902
2.5,9.5,-6.918407717146916
3.0,9.5,-6.918444929022772
3.5,9.5,-6.918467631600685
4.0,9.5,-6.9184814501311775
4.5,9.5,-6.918489849417267
5.0,9.5,-6.918494950435607
5.5,9.5,-6.918498046785356
6.0,9.5,-6.918499925708795
6.5,9.5,-6.918501065661757
7.0,9.5,-6.918501757198948
7.5,9.5,-6.9185021766818835
8.0,9.5,-6.918502431127495
8.5,9.5,-6.918502585462573
9.0,9.5,-6.918502679073739
9.5,9.5,-6.918502735852593
10.0,9.5,-6.918502770291015
-10.0,10.0,-3.684014096858901
-9.5,10.0,-4.320067071919506
-9.0,10.0,-5.100968248443979
-8.5,10.0,-5.958579120951188
-8.0,10.0,-6.791288895346654
-7.5,10.0,-7.50447614127535
-7.0,10.0,-8.039629209908654
-6.5,10.0,-8.36540110265696
-6.0,10.0,-8.442564585154559
-5.5,10.0,-8.223998569527593
-5.0,10.0,-7.7774777794488035
-4.5,10.0,-7.347380695203708
-4.0,10.0,-7.091501158023376
-3.5,10.0,-6.978328271718133
-3.0,10.0,-6.935956226586709
-2.5,10.0,-6.921899978318458
-2.0,10.0,-6.917966614636953
-1.5,10.0,-6.917316032446052
-1.0,10.0,-6.917566533973554
-0.5,10.0,-6.917956823611953
0.0,10.0,-6.918281396254234
0.5,10.0,-6.918510605576152
1.0,10.0,-6.91866153250946
1.5,10.0,-6.918757454676386
2.0,10.0,-6.918817246043946
2.5,10.0,-6.918854104267353
3.0,10.0,-6.918876678043503
3.5,10.0,-6.918890449979521
4.0,10.0,-6.918898832603197
4.5,10.0,-6.918903927782181
5.0,10.0,-6.918907022159899
5.5,10.0,-6.918908900464708
6.0,10.0,-6.918910040254892
6.5,10.0,-6.918910731771503
7.0,10.0,-6.918911151270709
7.5,10.0,-6.918911405736764
8.0,10.0,-6.918911560088133
8.5,10.0,-6.918911653710613
9.0,10.0,-6.918911710496853
9.5,10.0,-6.91891174493995
10.0,10.0,-6.918911765830917
