iteration,theta0,theta1,gain_plus_bias
0,0.0,0.0,2.04
1,-0.6750000000000002,-0.8000000000000002,2.455398538189477
2,-1.1039372934297296,-1.3479534895815592,2.6292203006379213
3,-1.1230189079934838,-1.4617440984742838,2.6606121199478903
4,-1.357856304642963,-1.7833861936821291,2.7349538151820423
5,-1.5975345401060717,-2.0230644291452378,2.7809043696332316
6,-0.6597427652201551,-1.2000014471205196,2.595671830464541
7,-0.6597427652201552,-1.2000014471205198,2.595671830464541
8,-0.6597427652201552,-1.2000014471205198,2.595671830464541
9,-0.24048065212192554,-0.8654517472271076,2.478620641768005
10,-0.24159384142309082,-0.8669840984322987,2.479256414015824
11,-0.24159384142309118,-0.8669840984322985,2.479256414015824
12,-0.24343841112902131,-0.8698180590420505,2.4804251887452278
13,-0.24356482558124504,-0.8700146116342059,2.4805061127796044
14,-0.20011968658802504,-0.8431614192620085,2.46860973488829
15,-0.23947824721497804,-0.8946067786722702,2.4901351498176814
16,-0.2168912453234899,-1.18442962469393,2.5950623629151472
17,-0.21689124532349024,-1.1844296246939325,2.5950623629151486
18,-0.21689124532349044,-1.1844296246939328,2.5950623629151486
19,-0.21689124532349047,-1.1844296246939328,2.5950623629151486
20,-0.21689124532349055,-1.1844296246939328,2.5950623629151486
21,-0.21689124532349197,-1.1844296246939348,2.59506236291515
22,-0.018411388294738956,-0.9609650126359168,2.50980998274491
23,-0.01841138829473889,-0.9609650126359168,2.50980998274491
24,-0.12386205956882584,-1.140250737632606,2.5792237258145576
25,0.03636620839707974,-1.0874523667351979,2.556471040962494
26,0.004578503212847279,-1.1441953004258438,2.5780930609501436
27,0.3386234782164096,-1.7542726736649454,2.7545369779691167
28,0.3386234782164089,-1.7542726736649452,2.7545369779691167
29,0.6561211116481407,-1.7337816174106808,2.7409191587664328
30,0.7336287866175403,-1.6906910138727536,2.7250313766838588
31,0.6694533919597208,-1.7597428584235442,2.747360238399859
32,0.744415353347309,-1.7029829765222575,2.727988153999728
33,0.7042179779134954,-1.7348048503437903,2.7390327095332347
34,0.7177509776366717,-1.7236852073513191,2.7352756282037602
35,0.7177509776366728,-1.7236852073513167,2.73527562820376
36,1.0315707363333644,-2.058313250031463,2.804799889116659
37,1.0315707363333635,-2.0583132500314596,2.8047998891166586
38,1.049277134167805,-2.034568810404976,2.7982312264095643
39,1.0492771341678055,-2.0345688104049757,2.7982312264095643
40,1.0390199827962656,-2.058961389690221,2.8045582312919204
41,1.039019982796264,-2.058961389690224,2.8045582312919217
42,1.039019982796264,-2.058961389690224,2.8045582312919217
43,1.039019982796264,-2.058961389690224,2.8045582312919217
44,1.039019982796264,-2.058961389690224,2.8045582312919217
45,1.039019982796264,-2.058961389690224,2.8045582312919217
46,1.039019982796264,-2.058961389690224,2.8045582312919217
47,1.039019982796264,-2.058961389690224,2.8045582312919217
48,1.039019982796264,-2.058961389690224,2.8045582312919217
49,1.039019982796264,-2.058961389690224,2.8045582312919217
50,1.0568535659148297,-2.045126908601109,2.8003239396966197
51,1.0471797896112862,-2.060480590285919,2.8044764867456995
52,1.0471797896112731,-2.0604805902859353,2.8044764867457053
53,1.047179789611272,-2.060480590285936,2.804476486745706
54,1.047179789611272,-2.060480590285936,2.804476486745706
55,1.047179789611272,-2.060480590285936,2.804476486745706
56,1.0523699268794229,-2.0538076231496967,2.802629030374637
57,1.0523699268794153,-2.0538076231497024,2.8026290303746397
58,1.046234332052302,-2.067962165273667,2.8062671797198133
59,1.0462343320523,-2.0679621652736677,2.806267179719814
60,1.046234332052301,-2.0679621652736615,2.8062671797198133
61,1.0462343320523009,-2.0679621652736615,2.8062671797198133
62,1.0779162563618696,-2.044591768394189,2.7989814729097984
63,1.0512045648421506,-2.115704968922293,2.8168323896117307
64,1.109670617969998,-2.0700970383219666,2.8031891577439505
65,1.0780153104081045,-2.12717396357632,2.818039744826394
66,1.0780153104081045,-2.12717396357632,2.818039744826394
67,1.1595349829078068,-2.284932822781931,2.8470567167352816
68,1.473479698212845,-2.5108847632512226,2.8737851890922554
69,1.4734796982128417,-2.5108847632512323,2.8737851890922586
70,1.531012947747512,-2.4638523834398023,2.8614188143737267
71,1.6330841789940744,-2.5254503932976915,2.866326648091193
72,1.5643663458306227,-2.6142251853764633,2.8868131514876607
73,1.5643663458306218,-2.6142251853764655,2.8868131514876616
74,1.6350614028930621,-2.572334256486006,2.875076733147543
75,1.6350614028930655,-2.572334256486004,2.8750767331475435
76,1.6350614028930663,-2.5723342564860037,2.8750767331475435
77,1.6350614028930666,-2.5723342564860037,2.8750767331475435
78,1.6152235437549052,-2.60632665988853,2.8824890583681544
79,1.6152235437549016,-2.606326659888534,2.8824890583681557
80,1.6270910176580946,-2.596173427047329,2.879941249497971
81,1.6270910176580948,-2.596173427047326,2.8799412494979713
82,1.623736327979483,-2.601207669163102,2.8810533272670407
83,1.6237363279794745,-2.601207669163111,2.8810533272670433
84,1.6320817918776251,-2.59633670935887,2.8796503098088664
85,1.632081791877625,-2.59633670935887,2.8796503098088664
86,1.624705985313503,-2.6046945820933867,2.8816118791404524
87,1.6247059853135037,-2.6046945820933844,2.881611879140452
88,1.6247059853135006,-2.6046945820933876,2.8816118791404532
89,1.7585149407751999,-2.805379160133454,2.906758395678253
90,1.7585149407751999,-2.805379160133454,2.906758395678253
91,1.7585149407751999,-2.805379160133454,2.906758395678253
92,1.8236645715267914,-2.7510054462958196,2.8938501868372026
93,1.8236645715267938,-2.7510054462958173,2.8938501868372035
94,1.8022797680157563,-2.775673863450918,2.899404013598531
95,1.8022797680157563,-2.775673863450918,2.899404013598531
96,1.813408063838821,-2.7689731812524747,2.8975704425423134
97,1.8113472171837246,-2.76971295822509,2.897830029056194
98,1.8944077890136188,-2.803429752317875,2.897698650795671
99,1.840897295650563,-2.857135344181768,2.909850247735941
100,1.8408972956505625,-2.857135344181768,2.909850247735941
101,1.880452299002624,-2.828102696507569,2.902750508063576
102,1.9827390929064692,-2.8935093720543112,2.9061291582294353
103,1.9827390929064703,-2.893509372054311,2.9061291582294357
104,1.9540399111894966,-2.9241610703221146,2.9129218153074685
105,1.9540399111894873,-2.9241610703221124,2.91292181530747
106,1.9540399111894868,-2.924161070322113,2.9129218153074703
107,1.972075393889426,-2.9169947471074997,2.910603271620861
108,1.9720753938894304,-2.916994747107497,2.910603271620861
109,1.960372523085282,-2.932334608851573,2.913747255308541
110,1.9603725230852806,-2.9323346088515745,2.9137472553085413
111,1.9603725230852778,-2.9323346088515776,2.913747255308542
112,1.9603725230852773,-2.9323346088515776,2.913747255308542
113,1.9603725230852773,-2.9323346088515776,2.913747255308542
114,1.9603725230852773,-2.9323346088515776,2.913747255308542
115,1.9603725230852633,-2.9323346088515923,2.9137472553085466
116,1.9729090487219831,-2.9220312479971824,2.91132806359336
117,1.9623093330022083,-2.9361398058814707,2.914196076706665
118,1.9623093330022003,-2.9361398058814796,2.9141960767066677
119,1.9623093330022003,-2.9361398058814796,2.9141960767066677
120,1.9647902943950608,-2.930516115064585,2.913178744611491
121,1.9647902943950355,-2.9305161150646,2.913178744611496
122,1.96479029439503,-2.930516115064606,2.9131787446114976
123,1.9899131075450842,-2.926708709520873,2.9108805670579505
124,1.9706788746220587,-2.9530197666782665,2.916184208461086
125,2.038745506166044,-3.003544208702218,2.919191699954805
126,2.0463995409693516,-2.9972446898666028,2.9177381742016717
127,2.0463995409693516,-2.9972446898666028,2.9177381742016717
128,2.0463995409693516,-2.9972446898666028,2.9177381742016717
129,2.0463995409693516,-2.9972446898666028,2.9177381742016717
130,2.0463995409693516,-2.9972446898666028,2.9177381742016717
131,2.043029810544148,-2.999149808426644,2.918252064095559
132,2.040040915640343,-3.0025821502655807,2.918962790774774
133,2.0400409156403345,-3.0025821502655905,2.918962790774777
134,2.040040915640316,-3.0025821502656127,2.9189627907747817
135,2.040040915640316,-3.0025821502656127,2.9189627907747817
136,2.0400051772188155,-3.0026470085556998,2.9189747752533113
137,2.0725079520613017,-3.005944709962659,2.9172273795821106
138,2.0725079520613017,-3.005944709962659,2.9172273795821106
139,2.072507952061302,-3.005944709962659,2.9172273795821106
140,2.056286013981032,-3.023996268389048,2.921017104837291
141,2.056286013981022,-3.0239962683890584,2.921017104837294
142,2.0562860139810217,-3.0239962683890593,2.9210171048372944
143,2.0562860139810204,-3.023996268389061,2.921017104837295
144,2.0562860139810204,-3.023996268389061,2.921017104837295
145,2.0562860139810204,-3.023996268389061,2.921017104837295
146,2.0654905990611487,-3.0165308321176023,2.9192974082735823
147,2.0612672469770636,-3.0220871337720125,2.9204036150970456
148,2.0612672469770636,-3.0220871337720125,2.9204036150970456
149,2.0612672469770636,-3.0220871337720125,2.9204036150970456
150,2.060688736659087,-3.023113264133885,2.9205929602815854
151,2.060688736659087,-3.023113264133885,2.9205929602815854
152,2.059964400920869,-3.0292449970987114,2.9215355080293333
153,2.0599644009208684,-3.029244997098712,2.9215355080293333
154,2.0599644009208657,-3.0292449970987145,2.921535508029334
155,2.0716089889337916,-3.021279283325831,2.9195797453017382
156,2.0646628258454163,-3.028474061813891,2.921108971841718
157,2.064662825845414,-3.028474061813894,2.921108971841719
158,2.064662825845404,-3.028474061813909,2.9211089718417225
159,2.0639110701048518,-3.031037361864183,2.9215326040063356
160,2.06391107010485,-3.0310373618641857,2.9215326040063365
161,2.06391107010485,-3.0310373618641857,2.9215326040063365
162,2.073321364638819,-3.023398653006521,2.919775238460358
163,2.0733213646388218,-3.0233986530065193,2.919775238460358
164,2.0733213646388475,-3.023398653006507,2.919775238460355
165,2.0733213646388475,-3.023398653006507,2.919775238460355
166,2.069745416484677,-3.026296368360974,2.9204465759382616
167,2.068767514657365,-3.0273860063044324,2.9206728078397135
168,2.0687675146573556,-3.0273860063044418,2.9206728078397157
169,2.0687675146573423,-3.0273860063044506,2.9206728078397184
170,2.0742419901309797,-3.025449748411999,2.9200147120735824
171,2.0680386529570116,-3.0318828469528247,2.9213789266759917
172,2.0680386529570107,-3.031882846952824,2.9213789266759917
173,2.1267446808652872,-3.0446295656773725,2.9191582738497477
174,2.0932152372832857,-3.0889423786119226,2.9278339730409173
175,2.093215237283284,-3.0889423786119248,2.9278339730409186
176,2.093215237283284,-3.088942378611925,2.9278339730409186
177,2.093215237283284,-3.088942378611925,2.9278339730409186
178,2.093215237283284,-3.088942378611925,2.9278339730409186
179,2.1207486398853472,-3.06503701280091,2.9226002670571374
180,2.113171359208683,-3.0871689124425714,2.926286859359263
181,2.1292545270755348,-3.076495180320324,2.923671785883913
182,2.1242623410523134,-3.085170664972434,2.925259598383589
183,2.124262341052311,-3.085170664972437,2.9252595983835903
184,2.1242623410523085,-3.085170664972436,2.9252595983835907
185,2.1276212568859147,-3.0822660250493548,2.924615333679539
186,2.127621256885915,-3.082266025049354,2.924615333679539
187,2.1295352330726476,-3.0812615996956523,2.924339617180117
188,2.1265763813363434,-3.0849059843823987,2.925064535507894
189,2.128640021224873,-3.0832959923363563,2.924693171182462
190,2.1267683952301657,-3.08540629716114,2.925122898307424
191,2.125287196787732,-3.09409642865121,2.9264562719466403
192,2.1252871967877187,-3.0940964286512367,2.926456271946646
193,2.139314320596231,-3.0827717053183425,2.9238792110179608
194,2.132810042108077,-3.086566076757502,2.92487564204397
195,2.1328100421080487,-3.0865660767575176,2.924875642043975
196,2.137662778227182,-3.1249918734337534,2.929937803307229
197,2.1376627782271815,-3.124991873433754,2.9299378033072294
198,2.156684209013195,-3.1097188959992192,2.9265342687566043
199,2.154753490271799,-3.111760931974654,2.926955866703144
200,2.1549941267611024,-3.111484484257497,2.9269003295364997
201,2.1534166896737714,-3.120256729846696,2.9282401187796254
202,2.1534166896737714,-3.120256729846696,2.9282401187796254
203,2.161323448689092,-3.112585686779976,2.9266210284559366
204,2.161323448689096,-3.1125856867799695,2.926621028455936
205,2.161323448689096,-3.1125856867799695,2.926621028455936
206,2.161323448689096,-3.1125856867799695,2.926621028455936
207,2.1578753615472857,-3.1160869184624804,2.9273528463347933
208,2.1578753615472763,-3.1160869184624915,2.927352846334796
209,2.1578753615472746,-3.1160869184624933,2.9273528463347964
210,2.157875361547272,-3.116086918462496,2.9273528463347973
211,2.1601418454511774,-3.113827316481608,2.926878420760026
212,2.1601418454511965,-3.113827316481591,2.9268784207600222
213,2.160141845451189,-3.113827316481586,2.926878420760023
214,2.1603785401569144,-3.1426729091850776,2.9308740607137054
215,2.1847339585150705,-3.1292251070116555,2.9273523525189242
216,2.1963635122788117,-3.1322812618287967,2.926967142499522
217,2.1799113655770275,-3.1487209703199945,2.9304059497236192
218,2.1799113655770275,-3.1487209703199945,2.9304059497236192
219,2.1799113655770275,-3.1487209703199945,2.9304059497236192
220,2.1799113655770275,-3.1487209703199945,2.9304059497236192
221,2.2743601036782817,-3.289790154968462,2.9427726380328556
222,2.3176462859561986,-3.2575269607948436,2.9356996470628696
223,2.307604883336974,-3.2689352307524775,2.9379201865865014
224,2.3075624229479157,-3.2703620490118768,2.9381108186763107
225,2.307562422947915,-3.2703620490118777,2.938110818676311
226,2.3075624229479144,-3.270362049011878,2.938110818676311
227,2.3267512292813315,-3.2621586516241163,2.9356748699775155
228,2.3135234584071247,-3.2690031850539287,2.937521110712905
229,2.3158833805561914,-3.2667616324266144,2.937059661138667
230,2.458458930863144,-3.3596736481180525,2.939054147961969
231,2.4260632018010564,-3.4067122769939555,2.947391885301579
232,2.445559367530832,-3.387283222562596,2.9436133437610628
233,2.4407956581961683,-3.3938941373540423,2.9447894034714253
234,2.440795658196162,-3.3938941373540508,2.944789403471427
235,2.443024156896691,-3.391724576200466,2.9443583913006495
236,2.443024156896741,-3.39172457620042,2.9443583913006406
237,2.445055903069462,-3.3906139294106286,2.9440736925045337
238,2.4450559030694725,-3.3906139294106183,2.9440736925045323
239,2.445055903069474,-3.3906139294106175,2.9440736925045323
240,2.4421813032924766,-3.393488475063297,2.9446409842743084
241,2.4418445570007203,-3.3940555559769936,2.944736255760144
242,2.4418445570006964,-3.3940555559770194,2.9447362557601493
243,2.441844557000686,-3.394055555977022,2.9447362557601506
244,2.4560827781619574,-3.3944848594924273,2.943780681120722
245,2.4500610343893348,-3.400981193138081,2.9450329302888676
246,2.450061034389267,-3.4009811931381586,2.9450329302888836
247,2.450061034389242,-3.400981193138188,2.9450329302888894
248,2.450029073953017,-3.4010275627392508,2.9450410227806043
249,2.450029073953015,-3.401027562739253,2.9450410227806048
250,2.459192658322988,-3.399322809434341,2.9441750114663945
251,2.4591926583229866,-3.3993228094343357,2.9441750114663945
252,2.4591926583229995,-3.399322809434323,2.9441750114663927
253,2.4527362509016304,-3.405785307178228,2.9454496068447207
254,2.4527362509016264,-3.40578530717823,2.9454496068447216
255,2.4523429283490077,-3.407099343266376,2.9456420031369253
256,2.453598239977966,-3.4044314669082776,2.945218837783548
257,2.4535982399779654,-3.404431466908278,2.945218837783548
258,2.4530781228232534,-3.4054117483332407,2.9453786965773596
259,2.465126447137883,-3.404429996872378,2.9444000599742757
260,2.4651264471378935,-3.404429996872368,2.9444000599742743
261,2.4573125758945933,-3.4177582708600163,2.9466260209827166
262,2.4573125758945933,-3.4177582708600163,2.9466260209827166
263,2.4573125758945933,-3.4177582708600163,2.9466260209827166
264,2.4573125758945933,-3.4177582708600163,2.9466260209827166
265,2.4685577742183096,-3.4102102774930056,2.9448882182464966
266,2.468557774218333,-3.4102102774929888,2.9448882182464935
267,2.4634184143590225,-3.4160338466964335,2.9459852792547485
268,2.46341841435899,-3.4160338466964792,2.9459852792547574
269,2.4634184143589897,-3.4160338466964797,2.9459852792547574
270,2.4671218604989327,-3.413023895689011,2.945345929028783
271,2.467121860498962,-3.413023895688982,2.945345929028778
272,2.4695181543917006,-3.4124889283221433,2.945108002791766
273,2.4642308458944844,-3.418238017267944,2.946203886449044
274,2.46423084589448,-3.418238017267949,2.9462038864490454
275,2.464230845894453,-3.418238017267977,2.9462038864490516
276,2.46423084589445,-3.4182380172679796,2.9462038864490525
277,2.46423084589445,-3.4182380172679796,2.9462038864490525
278,2.46423084589445,-3.4182380172679796,2.9462038864490525
279,2.46423084589445,-3.4182380172679796,2.9462038864490525
280,2.46423084589445,-3.4182380172679796,2.9462038864490525
281,2.4697447380097985,-3.4154813078460275,2.945469438091262
282,2.4697447380098,-3.4154813078460267,2.945469438091262
283,2.467582486842563,-3.417760033630655,2.94590864849313
284,2.469143321535453,-3.41654533768355,2.9456459458999964
285,2.467978651416579,-3.4177097060560295,2.9458744132417642
286,2.4685064227265414,-3.417183041996189,2.945771088760964
287,2.4677863102449833,-3.41801814279039,2.9459266350657924
288,2.4677863102448807,-3.418018142790503,2.9459266350658146
289,2.46778631024488,-3.418018142790502,2.9459266350658146
290,2.46778631024488,-3.418018142790502,2.9459266350658146
291,2.4677863102448754,-3.4180181427905048,2.9459266350658155
292,2.466994625131822,-3.419743917533026,2.946198263672498
293,2.4699217379348593,-3.417501909775987,2.945711071156931
294,2.469921737935081,-3.4175019097758055,2.9457110711568935
295,2.4675205153743285,-3.4212786669642785,2.94635302107141
296,2.4675205153743285,-3.4212786669642785,2.94635302107141
297,2.4714416457875905,-3.417390423428377,2.945589355187644
298,2.4714416457876114,-3.417390423428359,2.9455893551876415
299,2.4690010597556213,-3.4207523013135623,2.946183377118522
300,2.469001059755618,-3.420752301313566,2.946183377118523
301,2.469001059755607,-3.420752301313578,2.9461833771185257
302,2.469001059755606,-3.42075230131358,2.946183377118526
303,2.469001059755606,-3.42075230131358,2.946183377118526
304,2.4690010597556045,-3.4207523013135814,2.9461833771185266
305,2.4717987863543214,-3.4188731459645068,2.945750460957063
306,2.485123222769298,-3.4204419966564865,2.944995689109216
307,2.4734641963169106,-3.4279446033046996,2.9467671365625816
308,2.4769400233431846,-3.424701867075378,2.9461177099538185
309,2.476940023343232,-3.424701867075331,2.94611770995381
310,2.4769400233432326,-3.424701867075331,2.9461177099538105
311,2.475978879586788,-3.425697966254342,2.946310278409807
312,2.4759788795867816,-3.425697966254348,2.9463102784098085
313,2.476449248999145,-3.4252293436737755,2.946218457491472
314,2.476449248998165,-3.425229343674755,2.946218457491664
315,2.476449248996346,-3.4252293436765786,2.946218457492021
316,2.475697170608979,-3.4262128225091013,2.9463944728253972
317,2.47482163178397,-3.42894253875236,2.9467961903068542
318,2.4748216317838967,-3.428942538752487,2.9467961903068773
319,2.4748216317838967,-3.428942538752487,2.9467961903068773
320,2.4826363623934555,-3.424826898417534,2.945728450707037
321,2.4784029503913314,-3.429520046599252,2.9466166049478923
322,2.47840295039131,-3.4295200465992735,2.9466166049478972
323,2.4784029503913096,-3.4295200465992743,2.946616604947898
324,2.525642089803733,-3.4428278189180705,2.9448773184172015
325,2.5040399153446566,-3.4653554396402626,2.94924248165797
326,2.5164638621326274,-3.455703112830132,2.9471749477872993
327,2.509484120413936,-3.4640675499299776,2.948705362280214
328,2.5094841204139127,-3.464067549930001,2.9487053622802204
329,2.5094841204139127,-3.464067549930001,2.9487053622802204
330,2.513603301222564,-3.4604153314898896,2.9479647723273015
331,2.51116606031143,-3.4665842791282593,2.9488959767499963
332,2.511166060311427,-3.466584279128262,2.948895976749997
333,2.521540184127658,-3.4635840370137334,2.947791615441934
334,2.521540184127658,-3.4635840370137334,2.947791615441934
335,2.5172948401072315,-3.467878896124716,2.9486239016803184
336,2.520008460907735,-3.465396176046572,2.948125421974427
337,2.517297638538392,-3.468337988315615,2.9486801322823846
338,2.5172976385383734,-3.468337988315635,2.9486801322823895
339,2.5172976385383703,-3.4683379883156387,2.9486801322823903
340,2.5172976385383703,-3.4683379883156387,2.9486801322823903
341,2.5172976385383565,-3.4683379883156578,2.948680132282394
342,2.51969191028117,-3.46640734946648,2.948272859840296
343,2.5196919102811712,-3.4664073494664787,2.948272859840296
344,2.518575684877775,-3.4676395619023275,2.9485039220163594
345,2.518575684877775,-3.4676395619023275,2.9485039220163594
346,2.518575684877775,-3.4676395619023275,2.9485039220163594
347,2.5191288154155433,-3.4670872892594358,2.948396700364708
348,2.518930914594744,-3.467306646681864,2.9484377617213235
349,2.5192078992155147,-3.4670303710107344,2.948384075790256
350,2.518971127237863,-3.4672813319551334,2.9484317931699398
351,2.51914263430986,-3.46711028588686,2.9483985556573895
352,2.519056578915575,-3.467199905468633,2.9484157025455433
353,2.519056578915573,-3.4671999054686347,2.9484157025455437
354,2.5179861653082396,-3.4689611744587547,2.948708126258086
355,2.5179861653082396,-3.4689611744587547,2.948708126258086
356,2.5179861653082396,-3.4689611744587547,2.948708126258086
357,2.5179861653082396,-3.468961174458755,2.9487081262580865
358,2.5220933189487913,-3.4657839840991294,2.9480247864234386
359,2.51817741645892,-3.472465234114547,2.9491242297088704
360,2.5181774164589146,-3.472465234114553,2.9491242297088722
361,2.5213554760964354,-3.4692963877988587,2.948511056601248
362,2.521604863621391,-3.4690756617970195,2.948466171311719
363,2.5205809518761044,-3.470561185523523,2.9487215006662804
364,2.5205809518760858,-3.470561185523518,2.9487215006662817
365,2.522088330114628,-3.4690714301386336,2.948431330210502
366,2.520804161635213,-3.470590080296191,2.948709274476733
367,2.523513961172727,-3.468794645953969,2.9482957951872644
368,2.5210060532715612,-3.4722257737074145,2.9488958747633887
369,2.5210060532715555,-3.4722257737074207,2.948895874763391
370,2.5230676983821216,-3.4703946352016253,2.9485248805966853
371,2.523073850803276,-3.4703893883975345,2.9485237974962777
372,2.522674611797091,-3.4707891230863575,2.948601343287082
373,2.5231801610716613,-3.4703414786495848,2.9485103476518675
374,2.5226780588941047,-3.470872248719428,2.9486113305258144
375,2.522000353940096,-3.4717844421141444,2.948771477443592
376,2.5220003539400224,-3.4717844421142283,2.9487714774436085
377,2.5229367704101557,-3.4708775353888113,2.9485936398652535
378,2.52287043204837,-3.4709474255845163,2.9486069467683746
379,2.5225791454164432,-3.4712821560906453,2.948668774380138
380,2.522579145416319,-3.47128215609077,2.9486687743801627
381,2.522579145416311,-3.4712821560907754,2.9486687743801645
382,2.5230461341289114,-3.4708153249728633,2.948578224558823
383,2.5234170978351753,-3.470502419920713,2.948513355673787
384,2.5228294926297337,-3.471090063943878,2.94862740402327
385,2.522829492629552,-3.4710900639440614,2.948627404023306
386,2.521352917260144,-3.4744304057257556,2.949141565553128
387,2.5242161962424494,-3.471801846757211,2.9486166763396984
388,2.5225510522055736,-3.474390340119264,2.9490523108086677
389,2.52255105220553,-3.4743903401193075,2.9490523108086775
390,2.522551052205526,-3.4743903401193124,2.949052310808679
391,2.5257269079524622,-3.4721388183320836,2.9485508843619828
392,2.5238668290082753,-3.4745752382476165,2.948982162453571
393,2.5254941999574316,-3.4730652287146317,2.9486814865824784
394,2.5249665090148246,-3.4736514338426487,2.9487909858837202
395,2.524966509014799,-3.473651433842668,2.9487909858837247
396,2.5248534250014245,-3.473793375050608,2.9488164361365024
397,2.524563760854795,-3.4741995345864556,2.948886816455257
398,2.5245637608547575,-3.474199534586496,2.948886816455266
399,2.5245637608547575,-3.474199534586496,2.948886816455266
400,2.5245637608547575,-3.474199534586496,2.948886816455266
401,2.5245637608547575,-3.474199534586496,2.948886816455266
402,2.5245637608547575,-3.474199534586496,2.948886816455266
403,2.5257234577104724,-3.4730403921525634,2.9486621585783555
404,2.5248074864200696,-3.4740722398259254,2.948853943183858
405,2.524807486420069,-3.4740722398259254,2.948853943183858
406,2.524120712810514,-3.4821683350877293,2.9498910477533227
407,2.534805081546404,-3.473350124806059,2.948051116277407
408,2.528861287648475,-3.4806816335464705,2.9493774018901058
409,2.5288612876484717,-3.480681633546474,2.949377401890107
410,2.5288612876484717,-3.480681633546474,2.949377401890107
411,2.5288612876484717,-3.480681633546474,2.949377401890107
412,2.533055412124347,-3.476950107907702,2.9486217748685704
413,2.5294269128540385,-3.4810375261114572,2.949381021918711
414,2.5327466141114816,-3.4781847095849256,2.9487958626386823
415,2.529548794267614,-3.483224705790194,2.9496394290335024
416,2.5303466434940276,-3.4813739855382293,2.949357265874569
417,2.5303466434940214,-3.4813739855382355,2.9493572658745704
418,2.530346643494019,-3.481373985538236,2.9493572658745713
419,2.530346643494019,-3.481373985538236,2.9493572658745713
420,2.530346643494019,-3.481373985538236,2.9493572658745713
421,2.698000434825332,-3.6689887946384134,2.959643750300337
422,2.6989016466900355,-3.6509067939844786,2.9575259254280564
423,2.7030953941733187,-3.6471840614674305,2.9567960033580696
424,2.7015998890738886,-3.649147429036832,2.9571307218530403
425,2.7015998890738833,-3.64914742903683,2.9571307218530407
426,2.701599889073878,-3.649147429036836,2.957130721853042
427,2.701599889073878,-3.649147429036836,2.957130721853042
428,2.7015998890738775,-3.6491474290368355,2.957130721853042
429,2.7015998890738513,-3.6491474290368666,2.957130721853048
430,2.703749442016356,-3.6470004655521344,2.956727615278885
431,2.703749442016356,-3.6470004655521344,2.956727615278885
432,2.7027186301847674,-3.6480322173773105,2.956921460819332
433,2.7025956194642964,-3.6481769563629958,2.956947063078114
434,2.7029978939280506,-3.647775173255476,2.9568716035554425
435,2.702997893928047,-3.6477751732554786,2.956871603555443
436,2.7029978939280483,-3.6477751732554773,2.9568716035554434
437,2.701585898011993,-3.650122911586574,2.9572444375454348
438,2.7015858980119076,-3.6501229115867666,2.957244437545464
439,2.701585898011897,-3.65012291158677,2.957244437545466
440,2.701585898011897,-3.65012291158677,2.957244437545466
441,2.701585898011897,-3.65012291158677,2.957244437545466
442,2.701585898011897,-3.65012291158677,2.957244437545466
443,2.701585898011897,-3.65012291158677,2.957244437545466
444,2.704307671351811,-3.6478708972513276,2.9567885350156202
445,2.705234221344007,-3.6474169631656363,2.9566690222796437
446,2.705234221344007,-3.6474169631656363,2.9566690222796437
447,2.7021634981868865,-3.652354747204794,2.9574606614548298
448,2.702163498186867,-3.6523547472048135,2.9574606614548347
449,2.702163498186867,-3.6523547472048135,2.9574606614548347
450,2.7057432797554437,-3.649708660079183,2.956898536763621
451,2.7724135514004438,-3.761505876889262,2.964715635316707
452,2.7724135514004433,-3.7615058768892626,2.9647156353167077
453,2.799208048082465,-3.734686164097712,2.9598797674124326
454,2.793417986450938,-3.740475916969356,2.9609538457163653
455,2.793417986450909,-3.7404759169693915,2.9609538457163724
456,2.793417986450906,-3.7404759169693946,2.9609538457163733
457,2.7966712629290247,-3.737692652573864,2.960405508971501
458,2.796671262929036,-3.7376926525738545,2.9604055089715
459,2.79464307568919,-3.7397209004835807,2.9607808593837337
460,2.794643075689132,-3.739720900483642,2.9607808593837457
461,2.794643075689132,-3.739720900483642,2.9607808593837457
462,2.7946430756891325,-3.739720900483628,2.960780859383745
463,2.7956363917990084,-3.7388442868115686,2.9606104451456257
464,2.7944151265444797,-3.740532822905543,2.960888561773898
465,2.7944151265444512,-3.7405328229055588,2.9608885617739022
466,2.7963420435644806,-3.7386092989602187,2.9605329015357973
467,2.796342043564394,-3.73860929896025,2.960532901535808
468,2.7953297164111626,-3.739680309980895,2.960726787062225
469,2.79532971641116,-3.739680309980836,2.96072678706222
470,2.7960431883913435,-3.7390840588266308,2.960608079553492
471,2.8393105472645788,-3.8158823303435683,2.9659710966336332
472,2.839310547264575,-3.8158823303435754,2.9659710966336355
473,2.8393105472645743,-3.8158823303435763,2.965971096633636
474,2.872719155653425,-3.7900547550431205,2.9607218945206926
475,2.8495148840742184,-3.813260441707935,2.964982585382489
476,2.8495148840742113,-3.8132604417079428,2.9649825853824914
477,2.8589595524338773,-3.8009095271747255,2.962959117529068
478,2.8578682075874693,-3.8022354298675607,2.9631847718940723
479,2.8593305185545574,-3.8010081609023016,2.9629431121725878
480,2.8585449032816053,-3.8017938221934764,2.963087016923638
481,2.8591642710485434,-3.8012335803487347,2.9629801394286717
482,2.858515721182092,-3.801882646651376,2.963098949101754
483,2.8585157211820884,-3.80188264665138,2.963098949101755
484,2.8585157211820884,-3.80188264665138,2.963098949101755
485,2.858834732866444,-3.801578364439603,2.9630421916497394
486,2.85882999094153,-3.8015831084935816,2.9630430601178035
487,2.861210828357369,-3.8141412801185193,2.964251059401541
488,2.8612108283573607,-3.814141280118531,2.9642510594015437
489,2.8612108283573607,-3.8141412801185313,2.9642510594015437
490,2.866818251008884,-3.808553523369215,2.9632341168152254
491,2.8659676214561802,-3.809404247415004,2.963389709373613
492,2.8659676214561713,-3.8094042474150136,2.963389709373615
493,2.865967621456148,-3.8094042474150376,2.9633897093736197
494,2.865967621456148,-3.8094042474150376,2.9633897093736197
495,2.865967621456148,-3.8094042474150376,2.9633897093736197
496,2.865967621456148,-3.8094042474150376,2.9633897093736197
497,2.867313646057843,-3.8084100375262957,2.9631822644664227
498,2.866619501008182,-3.816593637686202,2.9641319934608443
499,2.8666195010081745,-3.8165936376862097,2.964131993460846
500,2.866619501008174,-3.81659363768621,2.9641319934608465
501,2.874337381592913,-3.810756020012541,2.962929701244715
502,2.8743373815929245,-3.8107560200125308,2.962929701244714
503,2.8743373815929245,-3.8107560200125308,2.962929701244714
504,2.87100300058788,-3.814091976838509,2.9635415504324847
505,2.872987414030514,-3.8130606231251942,2.963283585908917
506,2.8729874140305434,-3.813060623125165,2.9632835859089126
507,2.871213085641681,-3.8149531072358975,2.963621144474
508,2.8712130856415343,-3.814953107236085,2.963621144474032
509,2.8712130856414815,-3.8149531072361444,2.963621144474043
510,2.871213085641472,-3.8149531072361547,2.9636211444740446
511,2.879023019785076,-3.8146620619012315,2.9630198670514143
512,2.8743849624057694,-3.820241720855476,2.9639727774940265
513,2.8742229279621463,-3.8208723139996157,2.964053563294082
514,2.8742229279621427,-3.8208723139996206,2.9640535632940828
515,2.876956609208664,-3.8183726988561184,2.963581092823236
516,2.8769566092086785,-3.8183726988561038,2.9635810928232336
517,2.875540370944455,-3.820025274399489,2.963865554081328
518,2.875540370944455,-3.820025274399489,2.963865554081328
519,2.875540370944415,-3.820025274399556,2.963865554081339
520,2.875540370944415,-3.820025274399556,2.963865554081339
521,2.875067985456235,-3.8219016305894793,2.964105365762789
522,2.875067985456227,-3.8219016305894873,2.9641053657627907
523,2.875067985456225,-3.821901630589489,2.964105365762791
524,2.875067985456225,-3.821901630589489,2.964105365762791
525,2.875067985456225,-3.821901630589489,2.964105365762791
526,2.8776297281094183,-3.8195760161621335,2.9636647357560637
527,2.8768583744863183,-3.8204659993179,2.96381856755039
528,2.8768583744863174,-3.820465999317901,2.9638185675503914
529,2.8768583744863174,-3.820465999317901,2.9638185675503914
530,2.8776959215605253,-3.8197459278754526,2.9636786348186717
531,2.8776959215610556,-3.8197459278750046,2.9636786348185846
532,2.8772544824935467,-3.8202168376183536,2.963762474510814
533,2.8776361730979456,-3.8198374899861203,2.963693050946499
534,2.8783568537149806,-3.8193527037975366,2.963587292481652
535,2.876924243061902,-3.8207890788494896,2.9638492915111496
536,2.8769242430617634,-3.8207890788496353,2.9638492915111767
537,2.876924243061723,-3.820789078849677,2.9638492915111847
538,2.876924243061723,-3.820789078849677,2.9638492915111847
539,2.876924243061723,-3.820789078849677,2.9638492915111847
540,2.878029660545953,-3.8197426642178427,2.963654036643079
541,2.8780296605459745,-3.819742664217824,2.9636540366430757
542,2.8773595522933504,-3.8204422010137806,2.9637796363731783
543,2.8773595522933495,-3.8204422010137815,2.9637796363731788
544,2.8773595522933495,-3.8204422010137815,2.9637796363731788
545,2.877359552293351,-3.8204422010137793,2.9637796363731788
546,2.877359552293351,-3.8204422010137793,2.9637796363731788
547,2.877251166874616,-3.8205799732778543,2.9638026364054175
548,2.8778190112942594,-3.820014357699438,2.9636992442490877
549,2.8766298389368807,-3.8230869676016255,2.9641225402238045
550,2.8766298389368785,-3.823086967601627,2.9641225402238054
551,2.8766298389368785,-3.823086967601627,2.9641225402238054
552,2.8766298389368785,-3.823086967601627,2.9641225402238054
553,2.876532914410494,-3.8236538337534642,2.964191554021811
554,2.8765329144104914,-3.823653833753467,2.964191554021813
555,2.876532914410491,-3.823653833753468,2.9641915540218133
556,2.876532914410491,-3.823653833753468,2.9641915540218133
557,2.876532914410491,-3.823653833753468,2.9641915540218133
558,2.876532914410491,-3.823653833753468,2.9641915540218133
559,2.8790052025472974,-3.821183109109422,2.9637417396504775
560,2.8778082465879518,-3.823083318531708,2.964037089178557
561,2.8778082465879518,-3.823083318531708,2.964037089178557
562,2.8778082465879518,-3.823083318531708,2.964037089178557
563,2.8795126077686866,-3.821379042634589,2.963726453392551
564,2.878937889402605,-3.8219540512812165,2.963831395118243
565,2.8788849011255424,-3.8220180529576813,2.96384226971539
566,2.8788849011255393,-3.822018052957678,2.96384226971539
567,2.8786988040428363,-3.8222627379736624,2.963882634818443
568,2.8786988040428008,-3.822262737973698,2.9638826348184497
569,2.8786988040427954,-3.8222627379737033,2.963882634818451
570,2.8786988040427954,-3.8222627379737033,2.963882634818451
571,2.8786988040427954,-3.8222627379737033,2.963882634818451
572,2.8786988040427954,-3.8222627379737033,2.963882634818451
573,2.8786988040427954,-3.8222627379737033,2.963882634818451
574,2.8786988040427954,-3.8222627379737038,2.9638826348184515
575,2.8786988040427954,-3.8222627379737038,2.9638826348184515
576,2.8786988040427954,-3.8222627379737038,2.9638826348184515
577,2.8786988040427937,-3.822262737973702,2.9638826348184515
578,2.8793980790219758,-3.8215639581864074,2.963755115988805
579,2.8864743255994796,-3.8220438307042124,2.963291636756555
580,2.8829510006411043,-3.826035382284192,2.9639886709180128
581,2.8829510006410097,-3.826035382284293,2.9639886709180314
582,2.8829510006407757,-3.826035382284527,2.9639886709180754
583,2.8834158083811494,-3.825599938815939,2.963907128992932
584,2.8829212539308102,-3.826152931333575,2.9640037278003506
585,2.8829212539307663,-3.826152931333619,2.964003727800359
586,2.8829212539307663,-3.826152931333619,2.964003727800359
587,2.9571506757990296,-3.8711026476381467,2.96346701421861
588,2.9571506757990305,-3.871102647638146,2.96346701421861
589,2.9431416850437984,-3.8926866128274678,2.966860873154956
590,2.9431416850437837,-3.8926866128274833,2.9668608731549595
591,2.9431416850437837,-3.8926866128274833,2.9668608731549595
592,2.9431416850437837,-3.8926866128274833,2.9668608731549595
593,2.9431416850437837,-3.8926866128274833,2.9668608731549595
594,2.94902497066477,-3.886804869644013,2.9658007418296233
595,2.9455662131540725,-3.890266783024137,2.9664264697549383
596,2.9485212687933093,-3.887430376756307,2.9659053673056914
597,2.9485212687933102,-3.887430376756306,2.9659053673056914
598,2.9485212687933102,-3.887430376756306,2.9659053673056914
599,2.946039081186561,-3.8901501477646705,2.966379643050361
600,2.947579751453172,-3.8886097148455696,2.9661016044352757
601,2.947579751453456,-3.8886097148453405,2.9661016044352313
602,2.947165469747629,-3.8890533826559306,2.9661796584999522
603,2.946189290819971,-3.893805844276321,2.9667610827063307
604,2.9461892908199534,-3.8938058442763395,2.966761082706335
605,2.9461892908199534,-3.8938058442763395,2.966761082706335
606,2.9461892908199534,-3.8938058442763395,2.966761082706335
607,2.946189290819952,-3.893805844276341,2.9667610827063355
608,2.950248451942093,-3.889759523709632,2.966031063393
609,2.9488931538450274,-3.891115431344025,2.966276225467958
610,2.949141411086327,-3.8908673260058886,2.9662314133612435
611,2.9490892304125405,-3.8909231721374753,2.9662412334147064
612,2.9486523831591516,-3.8915947455755475,2.9663453583793213
613,2.948652383158996,-3.8915947455757443,2.9663453583793546
614,2.9499213880140545,-3.89050207846391,2.966135161577954
615,2.9493479878135846,-3.8910752937149855,2.966238793391525
616,2.9493479878135846,-3.8910752937149855,2.966238793391525
617,2.9537439830414636,-3.8904571246859962,2.9658505932806367
618,2.950710342316718,-3.894429317287316,2.9665007915303208
619,2.9507103423167176,-3.8944293172873166,2.9665007915303216
620,2.9507103423167176,-3.8944293172873166,2.9665007915303216
621,2.9507103423167176,-3.8944293172873166,2.9665007915303216
622,2.952015849068394,-3.8931830626113046,2.966271677801004
623,2.951615853675843,-3.893612499149105,2.9663470866146184
624,2.951615853675843,-3.893612499149105,2.9663470866146184
625,2.951262502032027,-3.894083859859367,2.9664235311089837
626,2.9512625020320202,-3.8940838598593746,2.966423531108985
627,2.953419412730895,-3.892872255547142,2.9661356999475936
628,2.953419412731691,-3.8928722555467847,2.9661356999474977
629,2.9534194127316935,-3.8928722555467825,2.9661356999474977
630,2.9514313899627926,-3.8950954787042376,2.9665200405347036
631,2.95143138996276,-3.89509547870427,2.9665200405347103
632,2.9528592433851855,-3.893667541360578,2.9662624262142843
633,2.952161998535973,-3.89436536662014,2.966388406004617
634,2.952161998535971,-3.894365366620134,2.966388406004617
635,2.9521619985359675,-3.8943653666201374,2.9663884060046177
636,2.9525556306733267,-3.8939718766775986,2.966317363480025
637,2.9525556306733205,-3.893971876677597,2.9663173634800253
638,2.9522010879893372,-3.8943853586125767,2.966387713748014
639,2.9522010879893372,-3.8943853586125767,2.966387713748014
640,2.9522010879893372,-3.8943853586125767,2.966387713748014
641,2.9522010879893372,-3.8943853586125767,2.966387713748014
642,2.9522010879893372,-3.8943853586125767,2.966387713748014
643,2.953046630708027,-3.8936576229436324,2.966247688621382
644,2.952528434855426,-3.8941756903899583,2.9663413034340076
645,2.9521604008859272,-3.8946614785544833,2.9664203936382245
646,2.9529650528034828,-3.8939163012007483,2.966281532581054
647,2.9529650528035596,-3.8939163012006714,2.966281532581041
648,2.9523560125353336,-3.8945270920746737,2.9663916979831932
649,2.95235601253527,-3.894527092074706,2.966391697983202
650,2.9526213925373326,-3.8942621456443542,2.966343846293244
651,2.9526213925371576,-3.894262145644529,2.9663438462932756
652,2.9526213925371576,-3.894262145644529,2.9663438462932756
653,2.9515689872001882,-3.896255086478041,2.9666345888025405
654,2.951568987200165,-3.896255086478078,2.966634588802547
655,2.9515689872001647,-3.8962550864780785,2.9666345888025476
656,2.9515689872001625,-3.896255086478081,2.966634588802548
657,2.9515689872001625,-3.896255086478081,2.966634588802548
658,2.9515689872001625,-3.896255086478081,2.966634588802548
659,2.9515689872001625,-3.896255086478081,2.966634588802548
660,2.9515689872001625,-3.896255086478081,2.966634588802548
661,2.9515689872001625,-3.896255086478081,2.966634588802548
662,2.9515689872001625,-3.896255086478081,2.966634588802548
663,2.9515689872001625,-3.896255086478081,2.966634588802548
664,2.9515689872001625,-3.896255086478081,2.966634588802548
665,2.95252255405733,-3.8948237701302895,2.966411514378384
666,2.952522554057318,-3.8948237701303015,2.966411514378386
667,2.953365476889237,-3.8941574995520414,2.966278338115938
668,2.9526110894384208,-3.898680799833363,2.9668191630323277
669,2.9526110894384168,-3.898680799833367,2.9668191630323295
670,2.9568279486883506,-3.8951701366673057,2.9661346293991704
671,2.9535961909806967,-3.8993421293840576,2.9668187127851846
672,2.955769578779609,-3.8971695998078526,2.9664276042839197
673,2.955677165271787,-3.8972620702624168,2.966444291352116
674,2.955599257924558,-3.8973436963891586,2.966458750835412
675,2.9554761363247173,-3.8974814852159625,2.966482541321329
676,2.9554761363245112,-3.8974814852161686,2.9664825413213673
677,2.954993053173555,-3.89819946973291,2.9665948592256206
678,2.957520184454662,-3.896615868473865,2.966240118181899
679,2.957520184454706,-3.896615868473835,2.966240118181893
680,2.9557653096594003,-3.8983724846360244,2.9665573106978353
681,2.9557653096593377,-3.898372484636087,2.9665573106978473
682,2.9557653096593377,-3.898372484636087,2.9665573106978473
683,2.9553723952599684,-3.902535566632621,2.9670319034146226
684,2.95537239525996,-3.9025355666326305,2.967031903414625
685,2.9553723952599595,-3.9025355666326305,2.967031903414625
686,2.956868054970111,-3.8988923154488573,2.9665329563029625
687,2.956868054970111,-3.8988923154488573,2.9665329563029625
688,2.956868054970111,-3.8988923154488573,2.9665329563029625
689,2.9558039285432938,-3.9018361911079964,2.9669259417178395
690,2.9558039285432938,-3.9018361911079964,2.9669259417178395
691,2.9580851670722246,-3.899559709078559,2.966516093452801
692,2.958052534605523,-3.8995923412219162,2.9665219813550108
693,2.958052534605479,-3.89959234122196,2.9665219813550188
694,2.979912697788013,-3.907863888757438,2.965806951301847
695,2.971151917488918,-3.9166267655912983,2.9673943916194028
696,2.9711519174888754,-3.9166267655913476,2.9673943916194125
697,2.9711519174888754,-3.9166267655913476,2.9673943916194125
698,2.9711519174888754,-3.9166267655913476,2.9673943916194125
699,2.9711519174888754,-3.9166267655913476,2.9673943916194125
700,2.9711519174888754,-3.9166267655913476,2.9673943916194125
701,2.9711519174888754,-3.9166267655913476,2.9673943916194125
702,2.9711519174888754,-3.9166267655913476,2.9673943916194125
703,2.9711519174888754,-3.9166267655913476,2.9673943916194125
704,2.9711519174888754,-3.9166267655913476,2.9673943916194125
705,2.9711519174888754,-3.9166267655913476,2.9673943916194125
706,2.9711519174888754,-3.9166267655913476,2.9673943916194125
707,2.9750378874787518,-3.9134470278756157,2.966770941788028
708,2.9750378874787518,-3.9134470278756157,2.966770941788028
709,2.9750378874787518,-3.9134470278756157,2.966770941788028
710,2.973360295451291,-3.915124929307254,2.967073508075812
711,2.973360295451131,-3.9151249293074137,2.9670735080758415
712,2.9733602954508758,-3.9151249293076966,2.9670735080758908
713,2.9733602954508744,-3.9151249293076984,2.967073508075891
714,2.9757280759148133,-3.914162347542245,2.966797270073633
715,2.975728075914814,-3.9141623475422445,2.966797270073633
716,2.972627777839439,-3.917737800861322,2.9674058835161015
717,2.9748268571409886,-3.9155395884480177,2.967010972507107
718,2.973096394553158,-3.9210668956738557,2.9677261728229483
719,2.973096394553145,-3.921066895673869,2.9677261728229514
720,2.981096603899883,-3.916840155436625,2.9666912579236637
721,2.9775833306353197,-3.9212936199754327,2.9674254133399223
722,2.9797740705670184,-3.9192205539627842,2.9670440438784347
723,2.9782344928542446,-3.9213481969764645,2.9673839038385124
724,2.9795658967415126,-3.920254395936887,2.9671699955323607
725,2.9789984666238616,-3.920851349507134,2.967275227169332
726,2.9789984666237994,-3.9208513495071964,2.9672752271693437
727,2.979390670754122,-3.920488682388896,2.967207852278741
728,2.9792750208330454,-3.9206045284873947,2.967228678856448
729,2.979189227584737,-3.920697687407702,2.9672448965282725
730,2.9791892275847207,-3.920697687407691,2.9672448965282743
731,2.9792876707136946,-3.920599624937656,2.9672272318927453
732,2.979287670713458,-3.9205996249378927,2.967227231892788
733,2.979818751396033,-3.920187252063733,2.9671443443624734
734,2.978847108430528,-3.9213948977547672,2.967344317636954
735,2.978847108430528,-3.9213948977547672,2.967344317636954
736,2.9788471084305264,-3.921394897754768,2.9673443176369547
737,2.979591909246604,-3.920650504767021,2.967210481275515
738,2.979470353407536,-3.9207720684376706,2.9672323505645606
739,2.9790872603170073,-3.921273082090124,2.9673138217403148
740,2.979087260316931,-3.9212730820902,2.967313821740329
741,2.979087260316932,-3.921273082090197,2.967313821740329
742,2.981401520257251,-3.934171286806704,2.9685142616505233
743,2.9814015202572426,-3.934171286806713,2.9685142616505256
744,2.9921707580981205,-3.923538984527877,2.9665960702895475
745,2.9854673135926766,-3.9316539426022676,2.967955524976645
746,2.985467313592652,-3.931653942602295,2.9679555249766505
747,2.985467313592641,-3.93165394260231,2.9679555249766536
748,2.9854673135926393,-3.9316539426023116,2.967955524976654
749,2.9854673135926393,-3.9316539426023116,2.967955524976654
750,2.9854673135926393,-3.9316539426023116,2.967955524976654
751,3.006359310747671,-3.9711448021141207,2.970588151575012
752,3.026058215361259,-3.9514613038638227,2.967085586318869
753,3.0160351268103787,-3.9633629549121254,2.969089590889448
754,3.0160351268103716,-3.9633629549121325,2.96908959088945
755,3.0160351268103716,-3.9633629549121325,2.96908959088945
756,3.0160351268103716,-3.9633629549121325,2.96908959088945
757,3.0160351268103716,-3.9633629549121325,2.96908959088945
758,3.0160351268103716,-3.9633629549121325,2.96908959088945
759,3.0200281327797933,-3.9572148912255605,2.9681489113126154
760,3.0200281327798257,-3.9572148912255347,2.968148911312611
761,3.0170530254305614,-3.9601939284891396,2.968682122736596
762,3.018812389156274,-3.958435681963544,2.9683676885194874
763,3.0180381015237066,-3.9593280199622827,2.9685187966910003
764,3.018038101523547,-3.959328019962449,2.96851879669103
765,3.018247032493188,-3.9591193547767203,2.968481455592566
766,3.019522138867678,-3.95831901387995,2.968303321015203
767,3.018368137202887,-3.95947437558494,2.9685101788625006
768,3.018368137202887,-3.95947437558494,2.9685101788625006
769,3.018893577866019,-3.9590374027093924,2.968425510285971
770,3.018214229784718,-3.959715799424844,2.968546954758486
771,3.0182142297846997,-3.9597157994248624,2.9685469547584895
772,3.018736916100871,-3.959207933646778,2.9684550278344286
773,3.018158263898587,-3.9599050207896807,2.968571047094647
774,3.0186970355655722,-3.959366367893043,2.9684747171584345
775,3.0178926463995284,-3.9611132783492593,2.968718021910112
776,3.017892646399509,-3.961113278349271,2.968718021910115
777,3.017820937293788,-3.964962879076877,2.969128354479593
778,3.0178209372937834,-3.9649628790768823,2.969128354479594
779,3.017820937293776,-3.9649628790768903,2.969128354479596
780,3.022936354054954,-3.9599520597088103,2.968226082274446
781,3.0263391034209413,-3.9603241056250247,2.9680149228670683
782,3.026339103420945,-3.960324105625021,2.968014922867068
783,3.0222243998859692,-3.9644404219692535,2.9687535142981467
784,3.0222243998859706,-3.964440421969249,2.9687535142981467
785,3.022185411368039,-3.9645088963508686,2.9687635831243213
786,3.0235851543264456,-3.963227947053428,2.9685259270176463
787,3.022808634058668,-3.967788805082789,2.969063684386805
788,3.026468064220464,-3.9641324879854785,2.968410362123521
789,3.0241922390069966,-3.9666451994176946,2.9688426196864413
790,3.0256031699707187,-3.9652441850000577,2.9685915556311437
791,3.024536889028964,-3.966312483734042,2.9687823845108907
792,3.0245368890288207,-3.966312483734192,2.968782384510918
793,3.025680441930465,-3.9654052347245385,2.968602936684083
794,3.024594509537596,-3.966609232392974,2.9688094910678893
795,3.028286293286421,-3.964802596384013,2.968347803248773
796,3.025460529264336,-3.967629778416902,2.968853960205943
797,3.0254605292643335,-3.967629778416905,2.968853960205944
798,3.0254605292643335,-3.967629778416905,2.968853960205944
799,3.0254605292643335,-3.967629778416905,2.968853960205944
800,3.026353066191309,-3.9667374713721983,2.9686945790570594
801,3.0261354964047715,-3.9669551134475944,2.968733479977789
802,3.0253327250442683,-3.968228624274348,2.9689263928198355
803,3.025332725044267,-3.96822862427435,2.968926392819836
804,3.0253327250442026,-3.968228624274442,2.968926392819851
805,3.0253327250441933,-3.968228624274452,2.968926392819853
806,3.0253327250441933,-3.968228624274452,2.968926392819853
807,3.0253327250441933,-3.968228624274452,2.968926392819853
808,3.0268180984415154,-3.966745736248035,2.96866142845007
809,3.0263025882911188,-3.9672622944219476,2.9687537095522747
810,3.0263399889318867,-3.967224911547153,2.9687470287581044
811,3.026011743441387,-3.9676716973346906,2.9688181632430246
812,3.026836815595031,-3.966905853730373,2.9686769859427304
813,3.0261929116806066,-3.9675502516039534,2.968792120783413
814,3.0261929116805986,-3.9675502516039627,2.9687921207834154
815,3.0261929116805986,-3.9675502516039627,2.9687921207834154
816,3.0261929116805986,-3.9675502516039627,2.9687921207834154
817,3.0261929116805986,-3.9675502516039627,2.9687921207834154
818,3.0265540250034113,-3.9672038867505064,2.968729163092151
819,3.02578816972381,-3.9684415207382657,2.9689156371393213
820,3.025788169723804,-3.968441520738273,2.9689156371393226
821,3.029734669625733,-3.9663830201601713,2.9684089862588587
822,3.0297346696257406,-3.9663830201601638,2.968408986258858
823,3.026429124144122,-3.9696890614696487,2.969000332301169
824,3.0264291241440766,-3.969689061469694,2.9690003323011784
825,3.028465931686758,-3.9677711835308482,2.968649199041995
826,3.0284659316869034,-3.967771183530717,2.968649199041972
827,3.0274338428547027,-3.9690413773767848,2.9688588372612936
828,3.0281244956367788,-3.968350815944618,2.9687354687272363
829,3.028124495637001,-3.9683508159443965,2.968735468727198
830,3.0281244956370013,-3.968350815944396,2.968735468727198
831,3.0273231080383614,-3.969270746755908,2.968891105346187
832,3.0273231080383614,-3.969270746755908,2.968891105346187
833,3.02803364618836,-3.9685689334246304,2.968765152743205
834,3.027949490820393,-3.9686531081106047,2.9687801942409098
835,3.0279404947756503,-3.968662102913645,2.968781801594547
836,3.028429759713978,-3.9682901040394545,2.9687067135926575
837,3.0275591626556233,-3.9691609894729565,2.9688623039536486
838,3.028572872057181,-3.968265282677763,2.9686936123230834
839,3.028572872057181,-3.968265282677763,2.9686936123230834
840,3.027899914500316,-3.9689678970254194,2.968817046317663
841,3.0323536168260015,-3.968281431192393,2.9684176615033966
842,3.032353616826003,-3.9682814311923926,2.9684176615033966
843,3.0286160933559674,-3.9739088520324892,2.969284784932741
844,3.028616093355934,-3.9739088520325243,2.969284784932748
845,3.0286160933559305,-3.9739088520325283,2.969284784932749
846,3.02861609335593,-3.9739088520325287,2.9692847849327495
847,3.02861609335593,-3.9739088520325287,2.9692847849327495
848,3.02861609335593,-3.9739088520325287,2.9692847849327495
849,3.02861609335593,-3.9739088520325287,2.9692847849327495
850,3.02861609335593,-3.9739088520325287,2.9692847849327495
851,3.02861609335593,-3.9739088520325287,2.9692847849327495
852,3.02861609335593,-3.9739088520325287,2.9692847849327495
853,3.033378722596584,-3.9705616607321708,2.96858400831191
854,3.033378722596584,-3.9705616607321708,2.96858400831191
855,3.0333787225965856,-3.970561660732169,2.96858400831191
856,3.0303053284423718,-3.97368559548256,2.9691385381531554
857,3.030305328442352,-3.97368559548258,2.9691385381531594
858,3.0303053284423456,-3.9736855954825865,2.969138538153161
859,3.030305328442345,-3.9736855954825874,2.9691385381531616
860,3.030305328442345,-3.9736855954825874,2.9691385381531616
861,3.073435452531993,-3.991012848786497,2.967775771947456
862,3.073435452531993,-3.991012848786497,2.967775771947456
863,3.073435452531993,-3.991012848786497,2.967775771947456
864,3.073435452531993,-3.991012848786497,2.967775771947456
865,3.0588118487439377,-4.013192409126817,2.971186468937105
866,3.0588118487439377,-4.013192409126817,2.971186468937105
867,3.067333924899356,-4.006561429798229,2.969881031264107
868,3.066554198109455,-4.00737069771606,2.970022779067881
869,3.0665541981090327,-4.007370697716537,2.9700227790679623
870,3.0665541981090327,-4.007370697716537,2.9700227790679623
871,3.0665541981090327,-4.007370697716537,2.9700227790679623
872,3.0665541981090327,-4.007370697716537,2.9700227790679623
873,3.066554198109022,-4.0073706977165395,2.9700227790679636
874,3.066855207243425,-4.007069796941772,2.969969298095264
875,3.066855207243517,-4.00706979694168,2.969969298095248
876,3.0667893612933117,-4.007135662192796,2.969981005350507
877,3.066789361293499,-4.007135662192608,2.969981005350474
878,3.065826405790714,-4.010926012823979,2.970446210591738
879,3.065826405790713,-4.01092601282398,2.9704462105917386
880,3.0658264057906957,-4.010926012823997,2.970446210591742
881,3.0694097993336014,-4.007818625372063,2.9698602743695477
882,3.0672925084048086,-4.01040837988955,2.9702856482623488
883,3.06986752570315,-4.008778462216981,2.969927143792864
884,3.0685775491769456,-4.010070213739003,2.970156589879392
885,3.070040545454626,-4.009080229463239,2.9699460194078457
886,3.068786033502514,-4.0103348807719,2.9701689557535964
887,3.0687860335024824,-4.010334880771932,2.9701689557536026
888,3.0687860335024824,-4.010334880771932,2.9701689557536026
889,3.0687860335024824,-4.010334880771932,2.9701689557536026
890,3.0694273144655417,-4.00969384091543,2.970055123436521
891,3.069345884823935,-4.009776621510497,2.9700697331883448
892,3.069408298453022,-4.009714313724738,2.97005865471652
893,3.069408298453078,-4.0097143137246825,2.97005865471651
894,3.0691620195498355,-4.009990263614519,2.9701054994061895
895,3.0691620195498164,-4.009990263614522,2.9701054994061917
896,3.070013942670251,-4.00925749526034,2.9699665139091262
897,3.070000885596011,-4.009266354002388,2.969968398278717
898,3.070000885596056,-4.009266354002342,2.9699683982787093
899,3.070000885596056,-4.009266354002342,2.9699683982787093
900,3.069467451382172,-4.009800408663402,2.9700633154175304
901,3.068852353708967,-4.01065211087545,2.9701971890229277
902,3.0688523537089667,-4.01065211087545,2.970197189022928
903,3.0688523537089667,-4.01065211087545,2.970197189022928
904,3.0688523537089667,-4.01065211087545,2.970197189022928
905,3.069587459690243,-4.009917327864394,2.9700667386207793
906,3.0694947308966327,-4.0100174301783476,2.9700839827647236
907,3.0696485122866504,-4.009864190879223,2.9700567166264817
908,3.0695702976695296,-4.009946115591701,2.970071002146389
909,3.090400228418158,-4.049425193036526,2.972627036161746
910,3.0904002284181575,-4.049425193036527,2.9726270361617466
911,3.0904002284181558,-4.0494251930365275,2.9726270361617475
912,3.0904002284181558,-4.0494251930365275,2.9726270361617475
913,3.096214809238573,-4.035863220015946,2.970816529829269
914,3.095827817532889,-4.036250927249722,2.970885131948831
915,3.0960583288202215,-4.036020456676924,2.97084432637764
916,3.0960092941815294,-4.036071338518103,2.970853201298735
917,3.0979605054735377,-4.035063456706147,2.9706050521137772
918,3.0960328306589315,-4.037226920497211,2.97097127895332
919,3.0973098951870672,-4.036068537014381,2.9707574528078493
920,3.09657206373287,-4.036807619283859,2.9708883210044363
921,3.0964418138668433,-4.0369673718803005,2.9709144316229015
922,3.096441813866313,-4.036967371880941,2.970914431623008
923,3.1186228185859752,-4.044964395867971,2.9701055266620062
924,3.111639168802613,-4.0595446993345075,2.9721314148579583
925,3.125048306949091,-4.05375494210779,2.9705463410834825
926,3.255306751842391,-4.1656905696061255,2.972326286545337
927,3.230455088526432,-4.181089472258236,2.9757426778932032
928,3.230455088526431,-4.181089472258237,2.9757426778932037
929,3.230455088526431,-4.181089472258237,2.9757426778932037
930,3.242008029483778,-4.169539739391522,2.973732972124329
931,3.2360815740088977,-4.176412267844236,2.9748669168618456
932,3.23722904852562,-4.175324189910401,2.9746732806657157
933,3.23722904852566,-4.175324189910361,2.9746732806657095
934,3.236643015671446,-4.17593978463286,2.974778253730874
935,3.236643015670972,-4.175939784633445,2.974778253730968
936,3.2366430156709733,-4.17593978463344,2.9747782537309675
937,3.236643015670973,-4.17593978463344,2.974778253730968
938,3.236643015670973,-4.17593978463344,2.974778253730968
939,3.236643015670973,-4.17593978463344,2.974778253730968
940,3.236643015670973,-4.17593978463344,2.974778253730968
941,3.241111514201379,-4.175268669415442,2.974380249053956
942,3.238412185755096,-4.178086897221612,2.9748631002814263
943,3.238412185755092,-4.1780868972216165,2.974863100281427
944,3.2411556830010184,-4.177233737674862,2.9745748955782734
945,3.2411556830010193,-4.177233737674861,2.974574895578274
946,3.2396211368460013,-4.178886313303161,2.974854132698123
947,3.239621136846001,-4.178886313303161,2.974854132698123
948,3.239621136846,-4.1788863133031615,2.9748541326981233
949,3.239621136846,-4.1788863133031615,2.9748541326981233
950,3.239621136846,-4.1788863133031615,2.9748541326981233
951,3.24025371783478,-4.178372639745433,2.974755985659313
952,3.239841628951068,-4.1787995110406415,2.9748291856574816
953,3.2398416289510643,-4.178799511040645,2.9748291856574824
954,3.2398416289509386,-4.1787995110407845,2.974829185657506
955,3.239841628950919,-4.178799511040804,2.9748291856575095
956,3.239841628950919,-4.178799511040804,2.9748291856575095
957,3.239841628950919,-4.178799511040804,2.9748291856575095
958,3.2401063149951925,-4.178535001669536,2.9747831487644802
959,3.2708153630543237,-4.193352906040772,2.9739857192765546
960,3.2708153630543304,-4.193352906040765,2.973985719276554
961,3.2574287365706796,-4.206751326920954,2.9763184034585386
962,3.262175459972865,-4.19765292636726,2.975066995331025
963,3.2621754599728625,-4.197652926367257,2.975066995331025
964,3.259204953550879,-4.2006258820989375,2.9755829278607666
965,3.259204953550877,-4.20062588209894,2.9755829278607675
966,3.2615141411298674,-4.198554407851148,2.9752061841156765
967,3.260428090678625,-4.199640533168609,2.9753948146458122
968,3.260428090678625,-4.199640533168609,2.9753948146458122
969,3.260834641160503,-4.199234152206453,2.9753242894079643
970,3.260834641160504,-4.1992341522064525,2.9753242894079643
971,3.2608165456789693,-4.199252249182572,2.9753274310708684
972,3.2608165456808367,-4.199252249180706,2.975327431070545
973,3.2608165456808362,-4.199252249180706,2.975327431070545
974,3.2605854159206324,-4.199542761804459,2.9753734653798825
975,3.260585415920607,-4.1995427618044845,2.9753734653798873
976,3.2605854159206062,-4.199542761804485,2.975373465379888
977,3.2605854159206062,-4.199542761804485,2.975373465379888
978,3.2605854159206062,-4.199542761804485,2.975373465379888
979,3.2605854159206062,-4.199542761804485,2.975373465379888
980,3.2605854159206062,-4.199542761804485,2.975373465379888
981,3.2614682099919405,-4.198896701118871,2.9752437906440976
982,3.261468209991989,-4.198896701118823,2.975243790644091
983,3.2604495241121088,-4.200153213781055,2.9754443297149744
984,3.2604495241119897,-4.2001532137811814,2.9754443297149966
985,3.2604495241119675,-4.2001532137812045,2.975444329715002
986,3.2604495241119675,-4.2001532137812045,2.975444329715002
987,3.26131584560993,-4.199287310769348,2.9752940643046024
988,3.2610395333767648,-4.199563815536374,2.9753420631501393
989,3.2618833231245303,-4.198958222050558,2.9752192426500326
990,3.261883323124628,-4.19895822205046,2.975219242650017
991,3.261150814788138,-4.199750358943751,2.9753524624468395
992,3.2613384105107346,-4.1995776909910365,2.975321385776291
993,3.2613384105119203,-4.199577690989962,2.975321385776097
994,3.2612279918123126,-4.1996881494600675,2.9753405600644567
995,3.261227991812282,-4.199688149460098,2.9753405600644625
996,3.261227991812282,-4.199688149460098,2.9753405600644625
997,3.2613310690559048,-4.199592110696839,2.9753233669971384
998,3.2610972817573183,-4.199855624968205,2.97536691282616
999,3.2610972817571477,-4.199855624968375,2.9753669128261904
