theta0,theta1,v_gamma
-10.0,-10.0,41.44035243274857
-9.5,-10.0,41.440352381954334
-9.0,-10.0,41.44035229820876
-8.5,-10.0,41.44035216013568
-8.0,-10.0,41.44035193249169
-7.5,-10.0,41.440351557170146
-7.0,-10.0,41.44035093836966
-6.5,-10.0,41.44034991814015
-6.0,-10.0,41.44034823606618
-5.5,-10.0,41.44034546279559
-5.0,-10.0,41.4403408904466
-4.5,-10.0,41.440333351921126
-4.0,-10.0,41.44032092300326
-3.5,-10.0,41.44030043120782
-3.0,-10.0,41.44026664601894
-2.5,-10.0,41.44021094385007
-2.0,-10.0,41.44011910701756
-1.5,-10.0,41.43996769508711
-1.0,-10.0,41.43971806284569
-0.5,-10.0,41.439306499267325
0.0,-10.0,41.438627973931915
0.5,-10.0,41.43750935167343
1.0,-10.0,41.435665264354526
1.5,-10.0,41.43262544633688
2.0,-10.0,41.42761517703059
2.5,-10.0,41.41935883201129
3.0,-10.0,41.405757805199265
3.5,-10.0,41.38336439779274
4.0,-10.0,41.34652765734207
4.5,-10.0,41.286020742979034
5.0,-10.0,41.18687303839928
5.5,-10.0,41.02504737654317
6.0,-10.0,40.76261355425124
6.5,-10.0,40.3414285388154
7.0,-10.0,39.67662159077052
7.5,-10.0,38.65436534413053
8.0,-10.0,37.1440101955491
8.5,-10.0,35.03921470401349
9.0,-10.0,32.333055992225475
9.5,-10.0,29.19247809030891
10.0,-10.0,25.953235891671476
-10.0,-9.5,41.44029348523585
-9.5,-9.5,41.440293401489704
-9.0,-9.5,41.4402932634157
-8.5,-9.5,41.44029303577016
-8.0,-9.5,41.44029266044608
-7.5,-9.5,41.440292041641435
-7.0,-9.5,41.44029102140504
-6.5,-9.5,41.44028933931972
-6.0,-9.5,41.440286566030416
-5.5,-9.5,41.44028199365058
-5.0,-9.5,41.44027445507423
-4.5,-9.5,41.4402620260725
-4.0,-9.5,41.440241534138785
-3.5,-9.5,41.44020774872194
-3.0,-9.5,41.440152046177204
-2.5,-9.5,41.44006020872502
-2.0,-9.5,41.439908795772894
-1.5,-9.5,41.43965916184705
-1.0,-9.5,41.439247595491594
-0.5,-9.5,41.43856906557774
0.0,-9.5,41.43745043577119
0.5,-9.5,41.43560633600905
1.0,-9.5,41.432566497479804
1.5,-9.5,41.42755619436602
2.0,-9.5,41.41929979363586
2.5,-9.5,41.405698675048995
3.0,-9.5,41.3833051165398
3.5,-9.5,41.34646812752804
4.0,-9.5,41.285960804886074
4.5,-9.5,41.18681243129321
5.0,-9.5,41.02498567749567
5.5,-9.5,40.762550084394555
6.0,-9.5,40.34136222695351
6.5,-9.5,39.676550793030124
7.0,-9.5,38.65428764857213
7.5,-9.5,37.14392230865663
8.0,-9.5,35.039112614717006
8.5,-9.5,32.33293564274196
9.0,-9.5,29.19233654933369
9.5,-9.5,25.953072493453313
10.0,-9.5,22.9940895277308
-10.0,-9.0,41.44019630479038
-9.5,-9.0,41.44019616671484
-9.0,-9.0,41.440195939066776
-8.5,-9.0,41.44019556373853
-8.0,-9.0,41.44019494492699
-7.5,-9.0,41.44019392467924
-7.0,-9.0,41.440192242575215
-6.5,-9.0,41.44018946925507
-6.0,-9.0,41.44018489682435
-5.5,-9.0,41.440177358164156
-5.0,-9.0,41.44016492902417
-4.5,-9.0,41.4401444368625
-4.0,-9.0,41.44011065106982
-3.5,-9.0,41.44005494790544
-3.0,-9.0,41.43996310943165
-2.5,-9.0,41.43981169479521
-2.0,-9.0,41.43956205809243
-1.5,-9.0,41.43915048715869
-1.0,-9.0,41.43847194969685
-0.5,-9.0,41.43735330744662
0.0,-9.0,41.43550918717065
0.5,-9.0,41.43246931482613
1.0,-9.0,41.42745895597754
1.5,-9.0,41.41920246340289
2.0,-9.0,41.40560119351669
2.5,-9.0,41.38320738590075
3.0,-9.0,41.34636998711297
3.5,-9.0,41.285861991385374
4.0,-9.0,41.18671251486242
4.5,-9.0,41.02488396089821
5.0,-9.0,40.76244544845407
5.5,-9.0,40.34125290570407
6.0,-9.0,39.676434076394244
6.5,-9.0,38.654159560244075
7.0,-9.0,37.14377741896991
7.5,-9.0,35.03894431105114
8.0,-9.0,32.33273723546559
8.5,-9.0,29.192103205919437
9.0,-9.0,25.952803116348566
9.5,-9.0,22.99378723479254
10.0,-9.0,20.57596656775743
-10.0,-8.5,41.44003610190427
-9.5,-8.5,41.440035874252025
-9.0,-8.5,41.4400354989169
-8.5,-8.5,41.44003488009401
-8.0,-8.5,41.44003385982756
-7.5,-8.5,41.44003217769268
-7.0,-8.5,41.44002940432167
-6.5,-8.5,41.44002483180712
-6.0,-8.5,41.440017293008665
-5.5,-8.5,41.44000486364075
-5.0,-8.5,41.4399843711033
-4.5,-8.5,41.43995058469107
-4.0,-8.5,41.43989488050522
-3.5,-8.5,41.43980304034731
-3.0,-8.5,41.439651622934235
-2.5,-8.5,41.43940198165365
-2.0,-8.5,41.43899040317258
-1.5,-8.5,41.4383118532678
-1.0,-8.5,41.437193190504054
-0.5,-8.5,41.43534903641085
0.0,-8.5,41.432309108321526
0.5,-8.5,41.42729865759362
1.0,-8.5,41.41904201361246
1.5,-8.5,41.40544049430791
2.0,-8.5,41.38304627603716
2.5,-8.5,41.34620820172987
3.0,-8.5,41.28569909641435
3.5,-8.5,41.18654780170092
4.0,-8.5,41.0247162801453
4.5,-8.5,40.76227295513714
5.0,-8.5,40.34107268861193
5.5,-8.5,39.67624166793909
6.0,-8.5,38.65394840544903
6.5,-8.5,37.14353856697953
7.0,-8.5,35.03866686089928
7.5,-8.5,32.332410159233035
8.0,-8.5,29.191718537140037
8.5,-8.5,25.952359045696678
9.0,-8.5,22.993288902084267
9.5,-8.5,20.575423897361695
10.0,-8.5,18.773438147007365
-10.0,-8.0,41.43977202792972
-9.5,-8.0,41.43977165258324
-9.0,-8.0,41.43977103374165
-8.5,-8.0,41.43977001344435
-8.0,-8.0,41.43976833125863
-7.5,-8.0,41.43976555780379
-7.0,-8.0,41.439760985151025
-6.5,-8.0,41.4397534461247
-6.0,-8.0,41.439741016381085
-5.5,-8.0,41.4397205232242
-5.0,-8.0,41.4396867357907
-4.5,-8.0,41.43963102992108
-4.0,-8.0,41.43953918698711
-3.5,-8.0,41.43938776499713
-3.0,-8.0,41.43913811617062
-2.5,-8.0,41.43872652524874
-2.0,-8.0,41.43804795483338
-1.5,-8.0,41.436929258255724
-1.0,-8.0,41.435085048419126
-0.5,-8.0,41.432045028441664
0.0,-8.0,41.42703442626248
0.5,-8.0,41.418777532707104
1.0,-8.0,41.40517560226837
1.5,-8.0,41.38278070708586
2.0,-8.0,41.34594151927125
2.5,-8.0,41.28543058494232
3.0,-8.0,41.18627629317504
3.5,-8.0,41.02443987992551
4.0,-8.0,40.76198862202267
4.5,-8.0,40.34077562384443
5.0,-8.0,39.675924507272924
5.5,-8.0,38.65360034384538
6.0,-8.0,37.1431448501009
6.5,-8.0,35.03820951990085
7.0,-8.0,32.331871016004044
7.5,-8.0,29.191084459982534
8.0,-8.0,25.95162705216936
8.5,-8.0,22.992467464514924
9.0,-8.0,20.574529374799905
9.5,-8.0,18.772489155682965
10.0,-8.0,17.51946163938132
-10.0,-7.5,41.4393367955228
-9.5,-7.5,41.439336176650386
-9.0,-7.5,41.439335156302256
-8.5,-7.5,41.43933347403273
-8.0,-7.5,41.43933070043973
-7.5,-7.5,41.43932612755917
-7.0,-7.5,41.43931858815727
-6.5,-7.5,41.43930615779444
-6.0,-7.5,41.43928566361665
-5.5,-7.5,41.43925187449996
-5.0,-7.5,41.43919616585523
-4.5,-7.5,41.43910431834591
-4.0,-7.5,41.43895288881252
-3.5,-7.5,41.438703227549226
-3.0,-7.5,41.43829161612308
-2.5,-7.5,41.4376130119033
-2.0,-7.5,41.43649425959543
-1.5,-7.5,41.434649957885625
-1.0,-7.5,41.43160978646318
-0.5,-7.5,41.426598934670295
0.0,-7.5,41.41834162978038
0.5,-7.5,41.40473902173284
1.0,-7.5,41.38234301090147
1.5,-7.5,41.34550198786515
2.0,-7.5,41.284988039056614
2.5,-7.5,41.185828807709505
3.0,-7.5,41.023984332238264
3.5,-7.5,40.761519999773384
4.0,-7.5,40.34028601798271
4.5,-7.5,39.67540178045288
5.0,-7.5,38.65302668779446
5.5,-7.5,37.14249594752904
6.0,-7.5,35.03745575554324
6.5,-7.5,32.33098242969522
7.0,-7.5,29.190039408777995
7.5,-7.5,25.950420620572842
8.0,-7.5,22.991113616152553
8.5,-7.5,20.573055071760233
9.0,-7.5,18.770925080215292
9.5,-7.5,17.517835141709465
10.0,-7.5,16.687958983254205
-10.0,-7.0,41.438619631406326
-9.5,-7.0,41.43861861097445
-9.0,-7.0,41.43861692856684
-8.5,-7.0,41.43861415474616
-8.0,-7.0,41.43860958149025
-7.5,-7.0,41.438602041469494
-7.0,-7.0,41.43858961008634
-6.5,-7.0,41.438569114226325
-6.0,-7.0,41.438535322336115
-5.5,-7.0,41.438479609118644
-5.0,-7.0,41.43838775407019
-4.5,-7.0,41.438236312107
-4.0,-7.0,41.43798663035073
-3.5,-7.0,41.43757498513821
-3.0,-7.0,41.43689632521649
-2.5,-7.0,41.43577748107791
-2.0,-7.0,41.43393302798206
-1.5,-7.0,41.430892607012815
-1.0,-7.0,41.42588134391352
-0.5,-7.0,41.41762336123816
0.0,-7.0,41.40401963664595
0.5,-7.0,41.38162178747987
1.0,-7.0,41.344777740417
1.5,-7.0,41.28425882443402
2.0,-7.0,41.18509145378666
2.5,-7.0,41.02323369361402
3.0,-7.0,40.76074781725473
3.5,-7.0,40.33947925925961
4.0,-7.0,39.67454044594927
4.5,-7.0,38.65208143354136
5.0,-7.0,37.14142670418209
5.5,-7.0,35.03621372390473
6.0,-7.0,32.329518242249954
6.5,-7.0,29.188317402892714
7.0,-7.0,25.948432696631546
7.5,-7.0,22.988882783024337
8.0,-7.0,20.57062575681379
8.5,-7.0,18.768347840795208
9.0,-7.0,17.515155044742787
9.5,-7.0,16.68521076745342
10.0,-7.0,16.153165760880086
-10.0,-6.5,41.437438348499164
-9.5,-6.5,41.437436665864105
-9.0,-6.5,41.437433891668434
-8.5,-6.5,41.43742931779425
-8.0,-6.5,41.437421776754135
-7.5,-6.5,41.43740934369035
-7.0,-6.5,41.43738884505944
-6.5,-6.5,41.437355048600814
-6.0,-6.5,41.43729932785133
-5.5,-6.5,41.43720746038475
-5.0,-6.5,41.4370559979477
-4.5,-6.5,41.43680628243629
-4.0,-6.5,41.43639458157235
-3.5,-6.5,41.435715829900765
-3.0,-6.5,41.43459683450264
-2.5,-6.5,41.43275213205021
-2.0,-6.5,41.42971130003829
-1.5,-6.5,41.424699359452866
-1.0,-6.5,41.416440260358634
-0.5,-6.5,41.40283469664233
0.0,-6.5,41.38043381945082
0.5,-6.5,41.3435847913422
1.0,-6.5,41.28305769364431
1.5,-6.5,41.18387691629356
2.0,-6.5,41.02199727413528
2.5,-6.5,40.75947591160486
3.0,-6.5,40.3381504011811
3.5,-6.5,39.673121693005356
4.0,-6.5,38.65052445161538
4.5,-6.5,37.1396654927829
5.0,-6.5,35.03416790310434
5.5,-6.5,32.32710649601233
6.0,-6.5,29.185480989270687
6.5,-6.5,25.9451582742879
7.0,-6.5,22.985208251173177
7.5,-6.5,20.566624294295448
8.0,-6.5,18.76410272348123
8.5,-6.5,17.510740504926368
9.0,-6.5,16.680684025239433
9.5,-6.5,16.148567090071623
10.0,-6.5,15.814530106735738
-10.0,-6.0,41.43549378311274
-9.5,-6.0,41.43549100829976
-9.0,-6.0,41.43548643340781
-8.5,-6.0,41.435478890689694
-8.0,-6.0,41.435466454859345
-7.5,-6.0,41.43544595166715
-7.0,-6.0,41.43541214768825
-6.5,-6.0,41.435356414539974
-6.0,-6.0,41.43526452663136
-5.5,-6.0,41.43511303049141
-5.0,-6.0,41.434863259414136
-4.5,-6.0,41.43445146693994
-4.0,-6.0,41.43377256423484
-3.5,-6.0,41.43265331984168
-3.0,-6.0,41.430808206912346
-2.5,-6.0,41.42776669826483
-2.0,-6.0,41.42275364243947
-1.5,-6.0,41.414492705558644
-1.0,-6.0,41.400884114378655
-0.5,-6.0,41.378478252620255
0.0,-6.0,41.34162102499143
0.5,-6.0,41.28108045900996
1.0,-6.0,41.18187761229051
1.5,-6.0,41.019961949225724
2.0,-6.0,40.75738217133603
2.5,-6.0,40.33596290899501
3.0,-6.0,39.67078622089665
3.5,-6.0,38.64796143465217
4.0,-6.0,37.13676628463115
4.5,-6.0,35.03080018680165
5.0,-6.0,32.32313641362737
5.5,-6.0,29.180811843080424
6.0,-6.0,25.939768102525772
6.5,-6.0,22.97915944141545
7.0,-6.0,20.560037309474936
7.5,-6.0,18.757114647701354
8.0,-6.0,17.503473535255402
8.5,-6.0,16.673232354228325
9.0,-6.0,16.140997014212846
9.5,-6.0,15.806885702105381
10.0,-6.0,15.599901924467595
-10.0,-5.5,41.43229597660125
-9.5,-5.5,41.432291400035616
-9.0,-5.5,41.43228385455805
-8.5,-5.5,41.432271414178146
-8.0,-5.5,41.432250903485006
-7.5,-5.5,41.43221708713918
-7.0,-5.5,41.432161333601336
-6.5,-5.5,41.43206941207622
-6.0,-5.5,41.431917860512534
-5.5,-5.5,41.43166799805838
-5.0,-5.5,41.43125605493297
-4.5,-5.5,41.43057690385637
-4.0,-5.5,41.429457249995984
-3.5,-5.5,41.42761146204583
-3.0,-5.5,41.42456884068504
-2.5,-5.5,41.41955395087055
-2.0,-5.5,41.4112899917875
-1.5,-5.5,41.39767642200581
-1.0,-5.5,41.37526236322981
-0.5,-5.5,41.33839165165883
0.0,-5.5,41.27782893736229
0.5,-5.5,41.17858979802039
1.0,-5.5,41.01661489931648
1.5,-5.5,40.75393905857116
2.0,-5.5,40.33236562313241
2.5,-5.5,39.66694558509801
3.0,-5.5,38.64374660602512
3.5,-5.5,37.13199859651626
4.0,-5.5,35.02526204667848
4.5,-5.5,32.31660769488379
5.0,-5.5,29.173133528301765
5.5,-5.5,25.930904076039113
6.0,-5.5,22.969212298305475
6.5,-5.5,20.549205148554478
7.0,-5.5,18.745622900956135
7.5,-5.5,17.491523153248327
8.0,-5.5,16.660978234670132
8.5,-5.5,16.128548180320447
9.0,-5.5,15.794314636078441
9.5,-5.5,15.587255134967553
10.0,-5.5,15.460029701150095
-10.0,-5.0,41.42704596663538
-9.5,-5.0,41.427038416627504
-9.0,-5.0,41.42702596877839
-8.5,-5.0,41.42700544577061
-8.0,-5.0,41.426971609121416
-7.5,-5.0,41.4269158221091
-7.0,-5.0,41.42682384539421
-6.5,-5.0,41.42667220283884
-6.0,-5.0,41.42642219036704
-5.5,-5.0,41.426009999910605
-5.0,-5.0,41.425330441071075
-4.5,-5.0,41.4242101149695
-4.0,-5.0,41.42236321880659
-3.5,-5.0,41.41931877065317
-3.0,-5.0,41.414300869894284
-2.5,-5.0,41.4060319491227
-2.0,-5.0,41.39241020574135
-1.5,-5.0,41.369982689544116
-1.0,-5.0,41.33308984076444
-0.5,-5.0,41.27249076455925
0.0,-5.0,41.17319204194801
0.5,-5.0,41.01111989336788
1.0,-5.0,40.74828634180933
1.5,-5.0,40.32645979329726
2.0,-5.0,39.660640236467984
2.5,-5.0,38.636826927799234
3.0,-5.0,37.12417126341317
3.5,-5.0,35.01616982703845
4.0,-5.0,32.30588919671214
4.5,-5.0,29.160527685386977
5.0,-5.0,25.91635159561802
5.5,-5.0,22.952881615452526
6.0,-5.0,20.531421491212033
6.5,-5.0,18.726756371195016
7.0,-5.0,17.471903660860256
7.5,-5.0,16.640860082359016
8.0,-5.0,16.10811035652138
8.5,-5.0,15.77367613815601
9.0,-5.0,15.566492318332694
9.5,-5.0,15.439190498249282
10.0,-5.0,15.361365589959991
-10.0,-4.5,41.41845021436374
-9.5,-4.5,41.418437754285485
-9.0,-4.5,41.41841721111531
-8.5,-4.5,41.418383341224015
-8.0,-4.5,41.418327499404924
-7.5,-4.5,41.41823543232944
-7.0,-4.5,41.41808364079602
-6.5,-4.5,41.41783338270471
-6.0,-4.5,41.41742078730041
-5.5,-4.5,41.41674056084257
-5.0,-4.5,41.415619134100126
-4.5,-4.5,41.41377042349284
-4.0,-4.5,41.410722984385224
-3.5,-4.5,41.40570015389505
-3.0,-4.5,41.3974231094958
-2.5,-4.5,41.38378798371855
-2.0,-4.5,41.36133843407872
-1.5,-4.5,41.32440934069404
-1.0,-4.5,41.26375073019826
-0.5,-4.5,41.164354453641
0.0,-4.5,41.00212308067997
0.5,-4.5,40.739031313814884
1.0,-4.5,40.31679035066325
1.5,-4.5,39.65031667338416
2.0,-4.5,38.62549754081744
2.5,-4.5,37.111355799620554
3.0,-4.5,35.001283401476044
3.5,-4.5,32.28834011282612
4.0,-4.5,29.13988850709699
4.5,-4.5,25.89252524461534
5.0,-4.5,22.926143865563247
5.5,-4.5,20.502304828643748
6.0,-4.5,18.695866753254734
6.5,-4.5,17.439781239210753
7.0,-4.5,16.607921219387222
7.5,-4.5,16.07464810476245
8.0,-4.5,15.739885328518138
8.5,-4.5,15.532497965299278
9.0,-4.5,15.405071080214453
9.5,-4.5,15.327169714477353
10.0,-4.5,15.279692415556921
-10.0,-4.0,41.40443916896238
-9.5,-4.0,41.404418592927975
-9.0,-4.0,41.40438466885283
-8.5,-4.0,41.40432873769999
-8.0,-4.0,41.40423652333889
-7.5,-4.0,41.4040844889748
-7.0,-4.0,41.403833830529535
-6.5,-4.0,41.40342057506986
-6.0,-4.0,41.40273926041004
-5.5,-4.0,41.40161603964916
-5.0,-4.0,41.399764371540705
-4.5,-4.0,41.39671205724891
-4.0,-4.0,41.391681191414
-3.5,-4.0,41.3833909056949
-3.0,-4.0,41.36973396693068
-2.5,-4.0,41.34724850330357
-2.0,-4.0,41.31026033207495
-1.5,-4.0,41.2495046821017
-1.0,-4.0,41.14994939493311
-0.5,-4.0,40.987458490018895
0.0,-4.0,40.72394583834668
0.5,-4.0,40.301029389190845
1.0,-4.0,39.633489511139075
1.5,-4.0,38.60703090954568
2.0,-4.0,37.0904668984986
2.5,-4.0,34.977018881934335
3.0,-4.0,32.2597355235574
3.5,-4.0,29.106247137458375
4.0,-4.0,25.853688859272925
4.5,-4.0,22.88256196929334
5.0,-4.0,20.45484536129772
5.5,-4.0,18.645517410828194
6.0,-4.0,17.387422456064673
6.5,-4.0,16.554231656307685
7.0,-4.0,16.02010543041049
7.5,-4.0,15.684807112639383
8.0,-4.0,15.47708797852777
8.5,-4.0,15.349457240465746
9.0,-4.0,15.27143125090752
9.5,-4.0,15.223877999500864
10.0,-4.0,15.194951084948263
-10.0,-3.5,41.38176641619266
-9.5,-3.5,41.38173240443872
-9.0,-3.5,41.38167632872849
-8.5,-3.5,41.38158387603387
-8.0,-3.5,41.3814314487279
-7.5,-3.5,41.381180142440954
-7.0,-3.5,41.380765818897906
-6.5,-3.5,41.38008274333974
-6.0,-3.5,41.37895661954787
-5.5,-3.5,41.37710016569284
-5.0,-3.5,41.37403996251285
-4.5,-3.5,41.36899609410536
-4.0,-3.5,41.360684381648746
-3.5,-3.5,41.34699214571238
-3.0,-3.5,41.32444856706445
-2.5,-3.5,41.28736479770291
-2.0,-3.5,41.22645212113146
-1.5,-3.5,41.126639527389976
-1.0,-3.5,40.96372865504804
-0.5,-3.5,40.699534939223014
0.0,-3.5,40.275525437299784
0.5,-3.5,39.60626026264982
1.0,-3.5,38.57714871762675
1.5,-3.5,37.05666505651046
2.0,-3.5,34.93775470759222
2.5,-3.5,32.213448368433625
3.0,-3.5,29.051809603662278
3.5,-3.5,25.790844894764138
4.0,-3.5,22.81203895026716
4.5,-3.5,20.378047764013544
5.0,-3.5,18.564043497625516
5.5,-3.5,17.302696921472727
6.0,-3.5,16.467352690438098
6.5,-3.5,15.931845983477745
7.0,-3.5,15.595681067221587
7.5,-3.5,15.387425070628426
8.0,-3.5,15.259464463317473
8.5,-3.5,15.181236810939119
9.0,-3.5,15.133560655320169
9.5,-3.5,15.10455897743295
10.0,-3.5,15.086937325744291
-10.0,-3.0,41.34550476320659
-9.5,-3.0,41.34544845630651
-9.0,-3.0,41.34535562244643
-8.5,-3.0,41.34520256671069
-8.0,-3.0,41.34495022433411
-7.5,-3.0,41.34453419261124
-7.0,-3.0,41.34384830085809
-6.5,-3.0,41.3427175342648
-6.0,-3.0,41.34085342659172
-5.5,-3.0,41.33778060675646
-5.0,-3.0,41.33271594340655
-4.5,-3.0,41.32436996328708
-4.0,-3.0,41.31062127677846
-3.5,-3.0,41.287984755099075
-3.0,-3.0,41.2507480961721
-2.5,-3.0,41.18958428783035
-2.0,-3.0,41.08936018510951
-1.5,-3.0,40.925777661182444
-1.0,-3.0,40.660494723223465
-0.5,-3.0,40.23473710805287
0.0,-3.0,39.562712676092644
0.5,-3.0,38.52935829331074
1.0,-3.0,37.002605957510674
1.5,-3.0,34.874959730660194
2.0,-3.0,32.13942157716786
2.5,-3.0,28.96474795684967
3.0,-3.0,25.69033888979226
3.5,-3.0,22.69925187586343
4.0,-3.0,20.255225791294226
4.5,-3.0,18.433742718713283
5.0,-3.0,17.167195842450987
5.5,-3.0,16.328407640680442
6.0,-3.0,15.79069313798853
6.5,-3.0,15.453142275566687
7.0,-3.0,15.24402767777512
7.5,-3.0,15.115539512398215
8.0,-3.0,15.036989341786633
8.5,-3.0,14.989116626140508
9.0,-3.0,14.959995379665601
9.5,-3.0,14.94230107714573
10.0,-3.0,14.931557373226225
-10.0,-2.5,41.2885829203332
-9.5,-2.5,41.28848948817194
-9.0,-2.5,41.28833544601351
-8.5,-2.5,41.2880814773258
-8.0,-2.5,41.28766276433698
-7.5,-2.5,41.28697245210792
-7.0,-2.5,41.28583439788293
-6.5,-2.5,41.283958276298016
-6.0,-2.5,41.28086565257099
-5.5,-2.5,41.27576834817794
-5.0,-2.5,41.267368579390144
-4.5,-2.5,41.25353128453018
-4.0,-2.5,41.23074887365153
-3.5,-2.5,41.19327222969367
-3.0,-2.5,41.13171422920746
-2.5,-2.5,41.03084419623723
-2.0,-2.5,40.86620740594499
-1.5,-2.5,40.59921475675263
-1.0,-2.5,40.17071319361857
-0.5,-2.5,39.49435765868855
0.0,-2.5,38.454343452210864
0.5,-2.5,36.9177514122851
1.0,-2.5,34.776392804673556
1.5,-2.5,32.02322449242937
2.0,-2.5,28.82809054702303
2.5,-2.5,25.532578373947157
3.0,-2.5,22.522214224794013
3.5,-2.5,20.062436735767307
4.0,-2.5,18.22921446090458
4.5,-2.5,16.954504868115496
5.0,-2.5,16.11031079432759
5.5,-2.5,15.569130797274532
6.0,-2.5,15.229404467007827
6.5,-2.5,15.018942155037358
7.0,-2.5,14.889625901501477
7.5,-2.5,14.81056948608534
8.0,-2.5,14.76238823751832
8.5,-2.5,14.733079308704658
9.0,-2.5,14.71527096889306
9.5,-2.5,14.704458023312482
10.0,-2.5,14.697895351958449
-10.0,-2.0,41.201797686051684
-9.5,-2.0,41.2016421401026
-9.0,-2.0,41.201385692121285
-8.5,-2.0,41.20096289157173
-8.0,-2.0,41.20026584037532
-7.5,-2.0,41.19911667623521
-7.0,-2.0,41.19722223957259
-6.5,-2.0,41.19409942502834
-6.0,-2.0,41.18895235972066
-5.5,-2.0,41.18047059069405
-5.0,-2.0,41.166498213367916
-4.5,-2.0,41.14349339599449
-4.0,-2.0,41.105650897471776
-3.5,-2.0,41.04349195535627
-3.0,-2.0,40.94163720875851
-2.5,-2.0,40.77539320087926
-2.0,-2.0,40.50579411553965
-1.5,-2.0,40.073109433631785
-1.0,-2.0,39.39015117941356
-0.5,-2.0,38.339984144273316
0.0,-2.0,36.78839158261578
0.5,-2.0,34.62612859993631
1.0,-2.0,31.846083302763173
1.5,-2.0,28.619757814684057
2.0,-2.0,25.29207418641053
2.5,-2.0,22.252322254640664
3.0,-2.0,19.76853192113687
3.5,-2.0,17.917413360299253
4.0,-2.0,16.63025979510143
4.5,-2.0,15.777824528322379
5.0,-2.0,15.23136142287382
5.5,-2.0,14.888318615580285
6.0,-2.0,14.675801728028008
6.5,-2.0,14.54522306311615
7.0,-2.0,14.465394883011227
7.5,-2.0,14.416743279367898
8.0,-2.0,14.387148230873683
8.5,-2.0,14.369166042453342
9.0,-2.0,14.35824753871487
9.5,-2.0,14.351620801238077
10.0,-2.0,14.347599887512187
-10.0,-1.5,41.075191361900856
-9.5,-1.5,41.074931297624104
-9.0,-1.5,41.07450253496213
-8.5,-1.5,41.07379565431399
-8.0,-1.5,41.07263028526166
-7.5,-1.5,41.070709134243145
-7.0,-1.5,41.06754228339998
-6.5,-1.5,41.062322636866874
-6.0,-1.5,41.05372126236551
-5.5,-1.5,41.039551853875444
-5.0,-1.5,41.01622263458834
-4.5,-1.5,40.97784650092565
-4.0,-1.5,40.91481102588892
-3.5,-1.5,40.81151997687777
-3.0,-1.5,40.64293168286844
-2.5,-1.5,40.369530852103516
-2.0,-1.5,39.93074467690618
-1.5,-1.5,39.23815570225956
-1.0,-1.5,38.1731797603434
-0.5,-1.5,36.59970745114961
0.0,-1.5,34.40695336575597
0.5,-1.5,31.58770532248527
1.0,-1.5,28.31588387825542
1.5,-1.5,24.941274994301747
2.0,-1.5,21.858658069180187
2.5,-1.5,19.339842622271604
3.0,-1.5,17.46262055477142
3.5,-1.5,16.157316222585617
4.0,-1.5,15.292860359105449
4.5,-1.5,14.73869131649235
5.0,-1.5,14.390811098783745
5.5,-1.5,14.17529740913165
6.0,-1.5,14.042877392119703
6.5,-1.5,13.961923516732305
7.0,-1.5,13.912585853596777
7.5,-1.5,13.882573471193277
8.0,-1.5,13.864337707348232
8.5,-1.5,13.85326523657539
9.0,-1.5,13.84654505230943
9.5,-1.5,13.842467437759263
10.0,-1.5,13.839993644455598
-10.0,-1.0,40.90188692532627
-9.5,-1.0,40.90145000391263
-9.0,-1.0,40.9007296723179
-8.5,-1.0,40.899542127928186
-8.0,-1.0,40.897584420102234
-7.5,-1.0,40.894357308532406
-7.0,-1.0,40.88903833945188
-6.5,-1.0,40.88027329286631
-6.0,-1.0,40.86583426042034
-5.5,-1.0,40.84206111883423
-5.0,-1.0,40.80295474121127
-4.5,-1.0,40.73871978955885
-4.0,-1.0,40.63346325686051
-3.5,-1.0,40.461666964240486
-3.0,-1.0,40.18306369940139
-2.5,-1.0,39.73592803915408
-2.0,-1.0,39.030160068412194
-1.5,-1.0,37.94491912908221
-1.0,-1.0,36.34150585031196
-0.5,-1.0,34.10702673234177
0.0,-1.0,31.234132355799872
0.5,-1.0,27.90005274169384
1.0,-1.0,24.461229787154693
1.5,-1.0,21.31995498859512
2.0,-1.0,18.753210019048026
2.5,-1.0,16.840267050402748
3.0,-1.0,15.51012460885231
3.5,-1.0,14.62921936360838
4.0,-1.0,14.064505261925515
4.5,-1.0,13.710005371945718
5.0,-1.0,13.490390759266583
5.5,-1.0,13.355450975190733
6.0,-1.0,13.272956661178581
6.5,-1.0,13.222680171562102
7.0,-1.0,13.19209669564573
7.5,-1.0,13.17351393080976
8.0,-1.0,13.162230766459022
8.5,-1.0,13.15538270651868
9.0,-1.0,13.151227500686813
9.5,-1.0,13.148706634568702
10.0,-1.0,13.147177428837006
-10.0,-0.5,40.684225480249935
-9.5,-0.5,40.68348826432854
-9.0,-0.5,40.68227288430374
-8.5,-0.5,40.680269288474705
-8.0,-0.5,40.67696653451139
-7.5,-0.5,40.671522890611485
-7.0,-0.5,40.66255239432628
-6.5,-0.5,40.64777491588917
-6.0,-0.5,40.62344453998029
-5.5,-0.5,40.58342152221651
-5.0,-0.5,40.51768092522676
-4.5,-0.5,40.40995721533588
-4.0,-0.5,40.234134076267004
-3.5,-0.5,39.949000446013464
-3.0,-0.5,39.49138407853924
-2.5,-0.5,38.76907314750787
-2.0,-0.5,37.65839453105435
-1.5,-0.5,36.01739779242483
-1.0,-0.5,33.7305432467664
-0.5,-0.5,30.790309206826258
0.0,-0.5,27.378079904799186
0.5,-0.5,23.85865211419796
1.0,-0.5,20.643746906771415
1.5,-0.5,18.01683831140857
2.0,-0.5,16.059056612644827
2.5,-0.5,14.697736086366628
3.0,-0.5,13.796182722909634
3.5,-0.5,13.218231915473131
4.0,-0.5,12.855422669096221
4.5,-0.5,12.63066036487092
5.0,-0.5,12.49255763832392
5.5,-0.5,12.408129685754353
6.0,-0.5,12.356674732385342
6.5,-0.5,12.325374390234492
7.0,-0.5,12.306356051734806
7.5,-0.5,12.294808413863686
8.0,-0.5,12.287799837736227
8.5,-0.5,12.283547235298224
9.0,-0.5,12.280967280938912
9.5,-0.5,12.279402231146925
10.0,-0.5,12.2784528964355
-10.0,0.0,40.43852121196174
-9.5,0.0,40.43727444375208
-9.0,0.0,40.435219103419264
-8.5,0.0,40.43183105312899
-8.0,0.0,40.42624682266553
-7.5,0.0,40.41704465596449
-7.0,0.0,40.401885537039945
-6.5,0.0,40.37692680923999
-6.0,0.0,40.335870164252675
-5.5,0.0,40.26843176248617
-5.0,0.0,40.15792599953222
-4.5,0.0,39.97756208384972
-4.0,0.0,39.68506464399257
-3.5,0.0,39.215629958915535
-3.0,0.0,38.47466475632035
-2.5,0.0,37.335301954647804
-2.0,0.0,35.6519251308187
-1.5,0.0,33.30601069296022
-1.0,0.0,30.289842700083952
-0.5,0.0,26.78948978078434
0.0,0.0,23.179169884118306
0.5,0.0,19.881237115824604
1.0,0.0,17.18648645383096
1.5,0.0,15.178143438738752
2.0,0.0,13.781665694576121
2.5,0.0,12.856828976889432
3.0,0.0,12.263952116351328
3.5,0.0,11.891773023946877
4.0,0.0,11.661206049073247
4.5,0.0,11.519536706469319
5.0,0.0,11.432928332855095
5.5,0.0,11.380144513159669
6.0,0.0,11.348035814029247
6.5,0.0,11.32852631135659
7.0,0.0,11.31668044627678
7.5,0.0,11.309490867928893
8.0,0.0,11.305128438548884
8.5,0.0,11.302481854754559
9.0,0.0,11.30087638626949
9.5,0.0,11.299902534211377
10.0,0.0,11.299311831365939
-10.0,0.5,40.192276003200405
-9.5,0.5,40.19016891836382
-9.0,0.5,40.18669557174658
-8.5,0.5,40.18097075471958
-8.0,0.5,40.17153691760269
-7.5,0.5,40.15599615819071
-7.0,0.5,40.13040907849969
-6.5,0.5,40.08831880628885
-6.0,0.5,40.01918259974558
-5.5,0.5,39.90589478372855
-5.0,0.5,39.72099009143243
-4.5,0.5,39.421128841971665
-4.0,0.5,38.93987583929183
-3.5,0.5,38.18025636513285
-3.0,0.5,37.01220937824127
-2.5,0.5,35.28645246921256
-2.0,0.5,32.881478139154034
-1.5,0.5,29.789376193341646
-1.0,0.5,26.20089965676949
-0.5,0.5,22.499687654038652
0.0,0.5,19.118727324877792
0.5,0.5,16.35613459625334
1.0,0.5,14.297230264832674
1.5,0.5,12.865595302785618
2.0,0.5,11.917475230869229
2.5,0.5,11.309672317229525
3.0,0.5,10.928123378797533
3.5,0.5,10.691751733275575
4.0,0.5,10.546515774614722
4.5,0.5,10.457726979955837
5.0,0.5,10.403614293933996
5.5,0.5,10.370697237823999
6.0,0.5,10.350696570978377
6.5,0.5,10.338552478689877
7.0,0.5,10.331181898121557
7.5,0.5,10.326709641799544
8.0,0.5,10.323996428570204
8.5,0.5,10.322350541392051
9.0,0.5,10.321352171987252
9.5,0.5,10.32074659782093
10.0,0.5,10.32037928656083
-10.0,1.0,39.97285378673629
-9.5,1.0,39.96930479772557
-9.0,1.0,39.963455305879194
-8.5,1.0,39.95381601906266
-8.0,1.0,39.93793681365955
-7.5,1.0,39.911792499645735
-7.0,1.0,39.86878558729408
-6.5,1.0,39.79814373541348
-6.0,1.0,39.68238874220392
-5.5,1.0,39.49345720345895
-5.0,1.0,39.18706558858374
-4.5,1.0,38.69533187867699
-4.0,1.0,37.919169444228515
-3.5,1.0,36.72568478021341
-3.0,1.0,34.96234441132544
-2.5,1.0,32.50499465357867
-2.0,1.0,29.345553044368028
-1.5,1.0,25.67892681987484
-1.0,1.0,21.89710998108192
-0.5,1.0,18.44251924305409
0.0,1.0,15.619762888613883
0.5,1.0,13.516019827074755
1.0,1.0,12.053206780299936
1.5,1.0,11.084438590170485
2.0,1.0,10.463398970777142
2.5,1.0,10.073540675948037
3.0,1.0,9.832021338879914
3.5,1.0,9.683622437747909
4.0,1.0,9.59290000453161
4.5,1.0,9.537608854757234
5.0,1.0,9.503974932412762
5.5,1.0,9.483538691903425
6.0,1.0,9.471130126094545
6.5,1.0,9.463599029339106
7.0,1.0,9.459029376410955
7.5,1.0,9.456257074940416
8.0,1.0,9.45457534370197
8.5,1.0,9.453555231851146
9.0,1.0,9.452936469516633
9.5,1.0,9.45256115896768
10.0,1.0,9.452333517116406
-10.0,1.5,39.796119822858
-9.5,1.5,39.79017100846419
-9.0,1.5,39.780368049563464
-8.5,1.5,39.764219220204446
-8.0,1.5,39.737630983891634
-7.5,1.5,39.6938938275797
-7.0,1.5,39.622052499083416
-6.5,1.5,39.50433202218666
-6.0,1.5,39.312192484830994
-5.5,1.5,39.00059843588162
-5.0,1.5,38.50051524092489
-4.5,1.5,37.711173810381155
-4.0,1.5,36.49742414895221
-3.5,1.5,34.70414281048779
-3.0,1.5,32.205068020164475
-2.5,1.5,28.991980077682637
-2.0,1.5,25.26309568331326
-1.5,1.5,21.41706477393486
-1.0,1.5,17.903816162469024
-0.5,1.5,15.033130285390309
0.0,1.5,12.893666322706084
0.5,1.5,11.406015166566629
1.0,1.5,10.420797594673413
1.5,1.5,9.789212916210307
2.0,1.5,9.39273494911001
2.5,1.5,9.147114689014847
3.0,1.5,8.996196020818939
3.5,1.5,8.903933148977885
4.0,1.5,8.84770317272256
4.5,1.5,8.813498156865215
5.0,1.5,8.792714915364948
5.5,1.5,8.780095655978172
6.0,1.5,8.772436683548355
6.5,1.5,8.767789439338506
7.0,1.5,8.764970065053518
7.5,1.5,8.763259778543084
8.0,1.5,8.762222345511148
8.5,1.5,8.761593076785154
9.0,1.5,8.761211393580115
9.5,1.5,8.760979886441197
10.0,1.5,8.76083946858124
-10.0,2.0,39.66354128561041
-9.5,2.0,39.65361872123493
-9.0,2.0,39.637272860711974
-8.5,2.0,39.61036022248548
-8.0,2.0,39.566089431033575
-7.5,2.0,39.49337156961607
-7.0,2.0,39.37421479030591
-6.5,2.0,39.17973096682017
-6.0,2.0,38.86433517244548
-5.5,2.0,38.358150484199285
-5.0,2.0,37.559178333227145
-4.5,2.0,36.3306197650223
-4.0,2.0,34.51545867902161
-3.5,2.0,31.985892785984138
-3.0,2.0,28.733602097404734
-2.5,2.0,24.959221746884623
-2.0,2.0,21.06626558182608
-1.5,2.0,17.510151977008544
-1.0,2.0,14.604440986525042
-0.5,2.0,12.438873517178248
0.0,2.0,10.933071594050816
0.5,2.0,9.935833425456487
1.0,2.0,9.296542809828841
1.5,2.0,8.895227432313469
2.0,2.0,8.646610370118488
2.5,2.0,8.493850349822491
3.0,2.0,8.400461782698963
3.5,2.0,8.34354574695144
4.0,2.0,8.30892339718481
4.5,2.0,8.28788658025984
5.0,2.0,8.275113353838693
5.5,2.0,8.267360934619708
6.0,2.0,8.262656989585583
6.5,2.0,8.259803216237694
7.0,2.0,8.258072062596003
7.5,2.0,8.257021971888815
8.0,2.0,8.25638502548249
8.5,2.0,8.255998685377284
9.0,2.0,8.255764353629843
9.5,2.0,8.255622222537689
10.0,2.0,8.255536015046177
-10.0,2.5,39.56672073253883
-9.5,2.5,39.5502397895497
-9.0,2.5,39.523104744828444
-8.5,2.5,39.47846809881168
-8.0,2.5,39.40514929576487
-7.5,2.5,39.28500780282719
-7.0,2.5,39.08891676175444
-6.5,2.5,38.770914531232506
-6.0,2.5,38.2605467242125
-5.5,2.5,37.454971853952166
-5.0,2.5,36.21626045708476
-4.5,2.5,34.386098849352294
-4.0,2.5,31.835628581246894
-3.5,2.5,28.55646090773853
-3.0,2.5,24.750889014545642
-2.5,2.5,20.82576139428945
-2.0,2.5,17.24026000685519
-1.5,2.5,14.310536171894604
-1.0,2.5,12.127072416572926
-0.5,2.5,10.608826521036749
0.0,2.5,9.603347159451273
0.5,2.5,8.958773435428123
1.0,2.5,8.554141580885926
1.5,2.5,8.303469943109135
2.0,2.5,8.149447511437161
2.5,2.5,8.055287179624848
3.0,2.5,7.997900788801016
3.5,2.5,7.96299231935383
4.0,2.5,7.94178165382012
4.5,2.5,7.928902869241079
5.0,2.5,7.921086383899332
5.5,2.5,7.91634356538436
6.0,2.5,7.913466208405546
6.5,2.5,7.9117207484810566
7.0,2.5,7.910661979806609
7.5,2.5,7.910019769664472
8.0,2.5,7.909630236838144
8.5,2.5,7.9093939685692005
9.0,2.5,7.909250662903314
9.5,2.5,7.909163742991639
10.0,2.5,7.909111023167915
-10.0,3.0,39.49314979730143
-9.5,3.0,39.4658688633809
-9.0,3.0,39.42099223233324
-8.5,3.0,39.34727923714199
-8.0,3.0,39.22649181395491
-7.5,3.0,39.029346506516994
-7.0,3.0,38.70963456476167
-6.5,3.0,38.1965228097782
-6.0,3.0,37.38661683654807
-5.5,3.0,36.14124561598488
-5.0,3.0,34.30124430412672
-4.5,3.0,31.737061655260252
-4.0,3.0,28.440263823000045
-3.5,3.0,24.614231604719002
-3.0,3.0,20.66800087844435
-2.5,3.0,17.063222355785783
-2.0,3.0,14.117747116367685
-1.5,3.0,11.922544158764218
-1.0,3.0,10.396135546701258
-0.5,3.0,9.385250313098421
0.0,3.0,8.737211094714127
0.5,3.0,8.330403772327067
1.0,3.0,8.078384420371373
1.5,3.0,7.923533900540426
2.0,3.0,7.828867323923557
2.5,3.0,7.771172400178829
3.0,3.0,7.736076248392888
3.5,3.0,7.714751545567452
4.0,3.0,7.701803519327337
4.5,3.0,7.693945009334466
5.0,3.0,7.689176691469757
5.5,3.0,7.686283864632317
6.0,3.0,7.684529020394908
6.5,3.0,7.683464559343103
7.0,3.0,7.682818896414198
7.5,3.0,7.682427269298631
8.0,3.0,7.682189730753965
8.5,3.0,7.682045654617675
9.0,3.0,7.6819582673886835
9.5,3.0,7.6819052641214265
10.0,3.0,7.681873115928833
-10.0,3.5,39.429405051415515
-9.5,3.5,39.384375530802444
-9.0,3.5,39.310411403840874
-8.5,3.5,39.18921247167445
-8.0,3.5,38.991395512651394
-7.5,3.5,38.670594348762116
-7.0,3.5,38.15573448053129
-6.5,3.5,37.3430692499909
-6.0,3.5,36.093455191668866
-5.5,3.5,34.24718520512693
-5.0,3.5,31.674266678328227
-4.5,3.5,28.36623703173428
-4.0,3.5,24.5271699579064
-3.5,3.5,20.567494873472466
-3.0,3.5,16.95043528138205
-2.5,3.5,13.994925143648365
-2.0,3.5,11.792243379851985
-1.5,3.5,10.260634467679521
-1.0,3.5,9.246305263340766
-0.5,3.5,8.596058249224912
0.0,3.5,8.187864980672165
0.5,3.5,7.934987027518069
1.0,3.5,7.779608949621168
1.5,3.5,7.6846198547710705
2.0,3.5,7.626728370999168
2.5,3.5,7.591512650625541
3.0,3.5,7.570115296968891
3.5,3.5,7.55712315827963
4.0,3.5,7.549237875239193
4.5,3.5,7.544453312259174
5.0,3.5,7.541550629890521
5.5,3.5,7.539789807098872
6.0,3.5,7.538721719549628
6.5,3.5,7.538073856920738
7.0,3.5,7.537680895576239
7.5,3.5,7.537442547764834
8.0,3.5,7.537297980777574
8.5,3.5,7.537210295830256
9.0,3.5,7.537157111986912
9.5,3.5,7.5371248542690905
10.0,3.5,7.537105288942492
-10.0,4.0,39.361479996430404
-9.5,4.0,39.28735884287063
-9.0,4.0,39.16590260413131
-8.5,4.0,38.96766567768054
-8.0,4.0,38.64618344963845
-7.5,4.0,38.130230528640226
-7.0,4.0,37.315840001501634
-6.5,4.0,36.06357299974993
-6.0,4.0,34.21338336313879
-5.5,4.0,31.635002503986115
-5.0,4.0,28.319949876610504
-4.5,4.0,24.4727324241103
-4.0,4.0,20.50465090896369
-3.5,4.0,16.879912262355873
-3.0,4.0,13.918127546364197
-2.5,4.0,11.710769466649314
-2.0,4.0,10.175908933087577
-1.5,4.0,9.159426297471176
-1.0,4.0,8.507798802292172
-0.5,4.0,8.098738935254373
0.0,4.0,7.845324119618726
0.5,4.0,7.6896161724728955
1.0,4.0,7.59442541480267
1.5,4.0,7.536411026818475
2.0,4.0,7.50112054311023
2.5,4.0,7.479677762652867
3.0,4.0,7.466658041520257
3.5,4.0,7.458756017943256
4.0,4.0,7.4539612972870835
4.5,4.0,7.451052452494066
5.0,4.0,7.449287891457617
5.5,4.0,7.448217536347578
6.0,4.0,7.4475682982997
6.5,4.0,7.447174502694246
7.0,4.0,7.446935648868
7.5,4.0,7.446790774963547
8.0,4.0,7.4467029038601895
8.5,4.0,7.446649607107001
9.0,4.0,7.4466172809057145
9.5,4.0,7.446597674041728
10.0,4.0,7.44658578186589
-10.0,4.5,39.27311279477408
-9.5,4.5,39.15149754542342
-9.0,4.5,38.953001087019466
-8.5,4.5,38.63109797417025
-8.0,4.5,38.11446956716782
-7.5,4.5,37.299012839256555
-7.0,4.5,36.045106368478166
-6.5,4.5,34.192494462016846
-6.0,4.5,31.610737984444395
-5.5,4.5,28.29134528734179
-5.0,4.5,24.43909105447168
-4.5,4.5,20.46581452362127
-4.0,4.5,16.83633036608596
-3.5,4.5,13.87066807901816
-3.0,4.5,11.660420124222771
-2.5,4.5,10.123550149941494
-2.0,4.5,9.105736734391641
-1.5,4.5,8.453256127940207
-1.0,4.5,8.043660719375618
-0.5,4.5,7.789914132847216
0.0,4.5,7.634002332724187
0.5,4.5,7.538686951232836
1.0,4.5,7.480596610762415
1.5,4.5,7.445259924722801
2.0,4.5,7.423789071358977
2.5,4.5,7.410752304796356
3.0,4.5,7.402839935883348
3.5,4.5,7.398038937974802
4.0,4.5,7.395126284919703
4.5,4.5,7.39335941371844
5.0,4.5,7.392287657298579
5.5,4.5,7.391637569267694
6.0,4.5,7.391243258104697
6.5,4.5,7.391004091570818
7.0,4.5,7.390859027997325
7.5,4.5,7.3907710418530455
8.0,4.5,7.390717675323702
8.5,4.5,7.390685306800925
9.0,4.5,7.390665674267615
9.5,4.5,7.390653766522531
10.0,4.5,7.390646544105738
-10.0,5.0,39.14265995711641
-9.5,5.0,38.944004274331554
-9.0,5.0,38.62184294617579
-8.5,5.0,38.10480012453381
-8.0,5.0,37.288689276172725
-7.5,5.0,36.03377698149638
-7.0,5.0,34.179678998224226
-6.5,5.0,31.595851558881996
-6.0,5.0,28.273796203455767
-5.5,5.0,24.418451876181702
-5.0,5.0,20.44198817261859
-4.5,5.0,16.80959261619668
-4.0,5.0,13.841551416449878
-3.5,5.0,11.629530506282489
-3.0,5.0,10.091427728291988
-2.5,5.0,9.072797871419848
-2.0,5.0,8.419793876181277
-1.5,5.0,8.009869909737745
-1.0,5.0,7.7559197798138015
-0.5,5.0,7.599882914689361
0.0,5.0,7.5044910757502
0.5,5.0,7.446354137982415
1.0,5.0,7.410989106540555
1.5,5.0,7.389501030283375
2.0,5.0,7.376453806249112
2.5,5.0,7.36853509041157
3.0,5.0,7.363730241371747
3.5,5.0,7.360815251925442
4.0,5.0,7.359046963424468
4.5,5.0,7.3579743472927825
5.0,5.0,7.357323737792321
5.5,5.0,7.356929110331737
6.0,5.0,7.356689751949884
6.5,5.0,7.35654457201332
7.0,5.0,7.356456515290755
7.5,5.0,7.356403105953331
8.0,5.0,7.35637071146607
8.5,5.0,7.35635106318448
9.0,5.0,7.356339145887571
9.5,5.0,7.356331917677299
10.0,5.0,7.3563275335445715
-10.0,5.5,38.93850926838296
-9.5,5.5,38.61619022941397
-9.0,5.5,38.09889429469866
-8.5,5.5,37.282383927542696
-8.0,5.5,36.02685730327049
-7.5,5.5,34.17185166512113
-7.0,5.5,31.58675933924197
-6.5,5.5,28.263077705284115
-6.0,5.5,24.40584603326691
-5.5,5.5,20.427435692197495
-5.0,5.5,16.79326193334373
-4.5,5.5,13.82376775910743
-4.0,5.5,11.610663976521366
-3.5,5.5,10.07180823590392
-3.0,5.5,9.05267971910873
-2.5,5.5,8.39935605238221
-2.0,5.5,7.989231411815311
-1.5,5.5,7.73515696317894
-1.0,5.5,7.579043711788544
-0.5,5.5,7.483605174741387
0.0,5.5,7.425439776624911
0.5,5.5,7.390057432590317
1.0,5.5,7.368558837063179
1.5,5.5,7.3555052258926175
2.0,5.5,7.347582633527992
2.5,5.5,7.342775432323015
3.0,5.5,7.33985901587317
3.5,5.5,7.33808986172448
4.0,5.5,7.337016720504438
4.5,5.5,7.336365792504689
5.0,5.5,7.335970971858231
5.5,5.5,7.335731496300908
6.0,5.5,7.335586245292977
6.5,5.5,7.335498145463136
7.0,5.5,7.335444709979712
7.5,5.5,7.335412299634059
8.0,5.5,7.335392641733851
8.5,5.5,7.33538071860295
9.0,5.5,7.335373486854182
9.5,5.5,7.335369100575247
10.0,5.5,7.335366440161996
-10.0,6.0,38.612747116649096
-9.5,6.0,38.09529700883606
-9.0,6.0,37.278543291744064
-8.5,6.0,36.02264247464345
-8.0,6.0,34.16708397700624
-7.5,6.0,31.581221199118794
-7.0,6.0,28.256548986540537
-6.5,6.0,24.39816771848826
-6.0,6.0,20.41857166571084
-5.5,6.0,16.783314790233753
-5.0,6.0,13.812935598186975
-4.5,6.0,11.59917222977615
-4.0,6.0,10.05985785389684
-3.5,6.0,9.040425599550536
-3.0,6.0,8.38690721848981
-2.5,6.0,7.976660345788373
-2.0,6.0,7.722510173678899
-1.5,6.0,7.5663503948330435
-1.0,6.0,7.470883413613196
-0.5,6.0,7.41270068008191
0.0,6.0,7.377307790815433
0.5,6.0,7.355802787920969
1.0,6.0,7.342745286297119
1.5,6.0,7.3348203327103665
2.0,6.0,7.33001169878371
2.5,6.0,7.327094413135155
3.0,6.0,7.32532473171386
3.5,6.0,7.3242512706585075
4.0,6.0,7.32360014865842
4.5,6.0,7.323205210340976
5.0,6.0,7.322965663411185
5.5,6.0,7.322820369113143
6.0,6.0,7.3227322430263335
6.5,6.0,7.322678791617181
7.0,6.0,7.322646371612061
7.5,6.0,7.32262670785308
8.0,6.0,7.3226147811686495
8.5,6.0,7.322607547264556
9.0,6.0,7.3226031596783505
9.5,6.0,7.322600498472199
10.0,6.0,7.322598884368869
-10.0,6.5,38.093109516649974
-9.5,6.5,37.27620781963536
-9.0,6.5,36.020079457680225
-8.5,6.5,34.16418476885449
-8.0,6.5,31.577853482816103
-7.5,6.5,28.252578904155577
-7.0,6.5,24.393498572297993
-6.5,6.5,20.413181493948713
-6.0,6.5,16.77726598047603
-5.5,6.5,13.80634861336646
-5.0,6.5,11.592184153996277
-4.5,6.5,10.052590884225875
-4.0,6.5,9.03297392853943
-3.5,6.5,8.379337142631034
-3.0,6.5,7.969015941158015
-2.5,6.5,7.714819721969704
-2.0,6.5,7.558631650002549
-1.5,6.5,7.463147372018454
-1.0,6.5,7.4049540969050165
-0.5,6.5,7.369554795133882
0.0,6.5,7.348045895950247
0.5,6.5,7.334986028560513
1.0,6.5,7.327059639125971
1.5,6.5,7.322250133968169
2.0,6.5,7.319332319764071
2.5,6.5,7.3175623177108475
3.0,6.5,7.316488662165184
3.5,6.5,7.315837422194426
4.0,6.5,7.315442412321825
4.5,6.5,7.315202821990778
5.0,6.5,7.315057501368231
5.5,6.5,7.314969359314683
6.0,6.5,7.314915898221173
6.5,6.5,7.314883472342177
7.0,6.5,7.314863805020504
7.5,6.5,7.314851876175191
8.0,6.5,7.314844640960454
8.5,6.5,7.3148402525793035
9.0,6.5,7.314837590890993
9.5,6.5,7.314835976495219
10.0,6.5,7.314834997314604
-10.0,7.0,37.27478906669144
-9.5,7.0,36.01852247575426
-9.0,7.0,34.16242355745531
-8.5,7.0,31.575807662015716
-8.0,7.0,28.250167157917954
-7.5,7.0,24.39066215867596
-7.0,7.0,20.409907071605065
-6.5,7.0,16.773591448624867
-6.0,7.0,13.802347150848119
-5.5,7.0,11.587939036682297
-5.0,7.0,10.048176344409459
-4.5,7.0,9.02844718632544
-4.0,7.0,8.374738471822571
-3.5,7.0,7.964372117096338
-3.0,7.0,7.710147925221727
-2.5,7.0,7.553942665745037
-2.0,7.0,7.458447880320025
-1.5,7.0,7.400248201404695
-1.0,7.0,7.364845004164278
-0.5,7.0,7.3433337380623165
0.0,7.0,7.330272433516771
0.5,7.0,7.322345171833201
1.0,7.0,7.317535137419773
1.5,7.0,7.314617002128676
2.0,7.0,7.31284680529792
2.5,7.0,7.311773031603254
3.0,7.0,7.311121719967656
3.5,7.0,7.310726666626716
4.0,7.0,7.310487049930269
4.5,7.0,7.310341713316106
5.0,7.0,7.310253561563083
5.5,7.0,7.310200094586518
6.0,7.0,7.310167665139258
6.5,7.0,7.310147995653322
7.0,7.0,7.310136065495315
7.5,7.0,7.310128829484388
8.0,7.0,7.310124440620323
8.5,7.0,7.310121778639111
9.0,7.0,7.310120164065683
9.5,7.0,7.310119184777315
10.0,7.0,7.310118590808875
-10.0,7.5,36.01757722150115
-9.5,7.5,34.161354314108344
-9.0,7.5,31.574565630377204
-8.5,7.5,28.24870297047268
-8.0,7.5,24.38894015279069
-7.5,7.5,20.40791914766377
-7.0,7.5,16.771360615496654
-6.5,7.5,13.799917835901676
-6.0,7.5,11.585361797262214
-5.5,7.5,10.045496247442781
-5.0,7.5,9.025698970524656
-4.5,7.5,8.371946587685816
-4.0,7.5,7.961552820114303
-3.5,7.5,7.707311645832731
-3.0,7.5,7.551095951702809
-2.5,7.5,7.455594787139381
-2.0,7.5,7.39739122043263
-1.5,7.5,7.361985658226476
-1.0,7.5,7.340472955152397
-0.5,7.5,7.327410778099843
0.0,7.5,7.319482986867992
0.5,7.5,7.314672631139896
1.0,7.5,7.31175430091471
1.5,7.5,7.309983985833197
2.0,7.5,7.3089101404094725
2.5,7.5,7.308258785265666
3.0,7.5,7.307863705534805
3.5,7.5,7.307624072831745
4.0,7.5,7.307478726508962
4.5,7.5,7.307390568867323
5.0,7.5,7.307337098319115
5.5,7.5,7.30730466670554
6.0,7.5,7.307284995905664
6.5,7.5,7.307273064950711
7.0,7.5,7.307265828456412
7.5,7.5,7.307261439299167
8.0,7.5,7.307258777140132
8.5,7.5,7.307257162458849
9.0,7.5,7.307256183105064
9.5,7.5,7.307255589096945
10.0,7.5,7.307255228812788
-10.0,8.0,34.1607054115365
-9.5,8.0,31.57381186601959
-9.0,8.0,28.247814384163867
-8.5,8.0,24.387895101586142
-8.0,8.0,20.40671271606725
-7.5,8.0,16.770006767134284
-7.0,8.0,13.798443532862004
-6.5,8.0,11.583797721794538
-6.0,8.0,10.043869749770925
-5.5,8.0,9.024031132883968
-5.0,8.0,8.37025224859847
-4.5,8.0,7.959841844715069
-4.0,8.0,7.705590364147673
-3.5,8.0,7.549368337433742
-3.0,8.0,7.45386330149778
-2.5,8.0,7.395657375367556
-2.0,8.0,7.36025037791062
-1.5,8.0,7.338736802766677
-1.0,8.0,7.32567409620693
-0.5,8.0,7.317745983602734
0.0,8.0,7.312935432875141
0.5,8.0,7.310016984348325
1.0,8.0,7.308246597502775
1.5,8.0,7.307172708548108
2.0,8.0,7.306521327000032
2.5,8.0,7.306126231253651
3.0,8.0,7.305886588836494
3.5,8.0,7.305741236621746
4.0,8.0,7.305653075406421
4.5,8.0,7.305599602690655
5.0,8.0,7.305567169762384
5.5,8.0,7.305547498165104
6.0,8.0,7.305535566726501
6.5,8.0,7.305528329938853
7.0,8.0,7.305523940603682
7.5,8.0,7.305521278336731
8.0,8.0,7.305519663589993
8.5,8.0,7.305518684196507
9.0,8.0,7.305518090164309
9.5,8.0,7.305517729865546
10.0,8.0,7.3055175113333
-10.0,8.5,31.573354525021156
-9.5,8.5,28.247275240934865
-9.0,8.5,24.38726102442864
-8.5,8.5,20.405980722539937
-8.0,8.5,16.76918532956494
-7.5,8.5,13.797549010300212
-7.0,8.5,11.58284873047014
-6.5,8.5,10.042882884231734
-6.0,8.5,9.023019184621731
-5.5,8.5,8.369224220777749
-5.0,8.5,7.958803722934064
-4.5,8.5,7.704545989103292
-4.0,8.5,7.5483201201404375
-3.5,8.5,7.452812735277571
-3.0,8.5,7.394605377584449
-2.5,8.5,7.359197509299624
-2.0,8.5,7.337683405033682
-1.5,8.5,7.324620377199328
-1.0,8.5,7.316692069604818
-0.5,8.5,7.311881400562708
0.0,8.5,7.308962880257246
0.5,8.5,7.307192449869392
1.0,8.5,7.3061185345026445
1.5,8.5,7.305467136933973
2.0,8.5,7.305072031470293
2.5,8.5,7.304832383159179
3.0,8.5,7.304687027369522
3.5,8.5,7.304598863985891
4.0,8.5,7.304545389954973
4.5,8.5,7.304512956229022
5.0,8.5,7.304493284147924
5.5,8.5,7.304481352415868
6.0,8.5,7.304474115450234
6.5,8.5,7.304469726007109
7.0,8.5,7.304467063674679
7.5,8.5,7.304465448888226
8.0,8.5,7.304464469470653
8.5,8.5,7.304463875423845
9.0,8.5,7.30446351511622
9.5,8.5,7.304463296578599
10.0,8.5,7.3044631640288324
-10.0,9.0,28.246948164702317
-9.5,9.0,24.386876355649246
-9.0,9.0,20.40553665188805
-8.5,9.0,16.768686996856673
-8.0,9.0,13.797006339904481
-7.5,9.0,11.582273016095172
-7.0,9.0,10.042284193113634
-6.5,9.0,9.02240527683742
-6.0,9.0,8.36860055818038
-5.5,9.0,7.958173936742216
-5.0,9.0,7.703912409311309
-4.5,9.0,7.547684209412562
-4.0,9.0,7.452175399551438
-3.5,9.0,7.393967173387429
-3.0,9.0,7.358558776806799
-2.5,9.0,7.337044351544096
-2.0,9.0,7.323981128805527
-1.5,9.0,7.316052702918336
-1.0,9.0,7.311241962099632
-0.5,9.0,7.308323398248987
0.0,9.0,7.3065529414457915
0.5,9.0,7.305479010055912
1.0,9.0,7.304827602768197
1.5,9.0,7.304432491409426
2.0,9.0,7.304192839522689
2.5,9.0,7.304047481564282
3.0,9.0,7.303959316865227
3.5,9.0,7.303905842036461
4.0,9.0,7.30387340782659
4.5,9.0,7.303853735451977
5.0,9.0,7.303841803541898
5.5,9.0,7.303834566468285
6.0,9.0,7.303830176959667
6.5,9.0,7.303827514587515
7.0,9.0,7.30382589977697
7.5,9.0,7.303824920344783
8.0,9.0,7.303824326289112
8.5,9.0,7.303823965976111
9.0,9.0,7.30382374743523
9.5,9.0,7.303823614883484
10.0,9.0,7.303823534486786
-10.0,9.5,24.38664301223499
-9.5,9.5,20.405267274783295
-9.0,9.5,16.768384703918404
-8.5,9.5,13.79667715134087
-8.0,9.5,11.58192378276747
-7.5,9.5,10.041921021894481
-7.0,9.5,9.022032875056714
-6.5,9.5,8.368222239045556
-6.0,9.5,7.957791902981928
-5.5,9.5,7.703528074320314
-5.0,9.5,7.547298460455662
-4.5,9.5,7.4517887861782475
-4.0,9.5,7.393580033192273
-3.5,9.5,7.358171316142832
-3.0,9.5,7.336656696160713
-2.5,9.5,7.323593355191559
-2.0,9.5,7.315664857547003
-1.5,9.5,7.3108540731879925
-1.0,9.5,7.307935482922465
-0.5,9.5,7.306165010095493
0.0,9.5,7.305091068985842
0.5,9.5,7.304439655802472
1.0,9.5,7.3040445408676895
1.5,9.5,7.303804886811949
2.0,9.5,7.303659527537958
2.5,9.5,7.303571362040955
3.0,9.5,7.303517886728208
3.5,9.5,7.303485452224785
4.0,9.5,7.303465779672125
4.5,9.5,7.303453847654054
5.0,9.5,7.303446610514941
5.5,9.5,7.303442220966596
6.0,9.5,7.303439558570347
6.5,9.5,7.3034379437451875
7.0,9.5,7.303436964304137
7.5,9.5,7.303436370243088
8.0,9.5,7.303436009926826
8.5,9.5,7.303435791383968
9.0,9.5,7.303435658831022
9.5,9.5,7.303435578433596
10.0,9.5,7.303435529670092
-10.0,10.0,20.40510387656514
-9.5,10.0,16.768201339680676
-9.0,10.0,13.796477472809237
-8.5,10.0,11.581711945523468
-8.0,10.0,10.041700730232538
-7.5,10.0,9.021806984339452
-7.0,10.0,8.367992758991633
-6.5,10.0,7.957560169718017
-6.0,10.0,7.703294945180546
-5.5,10.0,7.54706447363532
-5.0,10.0,7.4515542750220245
-4.5,10.0,7.393345202477451
-4.0,10.0,7.357936291038687
-3.5,10.0,7.336421552944061
-3.0,10.0,7.323358140258837
-2.5,10.0,7.315429599087844
-2.0,10.0,7.310618788318245
-1.5,10.0,7.30770018203003
-1.0,10.0,7.30592969948339
-0.5,10.0,7.304855752477939
0.0,10.0,7.304204335718394
0.5,10.0,7.3038092186144805
1.0,10.0,7.30356956324307
1.5,10.0,7.303424203171075
2.0,10.0,7.303336037190055
2.5,10.0,7.303282561583735
3.0,10.0,7.303250126902251
3.5,10.0,7.303230454241591
4.0,10.0,7.303218522158016
4.5,10.0,7.303211284979172
5.0,10.0,7.303206895406729
5.5,10.0,7.303204232995864
6.0,10.0,7.303202618161838
6.5,10.0,7.30320163871541
7.0,10.0,7.3032010446511
7.5,10.0,7.30320068433286
8.0,10.0,7.3032004657888026
8.5,10.0,7.30320033323513
9.0,10.0,7.303200252837262
9.5,10.0,7.30320020407349
10.0,10.0,7.303200174496765
