theta0,theta1,value
-10.0,-10.0,120.3064141129882
-9.5,-10.0,120.30641412220423
-9.0,-10.0,120.30641413738758
-8.5,-10.0,120.30641416239055
-8.0,-10.0,120.30641420352991
-7.5,-10.0,120.30641427113197
-7.0,-10.0,120.30641438197607
-6.5,-10.0,120.30641456306314
-6.0,-10.0,120.30641485709667
-5.5,-10.0,120.30641532955966
-5.0,-10.0,120.30641607500579
-4.5,-10.0,120.30641721279508
-4.0,-10.0,120.3064188399906
-3.5,-10.0,120.30642084372968
-3.0,-10.0,120.3064222878669
-2.5,-10.0,120.30641955264434
-2.0,-10.0,120.30640085477093
-1.5,-10.0,120.3063301670931
-1.0,-10.0,120.30609926677434
-0.5,-10.0,120.30537984482406
0.0,-10.0,120.30315252537075
0.5,-10.0,120.29637342872296
1.0,-10.0,120.28224024414837
1.5,-10.0,120.45600643927324
2.0,-10.0,125.49781960720019
2.5,-10.0,144.16065521826206
3.0,-10.0,169.50355274536608
3.5,-10.0,195.6620555138476
4.0,-10.0,214.1609703077233
4.5,-10.0,227.14831491941155
5.0,-10.0,237.53244227710007
5.5,-10.0,244.10457540930003
6.0,-10.0,247.30161575756068
6.5,-10.0,248.67528048793207
7.0,-10.0,249.2975130067023
7.5,-10.0,249.6794295925984
8.0,-10.0,250.04719767767193
8.5,-10.0,250.50875594010836
9.0,-10.0,251.11505145960888
9.5,-10.0,251.86784082991804
10.0,-10.0,252.71410246986946
-10.0,-9.5,120.30626688041625
-9.5,-9.5,120.30626689561045
-9.0,-9.5,120.30626692064511
-8.5,-9.5,120.30626696186562
-8.0,-9.5,120.30626702969334
-7.5,-9.5,120.30626714115034
-7.0,-9.5,120.30626732390259
-6.5,-9.5,120.30626762246375
-6.0,-9.5,120.30626810724318
-5.5,-9.5,120.30626888620215
-5.0,-9.5,120.3062701152361
-4.5,-9.5,120.30627199113206
-4.0,-9.5,120.30627467391983
-3.5,-9.5,120.30627797751916
-3.0,-9.5,120.30628035847553
-2.5,-9.5,120.30627584880192
-2.0,-9.5,120.3062450211078
-1.5,-9.5,120.30612847682086
-1.0,-9.5,120.30574778862099
-0.5,-9.5,120.30456168295571
0.0,-9.5,120.30088963078757
0.5,-9.5,120.28971617950343
1.0,-9.5,120.26676080135839
1.5,-9.5,120.59475445515183
2.0,-9.5,128.30015596290693
2.5,-9.5,150.5797571467547
3.0,-9.5,178.269736935784
3.5,-9.5,203.52788202370502
4.0,-9.5,220.23764542975584
4.5,-9.5,232.5641670364053
5.0,-9.5,241.29880476602756
5.5,-9.5,246.04302431074368
6.0,-9.5,248.1744199075924
6.5,-9.5,249.10784726493637
7.0,-9.5,249.60888861178228
7.5,-9.5,250.02107814898346
8.0,-9.5,250.49904744031195
8.5,-9.5,251.11138677087789
9.0,-9.5,251.86639977099358
9.5,-9.5,252.71347932536725
10.0,-9.5,253.55924505463219
-10.0,-9.0,120.30602415387955
-9.5,-9.0,120.30602417893135
-9.0,-9.0,120.30602422020391
-8.5,-9.0,120.30602428816815
-8.0,-9.0,120.3060243999962
-7.5,-9.0,120.30602458375816
-7.0,-9.0,120.30602488506509
-6.5,-9.0,120.30602537730951
-6.0,-9.0,120.30602617657541
-5.5,-9.0,120.30602746086043
-5.0,-9.0,120.30602948719323
-4.5,-9.0,120.30603258001835
-4.0,-9.0,120.30603700318358
-3.5,-9.0,120.30604244987143
-3.0,-9.0,120.30604637534353
-2.5,-9.0,120.30603893999455
-2.0,-9.0,120.30598811341852
-1.5,-9.0,120.30579596434396
-1.0,-9.0,120.30516832123456
-0.5,-9.0,120.3032128196123
0.0,-9.0,120.29715910963807
0.5,-9.0,120.27874642270874
1.0,-9.0,120.24183835846645
1.5,-9.0,120.87767953625078
2.0,-9.0,132.1533440394747
2.5,-9.0,158.1653310302763
3.0,-9.0,187.59499820285035
3.5,-9.0,210.95185224671877
4.0,-9.0,226.30057855210887
4.5,-9.0,237.3586098752935
5.0,-9.0,244.1068557731744
5.5,-9.0,247.36922940594513
6.0,-9.0,248.79762267519817
6.5,-9.0,249.49281099018276
7.0,-9.0,249.97801767696726
7.5,-9.0,250.4830351370624
8.0,-9.0,251.10534258538317
8.5,-9.0,251.86402328542306
9.0,-9.0,252.7124518026566
9.5,-9.0,253.55871365772796
10.0,-9.0,254.30854040623424
-10.0,-8.5,120.30562401693778
-9.5,-8.5,120.30562405824207
-9.0,-8.5,120.30562412628784
-8.5,-8.5,120.30562423834179
-8.0,-8.5,120.30562442271562
-7.5,-8.5,120.30562472568768
-7.0,-8.5,120.30562522245833
-6.5,-8.5,120.30562603403283
-6.0,-8.5,120.30562735179736
-5.5,-8.5,120.30562946922642
-5.0,-8.5,120.3056328100813
-4.5,-8.5,120.30563790927843
-4.0,-8.5,120.30564520182054
-3.5,-8.5,120.30565418182725
-3.0,-8.5,120.30566065367066
-2.5,-8.5,120.30564839443937
-2.0,-8.5,120.30556459475895
-1.5,-8.5,120.30524779441133
-1.0,-8.5,120.30421300115397
-0.5,-8.5,120.30098907629183
0.0,-8.5,120.29100950204813
0.5,-8.5,120.26067720299865
1.0,-8.5,120.20236745741401
1.5,-8.5,121.44961666491365
2.0,-8.5,137.28453508512845
2.5,-8.5,166.99072107569506
3.0,-8.5,196.96602607449654
3.5,-8.5,218.07686508602842
4.0,-8.5,232.04817770710264
4.5,-8.5,241.22198547701444
5.0,-8.5,246.09280315688497
5.5,-8.5,248.29260861539268
6.0,-8.5,249.30202592782217
6.5,-8.5,249.90703101788208
7.0,-8.5,250.45661975471998
7.5,-8.5,251.09537159598307
8.0,-8.5,251.86010354265468
8.5,-8.5,252.71075734758577
9.0,-8.5,253.55783748683967
9.5,-8.5,254.3079651639646
10.0,-8.5,254.9052286070918
-10.0,-8.0,120.30496444250896
-9.5,-8.0,120.3049645106064
-9.0,-8.0,120.30496462279652
-8.5,-8.0,120.30496480754184
-8.0,-8.0,120.30496511152298
-7.5,-8.0,120.30496561103912
-7.0,-8.0,120.3049664300762
-6.5,-8.0,120.30496776813554
-6.0,-8.0,120.30496994076044
-5.5,-8.0,120.30497343180632
-5.0,-8.0,120.30497893993541
-4.5,-8.0,120.30498734707007
-4.0,-8.0,120.3049993703724
-3.5,-8.0,120.30501417572857
-3.0,-8.0,120.30502484553776
-2.5,-8.0,120.30500463235934
-2.0,-8.0,120.30486646780085
-1.5,-8.0,120.30434415211528
-1.0,-8.0,120.30263810802025
-0.5,-8.0,120.29732316835711
0.0,-8.0,120.28087318206603
0.5,-8.0,120.23093199797873
1.0,-8.0,120.14165274169467
1.5,-8.0,122.56429306873483
2.0,-8.0,143.92155677064093
2.5,-8.0,176.9464221660697
3.0,-8.0,206.02196589158493
3.5,-8.0,224.90455304994697
4.0,-8.0,237.06748653958772
4.5,-8.0,244.1080376894316
5.0,-8.0,247.4763234027832
5.5,-8.0,248.98901828841437
6.0,-8.0,249.79001102566517
6.5,-8.0,250.41302549644234
7.0,-8.0,251.07891637843875
7.5,-8.0,251.8536366790314
8.0,-8.0,252.70796269376862
8.5,-8.0,253.55639280144325
9.0,-8.0,254.30701682864688
9.5,-8.0,254.9044627990285
10.0,-8.0,255.34088578126014
-10.0,-7.5,120.30387736812254
-9.5,-7.5,120.30387748039412
-9.0,-7.5,120.30387766536548
-8.5,-7.5,120.30387796995866
-8.0,-7.5,120.3038784711401
-7.5,-7.5,120.30387929470173
-7.0,-7.5,120.30388064506498
-6.5,-7.5,120.30388285114971
-6.0,-7.5,120.30388643320127
-5.5,-7.5,120.30389218895436
-5.0,-7.5,120.30390127029914
-4.5,-7.5,120.3039151312562
-4.0,-7.5,120.30393495415521
-3.5,-7.5,120.30395936359211
-3.0,-7.5,120.30397695389789
-2.5,-7.5,120.30394362494764
-2.0,-7.5,120.30371582400264
-1.5,-7.5,120.30285467044145
-1.0,-7.5,120.30004199221598
-0.5,-7.5,120.29128026287401
0.0,-7.5,120.26416846852383
0.5,-7.5,120.18201564000859
1.0,-7.5,120.05322028573279
1.5,-7.5,124.61135454065182
2.0,-7.5,152.24992063264128
2.5,-7.5,187.64063216290694
3.0,-7.5,214.60870414811862
3.5,-7.5,231.18653600989504
4.0,-7.5,241.09039900700824
4.5,-7.5,246.1698785308311
5.0,-7.5,248.4768369814448
5.5,-7.5,249.59710373805856
6.0,-7.5,250.34103312927724
6.5,-7.5,251.05174310529097
7.0,-7.5,251.84296291494945
7.5,-7.5,252.70335245011324
8.0,-7.5,253.5540105808629
8.5,-7.5,254.3054535021501
9.0,-7.5,254.90320053718114
9.5,-7.5,255.33973422956413
10.0,-7.5,255.6389276890312
-10.0,-7.0,120.30208611768738
-9.5,-7.0,120.3020863027948
-9.0,-7.0,120.30208660775979
-8.5,-7.0,120.30208710994984
-8.0,-7.0,120.30208793625678
-7.5,-7.0,120.30208929408107
-7.0,-7.0,120.30209152045269
-6.5,-7.0,120.30209515766703
-6.0,-7.0,120.30210106346244
-5.5,-7.0,120.30211055307032
-5.0,-7.0,120.3021255256156
-4.5,-7.0,120.30214837829197
-4.0,-7.0,120.30218106025282
-3.5,-7.0,120.30222130333068
-3.0,-7.0,120.30225030148578
-2.5,-7.0,120.30219534303055
-2.0,-7.0,120.3018197461997
-1.5,-7.0,120.30039994243954
-1.0,-7.0,120.29576292707105
-0.5,-7.0,120.28132033402196
0.0,-7.0,120.23664675865626
0.5,-7.0,120.10170837592922
1.0,-7.0,119.93824916957695
1.5,-7.0,128.10916496653192
2.0,-7.0,162.3400055513471
2.5,-7.0,198.5100360802101
3.0,-7.0,222.59569117592346
3.5,-7.0,236.57463912770248
4.0,-7.0,244.1030835157252
4.5,-7.0,247.64159689592242
5.0,-7.0,249.2790327913042
5.5,-7.0,250.22201084960588
6.0,-7.0,251.00682378313195
6.5,-7.0,251.8253329413391
7.0,-7.0,252.69574425984476
7.5,-7.0,253.55008204481325
8.0,-7.0,254.30287659360923
8.5,-7.0,254.90112034864285
9.0,-7.0,255.3378366507868
9.5,-7.0,255.637097260011
10.0,-7.0,255.833350327663
-10.0,-6.5,120.29913564761331
-9.5,-6.5,120.2991359528036
-9.0,-6.5,120.29913645560592
-8.5,-6.5,120.29913728357775
-8.0,-6.5,120.29913864592639
-7.5,-6.5,120.29914088459941
-7.0,-6.5,120.29914455526145
-6.5,-6.5,120.29915055200755
-6.0,-6.5,120.29916028899385
-5.5,-6.5,120.2991759346467
-5.0,-6.5,120.2992006200241
-4.5,-6.5,120.29923829724001
-4.0,-6.5,120.29929217939365
-3.5,-6.5,120.29935852554142
-3.0,-6.5,120.29940632628772
-2.5,-6.5,120.29931569253733
-2.0,-6.5,120.2986963930299
-1.5,-6.5,120.29635552814392
-1.0,-6.5,120.28871121687482
-0.5,-6.5,120.26490771109668
0.0,-6.5,120.19132466030331
0.5,-6.5,119.9702424117516
1.0,-6.5,119.82827638270707
1.5,-6.5,133.65324494730746
2.0,-6.5,174.01552075606162
2.5,-6.5,209.01814146279992
3.0,-6.5,229.73081947281062
3.5,-6.5,240.85982695798134
4.0,-6.5,246.28396938544626
4.5,-6.5,248.75416784094395
5.0,-6.5,250.02485512033752
5.5,-6.5,250.93243988880727
6.0,-6.5,251.79617890332733
6.5,-6.5,252.68318089676578
7.0,-6.5,253.54360247805582
7.5,-6.5,254.2986295651821
8.0,-6.5,254.89769322058538
8.5,-6.5,255.33471081174983
9.0,-6.5,255.63408218116695
9.5,-6.5,255.83037597744496
10.0,-6.5,255.95540288451446
-10.0,-6.0,120.29427874852105
-9.5,-6.0,120.29427925169483
-9.0,-6.0,120.29428008067511
-8.5,-6.0,120.29428144576943
-8.0,-6.0,120.29428369190211
-7.5,-6.0,120.2942873828463
-7.0,-6.0,120.29429343473541
-6.5,-6.0,120.29430332167348
-6.0,-6.0,120.29431937518459
-5.5,-6.0,120.29434517033285
-5.0,-6.0,120.29438586915934
-4.5,-6.0,120.2944479870888
-4.0,-6.0,120.29453682022604
-3.5,-6.0,120.29464619709846
-3.0,-6.0,120.29472498239136
-2.5,-6.0,120.29457549124798
-2.0,-6.0,120.29355431663964
-1.5,-6.0,120.28969487157725
-1.0,-6.0,120.2770938014169
-0.5,-6.0,120.23787101231221
0.0,-6.0,120.11674649186025
0.5,-6.0,119.75607799407155
1.0,-6.0,119.84388646106156
1.5,-6.0,141.80910788602444
2.0,-6.0,186.74092849718687
2.5,-6.0,218.71629622386763
3.0,-6.0,235.72415482164746
3.5,-6.0,244.07655793188786
4.0,-6.0,247.88586811975688
4.5,-6.0,249.6971525137472
5.0,-6.0,250.80890513720988
5.5,-6.0,251.74787348133356
6.0,-6.0,252.66241396466853
6.5,-6.0,253.5329126240144
7.0,-6.0,254.2916316632826
7.5,-6.0,254.89204968483585
8.0,-6.0,255.32956460634483
8.5,-6.0,255.6291187216105
9.0,-6.0,255.82547969799674
9.5,-6.0,255.9505313083136
10.0,-6.0,256.0287068840249
-10.0,-5.5,120.28629167925423
-9.5,-5.5,120.28629250884696
-9.0,-5.5,120.2862938756055
-8.5,-5.5,120.2862961262622
-8.0,-5.5,120.28629982950666
-7.5,-5.5,120.28630591483534
-7.0,-5.5,120.28631589269114
-6.5,-5.5,120.286332193432
-6.0,-5.5,120.28635866102006
-5.5,-5.5,120.28640118955087
-5.0,-5.5,120.28646828927103
-4.5,-5.5,120.28657070089646
-4.0,-5.5,120.28671715243101
-3.5,-5.5,120.28689745876427
-3.0,-5.5,120.28702728631055
-2.5,-5.5,120.28678065036301
-2.0,-5.5,120.28509668572192
-1.5,-5.5,120.27873350646642
-1.0,-5.5,120.25796401918444
-0.5,-5.5,120.19335781311626
0.0,-5.5,119.99418218881188
0.5,-5.5,119.41016282217927
1.0,-5.5,120.32187117255735
1.5,-5.5,152.91426198077679
2.0,-5.5,199.67469416629007
2.5,-5.5,227.2078675650486
3.0,-5.5,240.44140399181882
3.5,-5.5,246.4391602961165
4.0,-5.5,249.14903253943902
4.5,-5.5,250.6027291223549
5.0,-5.5,251.66757521235039
5.5,-5.5,252.6280287624903
6.0,-5.5,253.51526920902808
6.5,-5.5,254.28010558248732
7.0,-5.5,254.8827636014262
7.5,-5.5,255.32110008437482
8.0,-5.5,255.62095585885257
8.5,-5.5,255.81742767797311
9.0,-5.5,255.94252003532603
9.5,-5.5,256.02071059434695
10.0,-5.5,256.06902136203576
-10.0,-5.0,120.2731789433933
-9.5,-5.0,120.27318031116047
-9.0,-5.0,120.27318256456246
-8.5,-5.0,120.27318627526581
-8.0,-5.0,120.27319238087442
-7.5,-5.0,120.27320241386099
-7.0,-5.0,120.27321886449874
-6.5,-5.0,120.27324573969948
-6.0,-5.0,120.27328937690028
-5.5,-5.0,120.2733594932902
-5.0,-5.0,120.27347011849291
-4.5,-5.0,120.27363895712611
-4.0,-5.0,120.27388038893662
-3.5,-5.0,120.27417759412334
-3.0,-5.0,120.27439146029063
-2.5,-5.0,120.27398437339247
-2.0,-5.0,120.27120708260384
-1.5,-5.0,120.26071589498764
-1.0,-5.0,120.22648955311091
-0.5,-5.0,120.12013805570396
0.0,-5.0,119.793176256036
0.5,-5.0,118.85999195102627
1.0,-5.0,122.02499691949735
1.5,-5.0,166.78434266464564
2.0,-5.0,211.88172232559708
2.5,-5.0,234.2030294195377
3.0,-5.0,243.98432889761557
3.5,-5.0,248.2212962916616
4.0,-5.0,250.25571168854617
4.5,-5.0,251.5333677286682
5.0,-5.0,252.57093476364258
5.5,-5.0,253.48612809873612
6.0,-5.0,254.26113320458708
6.5,-5.0,254.86750351738894
7.0,-5.0,255.30719889062587
7.5,-5.0,255.60755300293565
8.0,-5.0,255.80420779243937
8.5,-5.0,255.9293673799636
9.0,-5.0,256.0075826533977
9.5,-5.0,256.0559025089346
10.0,-5.0,256.08554135160483
-10.0,-4.5,120.25170985359705
-9.5,-4.5,120.25171210866316
-9.0,-4.5,120.2517158238908
-8.5,-4.5,120.25172194179788
-8.0,-4.5,120.25173200821979
-7.5,-4.5,120.25174854975543
-7.0,-4.5,120.2517756720955
-6.5,-4.5,120.25181998133144
-6.0,-4.5,120.25189192561078
-5.5,-4.5,120.25200752445835
-5.0,-4.5,120.25218990497945
-4.5,-4.5,120.25246824675918
-4.0,-4.5,120.25286622998772
-3.5,-4.5,120.25335604908895
-3.0,-4.5,120.25370815683337
-2.5,-4.5,120.25303575370546
-2.0,-4.5,120.2484543263663
-1.5,-4.5,120.23115708260929
-1.0,-4.5,120.17477290334435
-0.5,-4.5,119.99987899221031
0.0,-4.5,119.46466268510162
0.5,-4.5,118.01006273489872
1.0,-4.5,126.3257687814984
1.5,-4.5,182.47563129847762
2.0,-4.5,222.57087616985737
2.5,-4.5,239.6398782387204
3.0,-4.5,246.61447787577308
3.5,-4.5,249.6629969613297
4.0,-4.5,251.306998581109
4.5,-4.5,252.47568788989102
5.0,-4.5,253.43793720222857
5.5,-4.5,254.22993544442863
6.0,-4.5,254.84247868262165
6.5,-4.5,255.28442639111285
7.0,-4.5,255.5856048088917
7.5,-4.5,255.78256186867716
8.0,-4.5,255.90783243512288
8.5,-4.5,255.986088485957
9.0,-4.5,256.03442333157705
9.5,-4.5,256.0640676863095
10.0,-4.5,256.082170240882
-10.0,-4.0,120.2167157736029
-9.5,-4.0,120.21671949157513
-9.0,-4.0,120.21672561694128
-8.5,-4.0,120.21673570364149
-8.0,-4.0,120.21675230029983
-7.5,-4.0,120.21677957250402
-7.0,-4.0,120.21682428920406
-6.5,-4.0,120.21689734148613
-6.0,-4.0,120.21701595401078
-5.5,-4.0,120.2172065346787
-5.0,-4.0,120.21750720321396
-4.5,-4.0,120.21796604038609
-4.0,-4.0,120.21862201211856
-3.5,-4.0,120.21942907264365
-3.0,-4.0,120.22000824760093
-2.5,-4.0,120.21889630239991
-2.0,-4.0,120.21133616757123
-1.5,-4.0,120.1828173545183
-1.0,-4.0,120.089979190154
-0.5,-4.0,119.8028445148842
0.0,-4.0,118.93082200053846
0.5,-4.0,116.77198704499955
1.0,-4.0,134.99986798702207
1.5,-4.0,198.39957135777158
2.0,-4.0,231.28245262523967
2.5,-4.0,243.7040245306369
3.0,-4.0,248.6239012511916
3.5,-4.0,250.91920404955982
4.0,-4.0,252.3155266332945
4.5,-4.0,253.35807138813695
5.0,-4.0,254.17871576890693
5.5,-4.0,254.80158019175596
6.0,-4.0,255.2472739118891
6.5,-4.0,255.5498187032493
7.0,-4.0,255.7472757652072
7.5,-4.0,255.87272967266804
8.0,-4.0,255.95105303627463
8.5,-4.0,255.99941261472483
9.0,-4.0,256.0290660614145
9.5,-4.0,256.04717195922336
10.0,-4.0,256.058198349599
-10.0,-3.5,120.16008939026119
-9.5,-3.5,120.1600955201511
-9.0,-3.5,120.1601056191492
-8.5,-3.5,120.16012224924053
-8.0,-3.5,120.1601496123304
-7.5,-3.5,120.16019457611485
-7.0,-3.5,120.16026830018673
-6.5,-3.5,120.16038873950106
-6.0,-3.5,120.16058428887996
-5.5,-3.5,120.16089847715958
-5.0,-3.5,120.16139412481314
-4.5,-3.5,120.16215042690109
-4.0,-3.5,120.16323142062782
-3.5,-3.5,120.16456064053767
-3.0,-3.5,120.16551186643723
-2.5,-3.5,120.16366951993426
-2.0,-3.5,120.15118700446098
-1.5,-3.5,120.10416640871026
-1.0,-3.5,119.95143775798505
-0.5,-3.5,119.48130987394045
0.0,-3.5,118.0715394163464
0.5,-3.5,115.19178414102875
1.0,-3.5,149.20450882622038
1.5,-3.5,212.88666601608432
2.0,-3.5,237.96632700576941
2.5,-3.5,246.71466553053864
3.0,-3.5,250.2368697347993
3.5,-3.5,252.04252939220706
4.0,-3.5,253.2251953138876
4.5,-3.5,254.0948259794117
5.0,-3.5,254.73510403027703
5.5,-3.5,255.1870631432429
6.0,-3.5,255.49188072072806
6.5,-3.5,255.69016662699804
7.0,-3.5,255.81592381421174
7.5,-3.5,255.89435838154125
8.0,-3.5,255.942758787492
8.5,-3.5,255.97242723543488
9.0,-3.5,255.99053864779836
9.5,-3.5,256.00156706594873
10.0,-3.5,256.00827215587515
-10.0,-3.0,120.06952731236184
-9.5,-3.0,120.0695374188191
-9.0,-3.0,120.0695540691872
-8.5,-3.0,120.0695814873953
-8.0,-3.0,120.06962660102396
-7.5,-3.0,120.06970073246964
-7.0,-3.0,120.06982227938222
-6.5,-3.0,120.070020840625
-6.0,-3.0,120.07034322091761
-5.5,-3.0,120.07086115881702
-5.0,-3.0,120.0716781508195
-4.5,-3.0,120.0729245590609
-4.0,-3.0,120.07470540168732
-3.5,-3.0,120.07689311933684
-3.0,-3.0,120.07845146383173
-2.5,-3.0,120.07538941235333
-2.0,-3.0,120.05476077603637
-1.5,-3.0,119.97723538509575
-1.0,-3.0,119.72633857840187
-0.5,-3.0,118.960004938472
0.0,-3.0,116.71027843580467
0.5,-3.0,113.81930504150749
1.0,-3.0,168.06356307891465
1.5,-3.0,224.8314410375424
2.0,-3.0,242.89242495689066
2.5,-3.0,248.97861581066638
3.0,-3.0,251.56606422745978
3.5,-3.0,253.00250319375715
4.0,-3.0,253.9578902966004
4.5,-3.0,254.62798540375337
5.0,-3.0,255.0905207476369
5.5,-3.0,255.39914042126986
6.0,-3.0,255.5988051052016
6.5,-3.0,255.72506504753585
7.0,-3.0,255.80368356815558
7.5,-3.0,255.85215142322872
8.0,-3.0,255.8818446343892
8.5,-3.0,255.89996514548457
9.0,-3.0,255.91099690838337
9.5,-3.0,255.9177032282191
10.0,-3.0,255.9217764354455
-10.0,-2.5,119.92737589175653
-9.5,-2.5,119.9273925544226
-9.0,-2.5,119.92742000606201
-8.5,-2.5,119.92746521056841
-8.0,-2.5,119.92753958906573
-7.5,-2.5,119.9276618076196
-7.0,-2.5,119.9278621949851
-6.5,-2.5,119.92818954099873
-6.0,-2.5,119.92872098523186
-5.5,-2.5,119.92957472752158
-5.0,-2.5,119.93092119567818
-4.5,-2.5,119.93297475453824
-4.0,-2.5,119.93590702655368
-3.5,-2.5,119.93950366614159
-3.0,-2.5,119.94204595254017
-2.5,-2.5,119.93693118390549
-2.0,-2.5,119.90279027674015
-1.5,-2.5,119.77497380584074
-1.0,-2.5,119.36377926579932
-0.5,-2.5,118.12359018124896
0.0,-2.5,114.61120775497952
0.5,-2.5,114.4234448012012
1.0,-2.5,188.52331535718886
1.5,-2.5,233.93770681480316
2.0,-2.5,246.45260714217403
2.5,-2.5,250.69844750709518
3.0,-2.5,252.62387505501306
3.5,-2.5,253.73526086110556
4.0,-2.5,254.45765555708786
4.5,-2.5,254.93831477260295
5.0,-2.5,255.25335453433013
5.5,-2.5,255.45532602142063
6.0,-2.5,255.5824223315241
6.5,-2.5,255.6613458016448
7.0,-2.5,255.70992523180414
7.5,-2.5,255.7396593531639
8.0,-2.5,255.75779488394411
8.5,-2.5,255.76883216550723
9.0,-2.5,255.77554051403396
9.5,-2.5,255.77961446723933
10.0,-2.5,255.78208733821893
-10.0,-2.0,119.71066885621869
-9.5,-2.0,119.71069632813445
-9.0,-2.0,119.71074158775664
-8.5,-2.0,119.71081611608597
-8.0,-2.0,119.71093874195884
-7.5,-2.0,119.71114023667742
-7.0,-2.0,119.71147059345577
-6.5,-2.0,119.71201022477248
-6.0,-2.0,119.7128862351975
-5.5,-2.0,119.71429329402575
-5.0,-2.0,119.71651182151587
-4.5,-2.0,119.71989370974983
-4.0,-2.0,119.72471778798803
-3.5,-2.0,119.73061974405356
-3.0,-2.0,119.7347383015663
-2.5,-2.0,119.72612700904305
-2.0,-2.0,119.66949200540208
-1.5,-2.0,119.45878545005654
-1.0,-2.0,118.78749336765657
-0.5,-2.0,116.80359719885101
0.0,-2.0,111.52228821171569
0.5,-2.0,120.41831236148816
1.0,-2.0,207.15479942980892
1.5,-2.0,240.50054585830136
2.0,-2.0,248.987493857932
2.5,-2.0,251.96056135399573
3.0,-2.0,253.37421360161554
3.5,-2.0,254.1920032490308
4.0,-2.0,254.70448952059064
4.5,-2.0,255.0305363145967
5.0,-2.0,255.23640372594443
5.5,-2.0,255.3648994461067
6.0,-2.0,255.44433023455332
6.5,-2.0,255.493094630755
7.0,-2.0,255.5228964264805
7.5,-2.0,255.541056770638
8.0,-2.0,255.5521031621101
8.5,-2.0,255.55881485787916
9.0,-2.0,255.56289004154888
9.5,-2.0,255.56536336498755
10.0,-2.0,255.56686410107767
-10.0,-1.5,119.39458333866706
-9.5,-1.5,119.39462863171907
-9.0,-1.5,119.39470325092164
-8.5,-1.5,119.39482612382614
-8.0,-1.5,119.39502829009577
-7.5,-1.5,119.39536047259278
-7.0,-1.5,119.3959050678183
-6.5,-1.5,119.39679457645039
-6.0,-1.5,119.39823834911104
-5.5,-1.5,119.40055677289087
-5.0,-1.5,119.40421064220774
-4.5,-1.5,119.40977596650791
-4.0,-1.5,119.41770128985313
-3.5,-1.5,119.42735653151013
-3.0,-1.5,119.43395032526078
-2.5,-1.5,119.41927532946269
-2.0,-1.5,119.32499090272039
-1.5,-1.5,118.97776882313403
-1.0,-1.5,117.8888618358656
-0.5,-1.5,114.77313219957625
0.0,-1.5,107.34559998478204
0.5,-1.5,135.0400369267304
1.0,-1.5,221.9768872145293
1.5,-1.5,245.0330225237343
2.0,-1.5,250.7193623312311
2.5,-1.5,252.78475259127072
3.0,-1.5,253.78801971730346
3.5,-1.5,254.35865465203608
4.0,-1.5,254.7040445826417
4.5,-1.5,254.91659338247783
5.0,-1.5,255.0474528156766
5.5,-1.5,255.12773248608295
6.0,-1.5,255.1768045995104
6.5,-1.5,255.20671858458581
7.0,-1.5,255.22491997555974
7.5,-1.5,255.23598141714095
8.0,-1.5,255.24269863835377
8.5,-1.5,255.2467758522272
9.0,-1.5,255.24924992198208
9.5,-1.5,255.25075093249967
10.0,-1.5,255.25166149303251
-10.0,-1.0,118.96204917597731
-9.5,-1.0,118.9621238502943
-9.0,-1.0,118.96224687302272
-8.5,-1.0,118.96244944657842
-8.0,-1.0,118.9627827362799
-7.5,-1.0,118.96333034160362
-7.0,-1.0,118.96422803433127
-6.5,-1.0,118.96569406172868
-6.0,-1.0,118.96807301607599
-5.5,-1.0,118.97189158424658
-5.0,-1.0,118.97790531267403
-4.5,-1.0,118.98705261979599
-4.0,-1.0,119.00004291449372
-3.5,-1.0,119.01575843524776
-3.0,-1.0,119.0261033006708
-2.5,-1.0,119.0006444920435
-2.0,-1.0,118.84286123294275
-1.5,-1.0,118.27127389000741
-1.0,-1.0,116.5234788506673
-0.5,-1.0,111.76787568282971
0.0,-1.0,102.57044180456735
0.5,-1.0,157.41231672027965
1.0,-1.0,232.6855817712518
1.5,-1.0,248.017143649491
2.0,-1.0,251.78392884060557
2.5,-1.0,253.18872177428773
3.0,-1.0,253.8726554929046
3.5,-1.0,254.25342122574335
4.0,-1.0,254.47771663016044
4.5,-1.0,254.61263047657715
5.0,-1.0,254.69434407471772
5.5,-1.0,254.7439310967155
6.0,-1.0,254.77403172654508
6.5,-1.0,254.79230116445538
7.0,-1.0,254.8033875022753
7.5,-1.0,254.81011385185195
8.0,-1.0,254.814194417079
8.5,-1.0,254.8166697182148
9.0,-1.0,254.81817118139767
9.5,-1.0,254.81908190837802
10.0,-1.0,254.8196343083232
-10.0,-0.5,118.41912766603612
-9.5,-0.5,118.4192507796355
-9.0,-0.5,118.41945360021077
-8.5,-0.5,118.41978756140841
-8.0,-0.5,118.42033699220545
-7.5,-0.5,118.42123964774319
-7.0,-0.5,118.42271916842112
-6.5,-0.5,118.42513481451012
-6.0,-0.5,118.4290531798758
-5.5,-0.5,118.43533844459233
-5.0,-0.5,118.44522499928361
-4.5,-0.5,118.46022966660074
-4.0,-0.5,118.48144127244522
-3.5,-0.5,118.50680707362054
-3.0,-0.5,118.52246605058745
-2.5,-0.5,118.47720133386079
-2.0,-0.5,118.21128449624881
-1.5,-0.5,117.27289281991628
-1.0,-0.5,114.51530010721456
-0.5,-0.5,107.56169994870096
0.0,-0.5,99.0113158958404
0.5,-0.5,182.14557659207844
1.0,-0.5,239.90293222489967
1.5,-0.5,249.8402023188942
2.0,-0.5,252.29838163491885
2.5,-0.5,253.22819632119945
3.0,-0.5,253.67797873174965
3.5,-0.5,253.92377010025604
4.0,-0.5,254.06581392703882
4.5,-0.5,254.1499873674616
5.0,-0.5,254.20044420748243
5.5,-0.5,254.23085715825545
6.0,-0.5,254.24923980370465
6.5,-0.5,254.26036741431795
7.0,-0.5,254.2671088642608
7.5,-0.5,254.2711949661234
8.0,-0.5,254.2736722999582
8.5,-0.5,254.275174510011
9.0,-0.5,254.27608551154478
9.5,-0.5,254.27663801244893
10.0,-0.5,254.2769731030292
-10.0,0.0,117.80695421081568
-9.5,0.0,117.80715718121048
-9.0,0.0,117.80749154967414
-8.5,0.0,117.80804208758555
-8.0,0.0,117.80894775281715
-7.5,0.0,117.81043545577877
-7.0,0.0,117.81287334848265
-6.5,0.0,117.81685220799396
-6.0,0.0,117.82330200818241
-5.5,0.0,117.83363623364087
-5.0,0.0,117.84985958953034
-4.5,0.0,117.87439141575086
-4.0,0.0,117.90881197183938
-3.5,0.0,117.94918677812672
-3.0,0.0,117.97135429431174
-2.5,0.0,117.88838905091367
-2.0,0.0,117.43653702188927
-1.5,0.0,115.90585464463413
-1.0,0.0,111.6725748308051
-0.5,0.0,102.1174429597476
0.0,0.0,100.25522620426041
0.5,0.0,203.87299138346998
1.0,0.0,244.50357963751966
1.5,0.0,250.82738941197985
2.0,0.0,252.40422398084996
2.5,0.0,253.00401481338943
3.0,0.0,253.29177698929794
3.5,0.0,253.4468733248143
4.0,0.0,253.53537327001763
4.5,0.0,253.5873223434117
5.0,0.0,253.61826290112825
5.5,0.0,253.636834983629
6.0,0.0,253.6480312587404
6.5,0.0,253.65479774198556
7.0,0.0,253.6588930026948
7.5,0.0,253.66137369467145
8.0,0.0,253.66287713762037
8.5,0.0,253.66378859215405
9.0,0.0,253.66434125958176
9.5,0.0,253.66467641139653
10.0,0.0,253.6648796699559
-10.0,0.5,117.19486066895278
-9.5,0.5,117.19519528442784
-9.0,0.5,117.19574649380274
-8.5,0.5,117.19665398435922
-8.0,0.5,117.1981466494647
-7.5,0.5,117.20059803246177
-7.0,0.5,117.2046135703235
-6.5,0.5,117.21116310765747
-6.0,0.5,117.22176860002904
-5.5,0.5,117.23872999432595
-5.0,0.5,117.26527075962188
-4.5,0.5,117.30516293778686
-4.0,0.5,117.36044816501092
-3.5,0.5,117.4232310698503
-3.0,0.5,117.45047423160803
-2.5,0.5,117.29346440703219
-2.0,0.5,116.52044122580223
-1.5,0.5,114.0583713952684
-1.0,0.5,107.82623171494767
-0.5,0.5,95.78776599262194
0.0,0.5,110.28377420324408
0.5,0.5,220.29600129449443
1.0,0.5,247.29981939832123
1.5,0.5,251.26769675102625
2.0,0.5,252.26295925262156
2.5,0.5,252.64203042045952
3.0,0.5,252.8226239749585
3.5,0.5,252.91904602589477
4.0,0.5,252.97361997595556
4.5,0.5,253.00546571596635
5.0,0.5,253.02435782136683
5.5,0.5,253.03566899763175
6.0,0.5,253.0424771282391
6.5,0.5,253.0465875724467
7.0,0.5,253.04907381954948
7.5,0.5,253.05057929931252
8.0,0.5,253.0514915016373
8.5,0.5,253.05204444382196
9.0,0.5,253.0523796966403
9.5,0.5,253.05258299234023
10.0,0.5,253.05270628072063
-10.0,1.0,116.65219928429286
-9.5,1.0,116.6527509009214
-9.0,1.0,116.65365949853737
-8.5,1.0,116.65515517309152
-8.0,1.0,116.65761473727412
-7.5,1.0,116.66165251682565
-7.0,1.0,116.66826252622664
-6.5,1.0,116.67903245506474
-6.0,1.0,116.69644107599028
-5.5,1.0,116.72419853613613
-5.0,1.0,116.76740197445446
-4.5,1.0,116.83170160195121
-4.0,1.0,116.91901786643093
-3.5,1.0,117.0128618949429
-3.0,1.0,117.03496089495508
-2.5,1.0,116.730292622163
-2.0,1.0,115.4079272488124
-1.5,1.0,111.55395858774327
-1.0,1.0,102.91211213663827
-0.5,1.0,89.47953496986214
0.0,1.0,130.0693176387562
0.5,1.0,231.61645231584475
1.0,1.0,248.9379001535277
1.5,1.0,251.40073601230796
2.0,1.0,252.02080078651588
2.5,1.0,252.25689595693592
3.0,1.0,252.36879783456686
3.5,1.0,252.42817875774253
4.0,1.0,252.4616168304654
4.5,1.0,252.48105799236902
5.0,1.0,252.49256327716043
5.5,1.0,252.49944109949283
6.0,1.0,252.50357680419054
6.5,1.0,252.50607226056107
7.0,1.0,252.50758110968087
7.5,1.0,252.50849454739708
8.0,1.0,252.50904794314002
8.5,1.0,252.50938336260566
9.0,1.0,252.50958671956823
9.5,1.0,252.50971003047425
10.0,1.0,252.5097848108038
-10.0,1.5,116.22017180386057
-9.5,1.5,116.22108107291987
-9.0,1.5,116.22257857270866
-8.5,1.5,116.22504309863065
-8.0,1.5,116.22909436666424
-7.5,1.5,116.23574104629648
-7.0,1.5,116.24661067587789
-6.5,1.5,116.26429040048056
-6.0,1.5,116.2927851667398
-5.5,1.5,116.33799425663209
-5.0,1.5,116.40775072834036
-4.5,1.5,116.50991082064272
-4.0,1.5,116.64406868867829
-3.5,1.5,116.77499721900087
-3.0,1.5,116.75874692983777
-2.5,1.5,116.16327490845829
-2.0,1.5,113.9344526921157
-1.5,1.5,108.17422799507834
-1.0,1.5,97.08917923268937
-0.5,1.5,84.70022025337204
0.0,1.5,155.85667120626812
0.5,1.5,239.00646908708038
1.0,1.5,249.87750612238395
1.5,1.5,251.3941321525975
2.0,1.5,251.7768149064932
2.5,1.5,251.92242446736338
3.0,1.5,251.99119989862038
3.5,1.5,252.02755427414576
4.0,1.5,252.04796133199716
4.5,1.5,252.05979964951842
5.0,1.5,252.06679520640026
5.5,1.5,252.07097318150505
6.0,1.5,252.07348395917202
6.5,1.5,252.0749983939997
7.0,1.5,252.07591387533222
7.5,1.5,252.07646802037976
8.0,1.5,252.07680371494038
8.5,1.5,252.07700717298133
9.0,1.5,252.07713052104472
9.5,1.5,252.07720531503605
10.0,1.5,252.07725067238795
-10.0,2.0,115.90496870824832
-9.5,2.0,115.90646731506362
-9.0,2.0,115.90893485028586
-8.5,2.0,115.91299429883861
-8.0,2.0,115.9196632171739
-7.5,2.0,115.93059330543585
-7.0,2.0,115.94843740648788
-6.5,2.0,115.9773791302375
-6.0,2.0,116.02380370753933
-5.5,2.0,116.09686601811426
-5.0,2.0,116.20801613265432
-4.5,2.0,116.3665974054093
-4.0,2.0,116.56362772437397
-3.5,2.0,116.72419114715876
-3.0,2.0,116.58625789258149
-2.5,2.0,115.4447415546096
-2.0,2.0,111.82434814562515
-1.5,2.0,103.7817453271937
-1.0,2.0,90.80102134762895
-0.5,2.0,83.46860640429176
0.0,2.0,181.79745018515345
0.5,2.0,243.6816552121761
1.0,2.0,250.4139542098232
1.5,2.0,251.34280802022053
2.0,2.0,251.57748165377075
2.5,2.0,251.66671813852398
3.0,2.0,251.70877260300233
3.5,2.0,251.73094875516196
4.0,2.0,251.74337295400264
4.5,2.0,251.75057051027355
5.0,2.0,251.75481989564847
5.5,2.0,251.75735631169968
6.0,2.0,251.7588800393744
6.5,2.0,251.75979890861288
7.0,2.0,251.76035429317713
7.5,2.0,251.76069044221458
8.0,2.0,251.7608940671081
8.5,2.0,251.76101747647883
9.0,2.0,251.76109229300587
9.5,2.0,251.76113765864437
10.0,2.0,251.7611651695593
-10.0,2.5,115.68974466724426
-9.5,2.5,115.69221402764641
-9.0,2.5,115.69627843769344
-8.5,2.5,115.70296084341265
-8.0,2.5,115.71392759698156
-7.5,2.5,115.73187137670595
-7.0,2.5,115.76108410518027
-6.5,2.5,115.8082455448407
-6.0,2.5,115.88331151600637
-5.5,2.5,115.99990953354326
-5.0,2.5,116.17329440502712
-4.5,2.5,116.41045684173324
-4.0,2.5,116.67902183724837
-3.5,2.5,116.82566571821746
-3.0,2.5,116.39266714943905
-2.5,2.5,114.30810847221444
-2.0,2.5,108.78163240336183
-1.5,2.5,98.4841767768141
-1.0,2.5,84.688707773955
-0.5,2.5,88.0043137375096
0.0,2.5,203.6582602310765
0.5,2.5,246.5869634957199
1.0,2.5,250.72236679003035
1.5,2.5,251.28918796095593
2.0,2.5,251.43250139962805
2.5,2.5,251.48697212745995
3.0,2.5,251.51260630613686
3.5,2.5,251.5261036132459
4.0,2.5,251.53365653767727
4.5,2.5,251.53802844365265
5.0,2.5,251.54060817246096
5.5,2.5,251.54214745063604
6.0,2.5,251.5430719562748
6.5,2.5,251.5436293957065
7.0,2.5,251.5439662965501
7.5,2.5,251.54417019709638
8.0,2.5,251.5442937076694
8.5,2.5,251.54436856138207
9.0,2.5,251.54441394069016
9.5,2.5,251.54444145663052
10.0,2.5,251.5444581429499
-10.0,3.0,115.55005424467838
-9.5,3.0,115.55412166393539
-9.0,3.0,115.56081224976954
-8.5,3.0,115.57180124023063
-8.0,3.0,115.58980547051779
-7.5,3.0,115.61918253905125
-7.0,3.0,115.66679077305234
-6.5,3.0,115.7430714999444
-6.0,3.0,115.86297207309381
-5.5,3.0,116.04533221703176
-5.0,3.0,116.30685163292908
-4.5,3.0,116.64121763047658
-4.0,3.0,116.9632965446222
-3.5,3.0,116.98135919604303
-3.0,3.0,115.95259651238946
-2.5,3.0,112.41584680908451
-2.0,3.0,104.6636332363465
-1.5,3.0,92.67642159613528
-1.0,3.0,79.42740941496203
-0.5,3.0,99.9782007712
0.0,3.0,220.00667886686753
0.5,3.0,248.3741704871567
1.0,3.0,250.90181225753804
1.5,3.0,251.2469069996172
2.0,3.0,251.33419800650034
2.5,3.0,251.36736524100394
3.0,3.0,251.38296022240192
3.5,3.0,251.39116405607695
4.0,3.0,251.39575150858153
4.5,3.0,251.39840555054562
5.0,3.0,251.39997109932324
5.5,3.0,251.4009050368276
6.0,3.0,251.40146589491312
6.5,3.0,251.40180404209795
7.0,3.0,251.40200839863877
7.5,3.0,251.4021320764031
8.0,3.0,251.40220699149762
8.5,3.0,251.40225239335794
9.0,3.0,251.40227991758908
9.5,3.0,251.40229660695843
10.0,3.0,251.40230672776215
-10.0,3.5,115.46355633912657
-9.5,3.5,115.47025188630649
-9.0,3.5,115.48125436348519
-8.5,3.5,115.49929525609323
-8.0,3.5,115.52877198991497
-7.5,3.5,115.57665116864266
-7.0,3.5,115.65366848889177
-6.5,3.5,115.77557151613952
-6.0,3.5,115.96337414806226
-5.5,3.5,116.23967282211882
-5.0,3.5,116.61406115245134
-4.5,3.5,117.04364256457464
-4.0,3.5,117.34397361420095
-3.5,3.5,117.0126936525912
-3.0,3.5,114.95746774652451
-2.5,3.5,109.47907587800447
-2.0,3.5,99.63397115217052
-1.5,3.5,86.88349516674106
-1.0,3.5,75.65106179216106
-0.5,3.5,119.41112545757932
0.0,3.5,231.31253686038028
0.5,3.5,249.46719900818184
1.0,3.5,251.00748103318088
1.5,3.5,251.2172777859495
2.0,3.5,251.27035923913027
2.5,3.5,251.29052406373182
3.0,3.5,251.30000030242806
3.5,3.5,251.3049825646536
4.0,3.5,251.3077673439821
4.5,3.5,251.309377966207
5.0,3.5,251.31032783767128
5.5,3.5,251.31089441647555
6.0,3.5,251.3112346371784
6.5,3.5,251.31143974966332
7.0,3.5,251.31156370400114
7.5,3.5,251.31163872050362
8.0,3.5,251.31168415959448
8.5,3.5,251.31171169750493
9.0,3.5,251.31172839190256
9.5,3.5,251.3117385145553
10.0,3.5,251.31174465314768
-10.0,4.0,115.41362654275014
-9.5,4.0,115.42463719979858
-9.0,4.0,115.44270032820062
-8.5,4.0,115.47223750766155
-8.0,4.0,115.52028100438193
-7.5,4.0,115.5977450200493
-7.0,4.0,115.72086235948066
-6.5,4.0,115.91196555743298
-6.0,4.0,116.19723057109752
-5.5,4.0,116.59593568939272
-5.0,4.0,117.09113637637567
-4.5,4.0,117.56607120941518
-4.0,4.0,117.68195457767203
-3.5,4.0,116.6635168728498
-3.0,4.0,113.08186686224866
-2.5,4.0,105.42008560907931
-2.0,4.0,94.14332408438923
-1.5,4.0,81.55219318563307
-1.0,4.0,74.01605141191747
-0.5,4.0,144.01765372417563
0.0,4.0,238.75013043462891
0.5,4.0,250.1334279519116
1.0,4.0,251.07031382693145
1.5,4.0,251.19774265273523
2.0,4.0,251.22998890053003
2.5,4.0,251.2422371887266
3.0,4.0,251.2479912408631
3.5,4.0,251.2510154892878
4.0,4.0,251.25270540839017
4.5,4.0,251.25368261836982
5.0,4.0,251.25425886162046
5.5,4.0,251.25460255211746
6.0,4.0,251.25480892225423
6.5,4.0,251.25493333509553
7.0,4.0,251.2550085193479
7.5,4.0,251.25505401994545
8.0,4.0,251.25508158043766
8.5,4.0,251.25509828313136
9.0,4.0,251.25510840883533
9.5,4.0,251.2551145485489
10.0,4.0,251.25511827179878
-10.0,4.5,115.38964871169303
-9.5,4.5,115.40772532640842
-9.0,4.5,115.43729916637974
-8.5,4.5,115.48544232027122
-8.0,4.5,115.56317724428216
-7.5,4.5,115.68703101396801
-7.0,4.5,115.88013593464856
-6.5,4.5,116.17084015491095
-6.0,4.5,116.58430979002004
-5.5,4.5,117.11946638217411
-5.0,4.5,117.70160215651393
-4.5,4.5,118.09836132798364
-4.0,4.5,117.77075417339735
-3.5,4.5,115.63762345550454
-3.0,4.5,110.09483432842556
-2.5,4.5,100.48366853161721
-2.0,4.5,88.71217863278277
-1.5,4.5,76.97188500447744
-1.0,4.5,75.32377641369362
-0.5,4.5,169.88636700451713
0.0,4.5,243.4921016185074
0.5,4.5,250.53870820782208
1.0,4.5,251.1079387425466
1.5,4.5,251.18529510140573
2.0,4.5,251.20487218792402
2.5,4.5,251.21230768326762
3.0,4.5,251.21580005963824
3.5,4.5,251.21763522589126
4.0,4.5,251.21866053210059
4.5,4.5,251.21925335703327
5.0,4.5,251.21960290931491
5.5,4.5,251.2198113839893
6.0,4.5,251.21993655963632
6.5,4.5,251.2200120219841
7.0,4.5,251.22005762432815
7.5,4.5,251.22008522212533
8.0,4.5,251.22010193851656
8.5,4.5,251.22011206925168
9.0,4.5,251.22011821081554
9.5,4.5,251.2201219347448
10.0,4.5,251.22012419301203
-10.0,5.0,115.38626780794534
-9.5,5.0,115.41586388304411
-9.0,5.0,115.46406747958918
-8.5,5.0,115.54196670820994
-8.0,5.0,115.66626711332674
-7.5,5.0,115.86058607725901
-7.0,5.0,116.15458965747614
-6.5,5.0,116.57702021906151
-6.0,5.0,117.13646925801957
-5.5,5.0,117.78411434553117
-5.0,5.0,118.3549749534025
-4.5,5.0,118.47217837004274
-4.0,5.0,117.36434430207
-3.5,5.0,113.66109701466193
-3.0,5.0,105.98949641328669
-2.5,5.0,95.17835038746357
-2.0,5.0,83.70380632064203
-1.5,5.0,73.31664433445988
-1.0,5.0,80.57399079992577
-0.5,5.0,193.24931390528025
0.0,5.0,246.45736073005438
0.5,5.0,250.78495866770874
1.0,5.0,251.13057579555107
1.5,5.0,251.17751949032254
2.0,5.0,251.18940051095936
2.5,5.0,251.19391277472977
3.0,5.0,251.19603187997703
3.5,5.0,251.19714528370264
4.0,5.0,251.19776728055677
4.5,5.0,251.19812689015097
5.0,5.0,251.1983389201787
5.5,5.0,251.19846537229455
6.0,5.0,251.19854129730655
6.5,5.0,251.19858706832312
7.0,5.0,251.19861472783373
7.5,5.0,251.19863146685017
8.0,5.0,251.19864160589302
8.5,5.0,251.19864775050874
9.0,5.0,251.19865147556135
9.5,5.0,251.19865373424048
10.0,5.0,251.19865510394936
-10.0,5.5,115.40277165155216
-9.5,5.5,115.45101190750906
-9.0,5.5,115.52901078837803
-8.5,5.5,115.65358207977386
-8.0,5.5,115.84863737505425
-7.5,5.5,116.14464223454948
-7.0,5.5,116.57251001356943
-6.5,5.5,117.14671463634676
-6.0,5.5,117.83427539769401
-5.5,5.5,118.51215446642387
-5.0,5.5,118.9093918839394
-4.5,5.5,118.48836863667039
-4.0,5.5,116.21359208883779
-3.5,5.5,110.56377073299231
-3.0,5.5,101.06689436364377
-2.5,5.5,90.03743573087999
-2.0,5.5,79.27753981754901
-1.5,5.5,70.71616723201703
-1.0,5.5,90.81171957871814
-0.5,5.5,211.9374239497762
0.0,5.5,248.2896411701652
0.5,5.5,250.9344766703487
1.0,5.5,251.14423713390752
1.5,5.5,251.17271902809009
2.0,5.5,251.17992778068347
2.5,5.5,251.18266549382093
3.0,5.5,251.18395111710475
3.5,5.5,251.18462654804887
4.0,5.5,251.18500385134146
4.5,5.5,251.1852219814431
5.0,5.5,251.18535058998833
5.5,5.5,251.1854272892183
6.0,5.5,251.1854733408538
6.5,5.5,251.18550110267145
7.0,5.5,251.18551787911798
7.5,5.5,251.185528031885
8.0,5.5,251.18553418153996
8.5,5.5,251.1855379084424
9.0,5.5,251.1855401678035
9.5,5.5,251.18554153776165
10.0,5.5,251.18554236853242
-10.0,6.0,115.44305950938853
-9.5,6.0,115.52111883110042
-9.0,6.0,115.64585441898971
-8.5,6.0,115.84135631332106
-8.0,6.0,116.13857505298621
-7.5,6.0,116.5697414606843
-7.0,6.0,117.15290372851562
-6.5,6.0,117.86474218628084
-6.0,6.0,118.60806396931903
-5.5,6.0,119.17909880919515
-5.0,6.0,119.20146332121837
-4.5,6.0,117.94502669752507
-4.0,6.0,114.09972655638849
-3.5,6.0,106.38397492588633
-3.0,6.0,95.86962331752275
-2.5,6.0,85.38217349744978
-2.0,6.0,75.48509993231723
-1.5,6.0,69.32610576217971
-1.0,6.0,106.67171808030906
-0.5,6.0,225.57757293141253
0.0,6.0,249.41361974209622
0.5,6.0,251.02522246129337
1.0,6.0,251.15249760277715
1.5,6.0,251.16977609863198
2.0,6.0,251.17414936694945
2.5,6.0,251.17581020037306
3.0,6.0,251.17659008844362
3.5,6.0,251.17699980123706
4.0,6.0,251.17722866311942
4.5,6.0,251.17736097154864
5.0,6.0,251.17743897872123
5.5,6.0,251.17748549994405
6.0,6.0,251.17751343196414
6.5,6.0,251.1775302704629
7.0,6.0,251.17754044593238
7.5,6.0,251.17754660391103
8.0,6.0,251.17755033387004
8.5,6.0,251.17755259435438
9.0,6.0,251.17755396472626
9.5,6.0,251.1775547956479
10.0,6.0,251.17755529953627
-10.0,6.5,115.51631961970531
-9.5,6.5,115.64115485685733
-9.0,6.5,115.83692762408563
-8.5,6.5,116.13488263511591
-8.0,6.5,116.56805005318134
-7.5,6.5,117.15664833236391
-7.0,6.5,117.88323695878665
-6.5,6.5,118.66645003585852
-6.0,6.5,119.34439281234832
-5.5,6.5,119.64628179553189
-5.0,6.5,119.07422340407803
-4.5,6.5,116.64522066631928
-4.0,6.5,110.89093781562667
-3.5,6.5,101.44868404950464
-3.0,6.5,90.94428982975741
-2.5,6.5,81.27929620513186
-2.0,6.5,72.35138292738438
-1.5,6.5,69.39686906426837
-1.0,6.5,127.71000322930382
-0.5,6.5,234.90592032436874
0.0,6.5,250.10004981766315
0.5,6.5,251.08028406527345
1.0,6.5,251.1574983700766
1.5,6.5,251.16797954238487
2.0,6.5,251.17063240931353
2.5,6.5,251.1716398758558
3.0,6.5,251.17211294535045
3.5,6.5,251.17236146462525
4.0,6.5,251.1725002822108
4.5,6.5,251.17258053347464
5.0,6.5,251.17262784800587
5.5,6.5,251.17265606484494
6.0,6.5,251.17267300657872
6.5,6.5,251.1726832196845
7.0,6.5,251.17268939143273
7.5,6.5,251.1726931264411
8.0,6.5,251.17269538877702
8.5,6.5,251.17269675983053
9.0,6.5,251.1726975910027
9.5,6.5,251.17269809498282
10.0,6.5,251.17269840060632
-10.0,7.0,115.63829981565033
-9.5,7.0,115.83423687444959
-9.0,7.0,116.13263846246737
-8.5,7.0,116.56701966180088
-8.0,7.0,117.15891612620972
-7.5,7.0,117.89446040806922
-7.0,7.0,118.70194223988233
-6.5,7.0,119.44528737186545
-6.0,7.0,119.92078963201877
-5.5,7.0,119.79125756853512
-5.0,7.0,118.3763800305823
-4.5,7.0,114.40524832675611
-4.0,7.0,106.64359253705634
-3.5,7.0,96.31520124713681
-3.0,7.0,86.6005967913994
-2.5,7.0,77.6738892676493
-2.0,7.0,69.88653918881661
-1.5,7.0,71.33180663638983
-1.0,7.0,151.9680230728521
-0.5,7.0,241.01100031906347
0.0,7.0,250.51813220592675
0.5,7.0,251.11368851751394
1.0,7.0,251.1605279949449
1.5,7.0,251.16688560179546
2.0,7.0,251.16849477411634
2.5,7.0,251.16910587767623
3.0,7.0,251.16939282482235
3.5,7.0,251.16954356523155
4.0,7.0,251.16962776450296
4.5,7.0,251.16967644014488
5.0,7.0,251.16970513814874
5.5,7.0,251.16972225263208
6.0,7.0,251.16973252835376
6.5,7.0,251.16973872292868
7.0,7.0,251.16974246628953
7.5,7.0,251.16974473168824
8.0,7.0,251.1697461038654
8.5,7.0,251.1697469354514
9.0,7.0,251.169747439583
9.5,7.0,251.16974774526355
10.0,7.0,251.16974793063218
-10.0,7.5,115.83260315169805
-9.5,7.5,116.13127560449696
-9.0,7.5,116.56639303881691
-8.5,7.5,117.16029035051064
-8.0,7.5,117.90126991234312
-7.5,7.5,118.72349862944694
-7.0,7.5,119.50672027636575
-6.5,7.5,120.08906349411181
-6.0,7.5,120.23874724253008
-5.5,7.5,119.50677451366784
-5.0,7.5,116.94455128308437
-4.5,7.5,111.10725356811304
-4.0,7.5,101.69133188366868
-3.5,7.5,91.54049554673291
-3.0,7.5,82.85638041640308
-2.5,7.5,74.52996490065709
-2.0,7.5,68.09171411212469
-1.5,7.5,75.73175858063044
-1.0,7.5,176.37963128291338
-0.5,7.5,244.89381437066442
0.0,7.5,250.7723552397224
0.5,7.5,251.1339522468837
1.0,7.5,251.1623642669776
1.5,7.5,251.16622051770358
2.0,7.5,251.16719657685604
2.5,7.5,251.16756724616684
3.0,7.5,251.16774129429416
3.5,7.5,251.16783272512743
4.0,7.5,251.16788379535737
4.5,7.5,251.16791331891628
5.0,7.5,251.1679307252417
5.5,7.5,251.16794110574128
6.0,7.5,251.16794733829528
6.5,7.5,251.1679510955003
7.0,7.5,251.16795336596587
7.5,7.5,251.1679547399988
8.0,7.5,251.16795557226817
8.5,7.5,251.16795607664983
9.0,7.5,251.16795638242127
9.5,7.5,251.16795656782514
10.0,7.5,251.16795668025836
-10.0,8.0,116.13044836379733
-9.5,8.0,116.56601236172293
-9.0,8.0,117.16112339470197
-8.5,8.0,117.90540087282699
-8.0,8.0,118.73658403884866
-7.5,8.0,119.54406901890489
-7.0,8.0,120.19179012632613
-6.5,8.0,120.51497555332324
-6.0,8.0,120.22500723706959
-5.5,8.0,118.67435455808858
-5.0,8.0,114.60719680764316
-4.5,8.0,106.8091318724915
-4.0,8.0,96.59589661608092
-3.5,8.0,87.439538155137
-3.0,8.0,79.56659696680082
-2.5,8.0,71.86171400656859
-2.0,8.0,66.99468425093785
-1.5,8.0,83.39699147792373
-1.0,8.0,198.01095561719734
-0.5,8.0,247.31883420255733
0.0,8.0,250.9267865203937
0.5,8.0,251.14624388828503
1.0,8.0,251.16347754762762
1.5,8.0,251.16581654346587
2.0,8.0,251.16640857048822
2.5,8.0,251.16663339877658
3.0,8.0,251.1667389664669
3.5,8.0,251.1667944228604
4.0,8.0,251.16682539881248
4.5,8.0,251.16684330586256
5.0,8.0,251.16685386337238
5.5,8.0,251.16686015947695
6.0,8.0,251.16686393971818
6.5,8.0,251.16686621858022
7.0,8.0,251.16686759568674
7.5,8.0,251.16686842908163
8.0,8.0,251.1668689338778
8.5,8.0,251.16686923980038
9.0,8.0,251.16686942526138
9.5,8.0,251.1668695377135
10.0,8.0,251.16686960590835
-10.0,8.5,116.56578124444142
-9.5,8.5,117.16162849034338
-9.0,8.5,117.90790671684655
-8.5,8.5,118.74452471929206
-8.0,8.5,119.56675459357912
-7.5,8.5,120.25434325490382
-7.0,8.5,120.68432903575784
-6.5,8.5,120.67338946217659
-6.0,8.5,119.8047486558482
-5.5,8.5,117.14201563789052
-5.0,8.5,111.24559639585254
-4.5,8.5,101.84276428107466
-4.0,8.5,91.92147580625054
-3.5,8.5,84.01899171088918
-3.0,8.5,76.59717313457489
-2.5,8.5,69.68101393642414
-2.0,8.5,66.68415454647345
-1.5,8.5,95.19575024423705
-1.0,8.5,215.18783966628922
-0.5,8.5,248.81632555642142
0.0,8.5,251.02054122340923
0.5,8.5,251.15369953855605
1.0,8.5,251.1641526117196
1.5,8.5,251.16557130704783
2.0,8.5,251.1659303959252
2.5,8.5,251.16606676337594
3.0,8.5,251.166130794212
3.5,8.5,251.16616443050813
4.0,8.5,251.16618321847932
4.5,8.5,251.16619407969313
5.0,8.5,251.16620048316054
5.5,8.5,251.16620430194666
6.0,8.5,251.1662065947809
6.5,8.5,251.16620797698255
7.0,8.5,251.16620881223866
7.5,8.5,251.1662093177192
8.0,8.5,251.1662096238933
8.5,8.5,251.16620980944467
9.0,8.5,251.16620992193182
9.5,8.5,251.16620999013867
10.0,8.5,251.1662100315004
-10.0,9.0,117.16193478332431
-9.5,9.0,117.90942669473279
-9.0,9.0,118.74934245036698
-8.5,9.0,119.58052604187102
-8.0,9.0,120.29237474862549
-7.5,9.0,120.78772358468476
-7.0,9.0,120.95021803548079
-6.5,9.0,120.52326529339621
-6.0,9.0,118.87055397610396
-5.5,9.0,114.73636427668811
-5.0,9.0,106.9126496489267
-4.5,9.0,96.7701735813059
-4.0,9.0,87.99358315765869
-3.5,9.0,81.08753969444871
-3.0,9.0,73.92034189967984
-2.5,9.0,67.9609606348804
-2.0,9.0,67.32035376422951
-1.5,9.0,111.68856782314577
-1.0,9.0,227.69692531016926
-0.5,9.0,249.73460989908102
0.0,9.0,251.07743850557506
0.5,9.0,251.15822176355178
1.0,9.0,251.164561994461
1.5,9.0,251.1654224850075
2.0,9.0,251.1656402857507
2.5,9.0,251.1657229976002
3.0,9.0,251.165761834559
3.5,9.0,251.16578223611
4.0,9.0,251.1657936316301
4.5,9.0,251.16580021930312
5.0,9.0,251.16580410320952
5.5,9.0,251.1658064194215
6.0,9.0,251.1658078100968
6.5,9.0,251.16580864844363
7.0,9.0,251.16580915505367
7.5,9.0,251.16580946164262
8.0,9.0,251.16580964734635
8.5,9.0,251.16580975988998
9.0,9.0,251.16580982811573
9.5,9.0,251.16580986948594
10.0,9.0,251.16580989457267
-10.0,9.5,117.91034864716879
-9.5,9.5,118.75226509119327
-9.0,9.5,119.58888325011553
-8.5,9.5,120.31547564361031
-8.0,9.5,120.85068659951537
-7.5,9.5,121.11995678451801
-7.0,9.5,120.97191937415337
-6.5,9.5,120.00067860791349
-6.0,9.5,117.26819330137766
-5.5,9.5,111.33227174165262
-5.0,9.5,101.93622214983453
-4.5,9.5,92.16029350866745
-4.0,9.5,84.82719227490237
-3.5,9.5,78.42291675059579
-3.0,9.5,71.59037743866216
-2.5,9.5,66.66079892962993
-2.0,9.5,69.14567928789832
-1.5,9.5,132.5331699934655
-1.0,9.5,236.2490212325228
-0.5,9.5,250.2953076179057
0.0,9.5,251.11196029659763
0.5,9.5,251.16096468482334
1.0,9.5,251.16481027397694
1.5,9.5,251.16533219093827
2.0,9.5,251.16546429462454
2.5,9.5,251.16551446219563
3.0,9.5,251.16553801811085
3.5,9.5,251.165550392315
4.0,9.5,251.16555730406085
4.5,9.5,251.16556129969342
5.0,9.5,251.16556365540296
5.5,9.5,251.16556506025904
6.0,9.5,251.16556590374591
6.5,9.5,251.16556641222792
7.0,9.5,251.16556671950235
7.5,9.5,251.16556690545792
8.0,9.5,251.1655670180929
8.5,9.5,251.16556708635372
9.0,9.5,251.16556712773567
9.5,9.5,251.16556715282775
10.0,9.5,251.16556716804357
-10.0,10.0,118.75403796089469
-9.5,10.0,119.59395377408256
-9.0,10.0,120.32949944102809
-8.5,10.0,120.88896844851027
-8.0,10.0,121.22359269292386
-7.5,10.0,121.24894828496632
-7.0,10.0,120.71920378496874
-6.5,10.0,118.99580098029554
-6.0,10.0,114.8173040401541
-5.5,10.0,106.97661544831111
-5.0,10.0,96.8774031379991
-4.5,10.0,88.3486259282546
-4.0,10.0,82.22279215582691
-3.5,10.0,75.90073187143713
-3.0,10.0,69.65433206565238
-2.5,10.0,65.77416792157665
-2.0,10.0,72.52444910053616
-1.5,10.0,156.04284893995234
-1.0,10.0,241.84753054980436
-0.5,10.0,250.63677099402494
0.0,10.0,251.13290318022567
0.5,10.0,251.1626283702269
1.0,10.0,251.16496085440485
1.5,10.0,251.16527741417192
2.0,10.0,251.16535753942154
2.5,10.0,251.16538796770033
3.0,10.0,251.16540225512725
3.5,10.0,251.16540976047634
4.0,10.0,251.16541395266603
4.5,10.0,251.16541637614162
5.0,10.0,251.16541780495152
5.5,10.0,251.16541865704036
6.0,10.0,251.16541916864134
6.5,10.0,251.16541947705164
7.0,10.0,251.16541966342362
7.5,10.0,251.1654197762109
8.0,10.0,251.16541984452792
8.5,10.0,251.16541988592934
9.0,10.0,251.16541991102957
9.5,10.0,251.1654199262481
10.0,10.0,251.1654199354766
