theta0,theta1,gain
-10.0,-10.0,1.6032
-9.5,-10.0,1.6032
-9.0,-10.0,1.6032
-8.5,-10.0,1.6032
-8.0,-10.0,1.6032
-7.5,-10.0,1.6032
-7.0,-10.0,1.6032
-6.5,-10.0,1.6032
-6.0,-10.0,1.6032
-5.5,-10.0,1.6032
-5.0,-10.0,1.6032
-4.5,-10.0,1.6032
-4.0,-10.0,1.6032
-3.5,-10.0,1.6032
-3.0,-10.0,1.6032
-2.5,-10.0,1.6032
-2.0,-10.0,1.6032
-1.5,-10.0,1.6032
-1.0,-10.0,1.60319
-0.5,-10.0,1.60318
0.0,-10.0,1.60315
0.5,-10.0,1.60305
1.0,-10.0,1.60284
1.5,-10.0,1.60567
2.0,-10.0,1.68768
2.5,-10.0,1.9954
3.0,-10.0,2.40842
3.5,-10.0,2.82856
4.0,-10.0,3.12261
4.5,-10.0,3.32865
5.0,-10.0,3.49243
5.5,-10.0,3.59509
6.0,-10.0,3.64427
6.5,-10.0,3.66447
7.0,-10.0,3.67222
7.5,-10.0,3.67511
8.0,-10.0,3.67618
8.5,-10.0,3.67657
9.0,-10.0,3.67672
9.5,-10.0,3.67677
10.0,-10.0,3.67679
-10.0,-9.5,1.6032
-9.5,-9.5,1.6032
-9.0,-9.5,1.6032
-8.5,-9.5,1.6032
-8.0,-9.5,1.6032
-7.5,-9.5,1.6032
-7.0,-9.5,1.6032
-6.5,-9.5,1.6032
-6.0,-9.5,1.6032
-5.5,-9.5,1.6032
-5.0,-9.5,1.6032
-4.5,-9.5,1.6032
-4.0,-9.5,1.6032
-3.5,-9.5,1.6032
-3.0,-9.5,1.6032
-2.5,-9.5,1.6032
-2.0,-9.5,1.6032
-1.5,-9.5,1.6032
-1.0,-9.5,1.60319
-0.5,-9.5,1.60317
0.0,-9.5,1.60311
0.5,-9.5,1.60295
1.0,-9.5,1.60262
1.5,-9.5,1.60794
2.0,-9.5,1.73397
2.5,-9.5,2.10082
3.0,-9.5,2.55028
3.5,-9.5,2.95414
4.0,-9.5,3.21927
4.5,-9.5,3.41418
5.0,-9.5,3.55116
5.5,-9.5,3.62464
6.0,-9.5,3.65667
6.5,-9.5,3.66926
7.0,-9.5,3.67401
7.5,-9.5,3.67577
8.0,-9.5,3.67642
8.5,-9.5,3.67666
9.0,-9.5,3.67675
9.5,-9.5,3.67678
10.0,-9.5,3.67679
-10.0,-9.0,1.6032
-9.5,-9.0,1.6032
-9.0,-9.0,1.6032
-8.5,-9.0,1.6032
-8.0,-9.0,1.6032
-7.5,-9.0,1.6032
-7.0,-9.0,1.6032
-6.5,-9.0,1.6032
-6.0,-9.0,1.6032
-5.5,-9.0,1.6032
-5.0,-9.0,1.6032
-4.5,-9.0,1.6032
-4.0,-9.0,1.6032
-3.5,-9.0,1.6032
-3.0,-9.0,1.6032
-2.5,-9.0,1.6032
-2.0,-9.0,1.6032
-1.5,-9.0,1.60319
-1.0,-9.0,1.60318
-0.5,-9.0,1.60315
0.0,-9.0,1.60306
0.5,-9.0,1.60278
1.0,-9.0,1.60226
1.5,-9.0,1.61257
2.0,-9.0,1.79778
2.5,-9.0,2.22499
3.0,-9.0,2.70044
3.5,-9.0,3.07237
4.0,-9.0,3.31533
4.5,-9.0,3.48934
5.0,-9.0,3.5944
5.5,-9.0,3.64412
6.0,-9.0,3.66444
6.5,-9.0,3.67221
7.0,-9.0,3.67511
7.5,-9.0,3.67618
8.0,-9.0,3.67657
8.5,-9.0,3.67672
9.0,-9.0,3.67677
9.5,-9.0,3.67679
10.0,-9.0,3.6768
-10.0,-8.5,1.6032
-9.5,-8.5,1.6032
-9.0,-8.5,1.6032
-8.5,-8.5,1.6032
-8.0,-8.5,1.6032
-7.5,-8.5,1.6032
-7.0,-8.5,1.6032
-6.5,-8.5,1.6032
-6.0,-8.5,1.6032
-5.5,-8.5,1.6032
-5.0,-8.5,1.6032
-4.5,-8.5,1.6032
-4.0,-8.5,1.6032
-3.5,-8.5,1.6032
-3.0,-8.5,1.6032
-2.5,-8.5,1.6032
-2.0,-8.5,1.6032
-1.5,-8.5,1.60319
-1.0,-8.5,1.60317
-0.5,-8.5,1.60312
0.0,-8.5,1.60297
0.5,-8.5,1.60251
1.0,-8.5,1.60169
1.5,-8.5,1.62195
2.0,-8.5,1.88274
2.5,-8.5,2.36886
3.0,-8.5,2.85057
3.5,-8.5,3.1855
4.0,-8.5,3.40585
4.5,-8.5,3.54928
5.0,-8.5,3.62422
5.5,-8.5,3.65658
6.0,-8.5,3.66924
6.5,-8.5,3.67401
7.0,-8.5,3.67577
7.5,-8.5,3.67642
8.0,-8.5,3.67666
8.5,-8.5,3.67675
9.0,-8.5,3.67678
9.5,-8.5,3.67679
10.0,-8.5,3.6768
-10.0,-8.0,1.6032
-9.5,-8.0,1.6032
-9.0,-8.0,1.6032
-8.5,-8.0,1.6032
-8.0,-8.0,1.6032
-7.5,-8.0,1.6032
-7.0,-8.0,1.6032
-6.5,-8.0,1.6032
-6.0,-8.0,1.6032
-5.5,-8.0,1.6032
-5.0,-8.0,1.6032
-4.5,-8.0,1.6032
-4.0,-8.0,1.6032
-3.5,-8.0,1.6032
-3.0,-8.0,1.6032
-2.5,-8.0,1.6032
-2.0,-8.0,1.60319
-1.5,-8.0,1.60318
-1.0,-8.0,1.60315
-0.5,-8.0,1.60307
0.0,-8.0,1.60281
0.5,-8.0,1.60206
1.0,-8.0,1.60082
1.5,-8.0,1.64029
2.0,-8.0,1.99243
2.5,-8.0,2.53029
3.0,-8.0,2.99498
3.5,-8.0,3.2934
4.0,-8.0,3.48419
4.5,-8.0,3.59325
5.0,-8.0,3.64387
5.5,-8.0,3.66438
6.0,-8.0,3.6722
6.5,-8.0,3.6751
7.0,-8.0,3.67618
7.5,-8.0,3.67657
8.0,-8.0,3.67672
8.5,-8.0,3.67677
9.0,-8.0,3.67679
9.5,-8.0,3.6768
10.0,-8.0,3.6768
-10.0,-7.5,1.6032
-9.5,-7.5,1.6032
-9.0,-7.5,1.6032
-8.5,-7.5,1.6032
-8.0,-7.5,1.6032
-7.5,-7.5,1.6032
-7.0,-7.5,1.6032
-6.5,-7.5,1.6032
-6.0,-7.5,1.6032
-5.5,-7.5,1.6032
-5.0,-7.5,1.6032
-4.5,-7.5,1.6032
-4.0,-7.5,1.6032
-3.5,-7.5,1.6032
-3.0,-7.5,1.6032
-2.5,-7.5,1.6032
-2.0,-7.5,1.60319
-1.5,-7.5,1.60317
-1.0,-7.5,1.60312
-0.5,-7.5,1.60298
0.0,-7.5,1.60256
0.5,-7.5,1.60133
1.0,-7.5,1.59956
1.5,-7.5,1.67413
2.0,-7.5,2.12957
2.5,-7.5,2.70262
3.0,-7.5,3.13121
3.5,-7.5,3.39195
4.0,-7.5,3.54613
4.5,-7.5,3.62353
5.0,-7.5,3.65642
5.5,-7.5,3.66921
6.0,-7.5,3.674
6.5,-7.5,3.67577
7.0,-7.5,3.67642
7.5,-7.5,3.67666
8.0,-7.5,3.67675
8.5,-7.5,3.67678
9.0,-7.5,3.67679
9.5,-7.5,3.6768
10.0,-7.5,3.6768
-10.0,-7.0,1.6032
-9.5,-7.0,1.6032
-9.0,-7.0,1.6032
-8.5,-7.0,1.6032
-8.0,-7.0,1.6032
-7.5,-7.0,1.6032
-7.0,-7.0,1.6032
-6.5,-7.0,1.6032
-6.0,-7.0,1.6032
-5.5,-7.0,1.6032
-5.0,-7.0,1.6032
-4.5,-7.0,1.6032
-4.0,-7.0,1.6032
-3.5,-7.0,1.6032
-3.0,-7.0,1.6032
-2.5,-7.0,1.60319
-2.0,-7.0,1.60318
-1.5,-7.0,1.60315
-1.0,-7.0,1.60307
-0.5,-7.0,1.60284
0.0,-7.0,1.60215
0.5,-7.0,1.60012
1.0,-7.0,1.59798
1.5,-7.0,1.73216
2.0,-7.0,2.29483
2.5,-7.0,2.87657
3.0,-7.0,3.2571
3.5,-7.0,3.47555
4.0,-7.0,3.59134
4.5,-7.0,3.64345
5.0,-7.0,3.66429
5.5,-7.0,3.67217
6.0,-7.0,3.6751
6.5,-7.0,3.67617
7.0,-7.0,3.67657
7.5,-7.0,3.67672
8.0,-7.0,3.67677
8.5,-7.0,3.67679
9.0,-7.0,3.6768
9.5,-7.0,3.6768
10.0,-7.0,3.6768
-10.0,-6.5,1.6032
-9.5,-6.5,1.6032
-9.0,-6.5,1.6032
-8.5,-6.5,1.6032
-8.0,-6.5,1.6032
-7.5,-6.5,1.6032
-7.0,-6.5,1.6032
-6.5,-6.5,1.6032
-6.0,-6.5,1.6032
-5.5,-6.5,1.6032
-5.0,-6.5,1.6032
-4.5,-6.5,1.6032
-4.0,-6.5,1.6032
-3.5,-6.5,1.6032
-3.0,-6.5,1.6032
-2.5,-6.5,1.60319
-2.0,-6.5,1.60317
-1.5,-6.5,1.60313
-1.0,-6.5,1.60299
-0.5,-6.5,1.60261
0.0,-6.5,1.60147
0.5,-6.5,1.59815
1.0,-6.5,1.59664
1.5,-6.5,1.82428
2.0,-6.5,2.48469
2.5,-6.5,3.04346
3.0,-6.5,3.36854
3.5,-6.5,3.54082
4.0,-6.5,3.62236
4.5,-6.5,3.65617
5.0,-6.5,3.66915
5.5,-6.5,3.67399
6.0,-6.5,3.67577
6.5,-6.5,3.67642
7.0,-6.5,3.67666
7.5,-6.5,3.67675
8.0,-6.5,3.67678
8.5,-6.5,3.67679
9.0,-6.5,3.6768
9.5,-6.5,3.6768
10.0,-6.5,3.6768
-10.0,-6.0,1.6032
-9.5,-6.0,1.6032
-9.0,-6.0,1.6032
-8.5,-6.0,1.6032
-8.0,-6.0,1.6032
-7.5,-6.0,1.6032
-7.0,-6.0,1.6032
-6.5,-6.0,1.6032
-6.0,-6.0,1.6032
-5.5,-6.0,1.6032
-5.0,-6.0,1.6032
-4.5,-6.0,1.6032
-4.0,-6.0,1.6032
-3.5,-6.0,1.6032
-3.0,-6.0,1.60319
-2.5,-6.0,1.60318
-2.0,-6.0,1.60316
-1.5,-6.0,1.60308
-1.0,-6.0,1.60286
-0.5,-6.0,1.60222
0.0,-6.0,1.60035
0.5,-6.0,1.59494
1.0,-6.0,1.59757
1.5,-6.0,1.95953
2.0,-6.0,2.68981
2.5,-6.0,3.1961
3.0,-6.0,3.46083
3.5,-6.0,3.58809
4.0,-6.0,3.64274
4.5,-6.0,3.66413
5.0,-6.0,3.67214
5.5,-6.0,3.67509
6.0,-6.0,3.67617
6.5,-6.0,3.67657
7.0,-6.0,3.67672
7.5,-6.0,3.67677
8.0,-6.0,3.67679
8.5,-6.0,3.6768
9.0,-6.0,3.6768
9.5,-6.0,3.6768
10.0,-6.0,3.6768
-10.0,-5.5,1.6032
-9.5,-5.5,1.6032
-9.0,-5.5,1.6032
-8.5,-5.5,1.6032
-8.0,-5.5,1.6032
-7.5,-5.5,1.6032
-7.0,-5.5,1.6032
-6.5,-5.5,1.6032
-6.0,-5.5,1.6032
-5.5,-5.5,1.6032
-5.0,-5.5,1.6032
-4.5,-5.5,1.6032
-4.0,-5.5,1.6032
-3.5,-5.5,1.6032
-3.0,-5.5,1.60319
-2.5,-5.5,1.60317
-2.0,-5.5,1.60313
-1.5,-5.5,1.603
-1.0,-5.5,1.60263
-0.5,-5.5,1.60159
0.0,-5.5,1.59852
0.5,-5.5,1.58976
1.0,-5.5,1.60636
1.5,-5.5,2.14264
2.0,-5.5,2.89613
2.5,-5.5,3.32815
3.0,-5.5,3.5317
3.5,-5.5,3.62039
4.0,-5.5,3.65574
4.5,-5.5,3.66906
5.0,-5.5,3.67397
5.5,-5.5,3.67576
6.0,-5.5,3.67642
6.5,-5.5,3.67666
7.0,-5.5,3.67675
7.5,-5.5,3.67678
8.0,-5.5,3.67679
8.5,-5.5,3.6768
9.0,-5.5,3.6768
9.5,-5.5,3.6768
10.0,-5.5,3.6768
-10.0,-5.0,1.6032
-9.5,-5.0,1.6032
-9.0,-5.0,1.6032
-8.5,-5.0,1.6032
-8.0,-5.0,1.6032
-7.5,-5.0,1.6032
-7.0,-5.0,1.6032
-6.5,-5.0,1.6032
-6.0,-5.0,1.6032
-5.5,-5.0,1.6032
-5.0,-5.0,1.6032
-4.5,-5.0,1.6032
-4.0,-5.0,1.6032
-3.5,-5.0,1.60319
-3.0,-5.0,1.60318
-2.5,-5.0,1.60316
-2.0,-5.0,1.60308
-1.5,-5.0,1.60287
-1.0,-5.0,1.60227
-0.5,-5.0,1.60055
0.0,-5.0,1.5955
0.5,-5.0,1.58152
1.0,-5.0,1.63557
1.5,-5.0,2.36918
2.0,-5.0,3.08847
2.5,-5.0,3.43499
3.0,-5.0,3.5825
3.5,-5.0,3.64154
4.0,-5.0,3.66387
4.5,-5.0,3.67208
5.0,-5.0,3.67508
5.5,-5.0,3.67617
6.0,-5.0,3.67657
6.5,-5.0,3.67672
7.0,-5.0,3.67677
7.5,-5.0,3.67679
8.0,-5.0,3.6768
8.5,-5.0,3.6768
9.0,-5.0,3.6768
9.5,-5.0,3.6768
10.0,-5.0,3.6768
-10.0,-4.5,1.6032
-9.5,-4.5,1.6032
-9.0,-4.5,1.6032
-8.5,-4.5,1.6032
-8.0,-4.5,1.6032
-7.5,-4.5,1.6032
-7.0,-4.5,1.6032
-6.5,-4.5,1.6032
-6.0,-4.5,1.6032
-5.5,-4.5,1.6032
-5.0,-4.5,1.6032
-4.5,-4.5,1.6032
-4.0,-4.5,1.6032
-3.5,-4.5,1.60319
-3.0,-4.5,1.60317
-2.5,-4.5,1.60313
-2.0,-4.5,1.603
-1.5,-4.5,1.60265
-1.0,-4.5,1.60166
-0.5,-4.5,1.59884
0.0,-4.5,1.59058
0.5,-4.5,1.56883
1.0,-4.5,1.70777
1.5,-4.5,2.62223
2.0,-4.5,3.25435
2.5,-4.5,3.51554
3.0,-4.5,3.61698
3.5,-4.5,3.65501
4.0,-4.5,3.6689
4.5,-4.5,3.67393
5.0,-4.5,3.67575
5.5,-4.5,3.67642
6.0,-4.5,3.67666
6.5,-4.5,3.67675
7.0,-4.5,3.67678
7.5,-4.5,3.67679
8.0,-4.5,3.6768
8.5,-4.5,3.6768
9.0,-4.5,3.6768
9.5,-4.5,3.6768
10.0,-4.5,3.6768
-10.0,-4.0,1.6032
-9.5,-4.0,1.6032
-9.0,-4.0,1.6032
-8.5,-4.0,1.6032
-8.0,-4.0,1.6032
-7.5,-4.0,1.6032
-7.0,-4.0,1.6032
-6.5,-4.0,1.6032
-6.0,-4.0,1.6032
-5.5,-4.0,1.6032
-5.0,-4.0,1.6032
-4.5,-4.0,1.6032
-4.0,-4.0,1.60319
-3.5,-4.0,1.60318
-3.0,-4.0,1.60316
-2.5,-4.0,1.60308
-2.0,-4.0,1.60287
-1.5,-4.0,1.60229
-1.0,-4.0,1.60067
-0.5,-4.0,1.59604
0.0,-4.0,1.58258
0.5,-4.0,1.55044
1.0,-4.0,1.85165
1.5,-4.0,2.87508
2.0,-4.0,3.38668
2.5,-4.0,3.57254
3.0,-4.0,3.63947
3.5,-4.0,3.66343
4.0,-4.0,3.67199
4.5,-4.0,3.67506
5.0,-4.0,3.67617
5.5,-4.0,3.67657
6.0,-4.0,3.67672
6.5,-4.0,3.67677
7.0,-4.0,3.67679
7.5,-4.0,3.6768
8.0,-4.0,3.6768
8.5,-4.0,3.6768
9.0,-4.0,3.6768
9.5,-4.0,3.6768
10.0,-4.0,3.6768
-10.0,-3.5,1.6032
-9.5,-3.5,1.6032
-9.0,-3.5,1.6032
-8.5,-3.5,1.6032
-8.0,-3.5,1.6032
-7.5,-3.5,1.6032
-7.0,-3.5,1.6032
-6.5,-3.5,1.6032
-6.0,-3.5,1.6032
-5.5,-3.5,1.6032
-5.0,-3.5,1.6032
-4.5,-3.5,1.6032
-4.0,-3.5,1.60319
-3.5,-3.5,1.60317
-3.0,-3.5,1.60313
-2.5,-3.5,1.603
-2.0,-3.5,1.60266
-1.5,-3.5,1.60171
-1.0,-3.5,1.59904
-0.5,-3.5,1.59146
0.0,-3.5,1.5697
0.5,-3.5,1.5273
1.0,-3.5,2.08451
1.5,-3.5,3.10094
2.0,-3.5,3.48489
2.5,-3.5,3.61088
3.0,-3.5,3.65375
3.5,-3.5,3.66863
4.0,-3.5,3.67387
4.5,-3.5,3.67574
5.0,-3.5,3.67641
5.5,-3.5,3.67666
6.0,-3.5,3.67675
6.5,-3.5,3.67678
7.0,-3.5,3.67679
7.5,-3.5,3.6768
8.0,-3.5,3.6768
8.5,-3.5,3.6768
9.0,-3.5,3.6768
9.5,-3.5,3.6768
10.0,-3.5,3.6768
-10.0,-3.0,1.6032
-9.5,-3.0,1.6032
-9.0,-3.0,1.6032
-8.5,-3.0,1.6032
-8.0,-3.0,1.6032
-7.5,-3.0,1.6032
-7.0,-3.0,1.6032
-6.5,-3.0,1.6032
-6.0,-3.0,1.6032
-5.5,-3.0,1.6032
-5.0,-3.0,1.6032
-4.5,-3.0,1.60319
-4.0,-3.0,1.60318
-3.5,-3.0,1.60316
-3.0,-3.0,1.60308
-2.5,-3.0,1.60288
-2.0,-3.0,1.60231
-1.5,-3.0,1.60074
-1.0,-3.0,1.59637
-0.5,-3.0,1.58402
0.0,-3.0,1.54931
0.5,-3.0,1.50835
1.0,-3.0,2.38911
1.5,-3.0,3.28301
2.0,-3.0,3.55345
2.5,-3.0,3.63575
3.0,-3.0,3.66267
3.5,-3.0,3.67183
4.0,-3.0,3.67502
4.5,-3.0,3.67616
5.0,-3.0,3.67657
5.5,-3.0,3.67671
6.0,-3.0,3.67677
6.5,-3.0,3.67679
7.0,-3.0,3.6768
7.5,-3.0,3.6768
8.0,-3.0,3.6768
8.5,-3.0,3.6768
9.0,-3.0,3.6768
9.5,-3.0,3.6768
10.0,-3.0,3.6768
-10.0,-2.5,1.6032
-9.5,-2.5,1.6032
-9.0,-2.5,1.6032
-8.5,-2.5,1.6032
-8.0,-2.5,1.6032
-7.5,-2.5,1.6032
-7.0,-2.5,1.6032
-6.5,-2.5,1.6032
-6.0,-2.5,1.6032
-5.5,-2.5,1.6032
-5.0,-2.5,1.6032
-4.5,-2.5,1.60319
-4.0,-2.5,1.60317
-3.5,-2.5,1.60313
-3.0,-2.5,1.603
-2.5,-2.5,1.60267
-2.0,-2.5,1.60173
-1.5,-2.5,1.59916
-1.0,-2.5,1.59201
-0.5,-2.5,1.57204
0.0,-2.5,1.51789
0.5,-2.5,1.52184
1.0,-2.5,2.71363
1.5,-2.5,3.41773
2.0,-2.5,3.59912
2.5,-2.5,3.65149
3.0,-2.5,3.66817
3.5,-2.5,3.67377
4.0,-2.5,3.67572
4.5,-2.5,3.67641
5.0,-2.5,3.67666
5.5,-2.5,3.67675
6.0,-2.5,3.67678
6.5,-2.5,3.67679
7.0,-2.5,3.6768
7.5,-2.5,3.6768
8.0,-2.5,3.6768
8.5,-2.5,3.6768
9.0,-2.5,3.6768
9.5,-2.5,3.6768
10.0,-2.5,3.6768
-10.0,-2.0,1.6032
-9.5,-2.0,1.6032
-9.0,-2.0,1.6032
-8.5,-2.0,1.6032
-8.0,-2.0,1.6032
-7.5,-2.0,1.6032
-7.0,-2.0,1.6032
-6.5,-2.0,1.6032
-6.0,-2.0,1.6032
-5.5,-2.0,1.6032
-5.0,-2.0,1.60319
-4.5,-2.0,1.60318
-4.0,-2.0,1.60316
-3.5,-2.0,1.60308
-3.0,-2.0,1.60288
-2.5,-2.0,1.60232
-2.0,-2.0,1.60079
-1.5,-2.0,1.59656
-1.0,-2.0,1.58492
-0.5,-2.0,1.55305
0.0,-2.0,1.47171
0.5,-2.0,1.62174
1.0,-2.0,3.00325
1.5,-2.0,3.5111
2.0,-2.0,3.62856
2.5,-2.0,3.66129
3.0,-2.0,3.67154
3.5,-2.0,3.67496
4.0,-2.0,3.67614
4.5,-2.0,3.67656
5.0,-2.0,3.67671
5.5,-2.0,3.67677
6.0,-2.0,3.67679
6.5,-2.0,3.6768
7.0,-2.0,3.6768
7.5,-2.0,3.6768
8.0,-2.0,3.6768
8.5,-2.0,3.6768
9.0,-2.0,3.6768
9.5,-2.0,3.6768
10.0,-2.0,3.6768
-10.0,-1.5,1.6032
-9.5,-1.5,1.6032
-9.0,-1.5,1.6032
-8.5,-1.5,1.6032
-8.0,-1.5,1.6032
-7.5,-1.5,1.6032
-7.0,-1.5,1.6032
-6.5,-1.5,1.6032
-6.0,-1.5,1.6032
-5.5,-1.5,1.6032
-5.0,-1.5,1.60319
-4.5,-1.5,1.60317
-4.0,-1.5,1.60313
-3.5,-1.5,1.60301
-3.0,-1.5,1.60267
-2.5,-1.5,1.60175
-2.0,-1.5,1.59923
-1.5,-1.5,1.59233
-1.0,-1.5,1.57355
-0.5,-1.5,1.52363
0.0,-1.5,1.40947
0.5,-1.5,1.858
1.0,-1.5,3.22896
1.5,-1.5,3.57284
2.0,-1.5,3.6471
2.5,-1.5,3.66733
3.0,-1.5,3.6736
3.5,-1.5,3.67568
4.0,-1.5,3.6764
4.5,-1.5,3.67666
5.0,-1.5,3.67675
5.5,-1.5,3.67678
6.0,-1.5,3.67679
6.5,-1.5,3.6768
7.0,-1.5,3.6768
7.5,-1.5,3.6768
8.0,-1.5,3.6768
8.5,-1.5,3.6768
9.0,-1.5,3.6768
9.5,-1.5,3.6768
10.0,-1.5,3.6768
-10.0,-1.0,1.6032
-9.5,-1.0,1.6032
-9.0,-1.0,1.6032
-8.5,-1.0,1.6032
-8.0,-1.0,1.6032
-7.5,-1.0,1.6032
-7.0,-1.0,1.6032
-6.5,-1.0,1.6032
-6.0,-1.0,1.6032
-5.5,-1.0,1.60319
-5.0,-1.0,1.60318
-4.5,-1.0,1.60316
-4.0,-1.0,1.60308
-3.5,-1.0,1.60288
-3.0,-1.0,1.60232
-2.5,-1.0,1.60081
-2.0,-1.0,1.59668
-1.5,-1.0,1.58546
-1.0,-1.0,1.55555
-0.5,-1.0,1.47969
0.0,-1.0,1.33889
0.5,-1.0,2.21412
1.0,-1.0,3.38908
1.5,-1.0,3.6124
2.0,-1.0,3.65862
2.5,-1.0,3.67104
3.0,-1.0,3.67486
3.5,-1.0,3.67612
4.0,-1.0,3.67656
4.5,-1.0,3.67671
5.0,-1.0,3.67677
5.5,-1.0,3.67679
6.0,-1.0,3.6768
6.5,-1.0,3.6768
7.0,-1.0,3.6768
7.5,-1.0,3.6768
8.0,-1.0,3.6768
8.5,-1.0,3.6768
9.0,-1.0,3.6768
9.5,-1.0,3.6768
10.0,-1.0,3.6768
-10.0,-0.5,1.6032
-9.5,-0.5,1.6032
-9.0,-0.5,1.6032
-8.5,-0.5,1.6032
-8.0,-0.5,1.6032
-7.5,-0.5,1.6032
-7.0,-0.5,1.6032
-6.5,-0.5,1.6032
-6.0,-0.5,1.6032
-5.5,-0.5,1.60319
-5.0,-0.5,1.60317
-4.5,-0.5,1.60313
-4.0,-0.5,1.60301
-3.5,-0.5,1.60267
-3.0,-0.5,1.60176
-2.5,-0.5,1.59927
-2.0,-0.5,1.59252
-1.5,-0.5,1.57444
-1.0,-0.5,1.52778
-0.5,-0.5,1.41755
0.0,-0.5,1.28811
0.5,-0.5,2.60334
1.0,-0.5,3.496
1.5,-0.5,3.63722
2.0,-0.5,3.66571
2.5,-0.5,3.6733
3.0,-0.5,3.67562
3.5,-0.5,3.67639
4.0,-0.5,3.67665
4.5,-0.5,3.67675
5.0,-0.5,3.67678
5.5,-0.5,3.67679
6.0,-0.5,3.6768
6.5,-0.5,3.6768
7.0,-0.5,3.6768
7.5,-0.5,3.6768
8.0,-0.5,3.6768
8.5,-0.5,3.6768
9.0,-0.5,3.6768
9.5,-0.5,3.6768
10.0,-0.5,3.6768
-10.0,0.0,1.6032
-9.5,0.0,1.6032
-9.0,0.0,1.6032
-8.5,0.0,1.6032
-8.0,0.0,1.6032
-7.5,0.0,1.6032
-7.0,0.0,1.6032
-6.5,0.0,1.6032
-6.0,0.0,1.60319
-5.5,0.0,1.60318
-5.0,0.0,1.60316
-4.5,0.0,1.60308
-4.0,0.0,1.60288
-3.5,0.0,1.60233
-3.0,0.0,1.60083
-2.5,0.0,1.59675
-2.0,0.0,1.58578
-1.5,0.0,1.55705
-1.0,0.0,1.4865
-0.5,0.0,1.33628
0.0,0.0,1.3125
0.5,0.0,2.94232
1.0,0.0,3.56474
1.5,0.0,3.6526
2.0,0.0,3.67005
2.5,0.0,3.67467
3.0,0.0,3.67608
3.5,0.0,3.67655
4.0,0.0,3.67671
4.5,0.0,3.67677
5.0,0.0,3.67679
5.5,0.0,3.6768
6.0,0.0,3.6768
6.5,0.0,3.6768
7.0,0.0,3.6768
7.5,0.0,3.6768
8.0,0.0,3.6768
8.5,0.0,3.6768
9.0,0.0,3.6768
9.5,0.0,3.6768
10.0,0.0,3.6768
-10.0,0.5,1.6032
-9.5,0.5,1.6032
-9.0,0.5,1.6032
-8.5,0.5,1.6032
-8.0,0.5,1.6032
-7.5,0.5,1.6032
-7.0,0.5,1.6032
-6.5,0.5,1.6032
-6.0,0.5,1.60319
-5.5,0.5,1.60317
-5.0,0.5,1.60313
-4.5,0.5,1.60301
-4.0,0.5,1.60267
-3.5,0.5,1.60176
-3.0,0.5,1.5993
-2.5,0.5,1.59263
-2.0,0.5,1.57497
-1.5,0.5,1.5303
-1.0,0.5,1.42839
-0.5,0.5,1.24103
0.0,0.5,1.47331
0.5,0.5,3.19725
1.0,0.5,3.60793
1.5,0.5,3.66205
2.0,0.5,3.6727
2.5,0.5,3.67551
3.0,0.5,3.67637
3.5,0.5,3.67665
4.0,0.5,3.67675
4.5,0.5,3.67678
5.0,0.5,3.67679
5.5,0.5,3.6768
6.0,0.5,3.6768
6.5,0.5,3.6768
7.0,0.5,3.6768
7.5,0.5,3.6768
8.0,0.5,3.6768
8.5,0.5,3.6768
9.0,0.5,3.6768
9.5,0.5,3.6768
10.0,0.5,3.6768
-10.0,1.0,1.6032
-9.5,1.0,1.6032
-9.0,1.0,1.6032
-8.5,1.0,1.6032
-8.0,1.0,1.6032
-7.5,1.0,1.6032
-7.0,1.0,1.6032
-6.5,1.0,1.60319
-6.0,1.0,1.60318
-5.5,1.0,1.60316
-5.0,1.0,1.60308
-4.5,1.0,1.60288
-4.0,1.0,1.60233
-3.5,1.0,1.60083
-3.0,1.0,1.59679
-2.5,1.0,1.58597
-2.0,1.0,1.55794
-1.5,1.0,1.49074
-1.0,1.0,1.35237
-0.5,1.0,1.14581
0.0,1.0,1.78507
0.5,1.0,3.3727
1.0,1.0,3.63469
1.5,1.0,3.66783
2.0,1.0,3.67431
2.5,1.0,3.67602
3.0,1.0,3.67654
3.5,1.0,3.67671
4.0,1.0,3.67677
4.5,1.0,3.67679
5.0,1.0,3.6768
5.5,1.0,3.6768
6.0,1.0,3.6768
6.5,1.0,3.6768
7.0,1.0,3.6768
7.5,1.0,3.6768
8.0,1.0,3.6768
8.5,1.0,3.6768
9.0,1.0,3.6768
9.5,1.0,3.6768
10.0,1.0,3.6768
-10.0,1.5,1.6032
-9.5,1.5,1.6032
-9.0,1.5,1.6032
-8.5,1.5,1.6032
-8.0,1.5,1.6032
-7.5,1.5,1.6032
-7.0,1.5,1.6032
-6.5,1.5,1.60319
-6.0,1.5,1.60317
-5.5,1.5,1.60313
-5.0,1.5,1.60301
-4.5,1.5,1.60267
-4.0,1.5,1.60177
-3.5,1.5,1.59931
-3.0,1.5,1.5927
-2.5,1.5,1.57529
-2.0,1.5,1.53181
-1.5,1.5,1.43544
-1.0,1.5,1.26163
-0.5,1.5,1.07405
0.0,1.5,2.18912
0.5,1.5,3.48735
1.0,1.5,3.65113
1.5,1.5,3.67135
2.0,1.5,3.67529
2.5,1.5,3.67632
3.0,1.5,3.67664
3.5,1.5,3.67674
4.0,1.5,3.67678
4.5,1.5,3.67679
5.0,1.5,3.6768
5.5,1.5,3.6768
6.0,1.5,3.6768
6.5,1.5,3.6768
7.0,1.5,3.6768
7.5,1.5,3.6768
8.0,1.5,3.6768
8.5,1.5,3.6768
9.0,1.5,3.6768
9.5,1.5,3.6768
10.0,1.5,3.6768
-10.0,2.0,1.6032
-9.5,2.0,1.6032
-9.0,2.0,1.6032
-8.5,2.0,1.6032
-8.0,2.0,1.6032
-7.5,2.0,1.6032
-7.0,2.0,1.60319
-6.5,2.0,1.60318
-6.0,2.0,1.60316
-5.5,2.0,1.60308
-5.0,2.0,1.60288
-4.5,2.0,1.60233
-4.0,2.0,1.60084
-3.5,2.0,1.59681
-3.0,2.0,1.58608
-2.5,2.0,1.55847
-2.0,2.0,1.49331
-1.5,2.0,1.36374
-1.0,2.0,1.16399
-0.5,2.0,1.05699
0.0,2.0,2.5946
0.5,2.0,3.56002
1.0,2.0,3.66119
1.5,2.0,3.67349
2.0,2.0,3.67588
2.5,2.0,3.67651
3.0,2.0,3.6767
3.5,2.0,3.67677
4.0,2.0,3.67679
4.5,2.0,3.6768
5.0,2.0,3.6768
5.5,2.0,3.6768
6.0,2.0,3.6768
6.5,2.0,3.6768
7.0,2.0,3.6768
7.5,2.0,3.6768
8.0,2.0,3.6768
8.5,2.0,3.6768
9.0,2.0,3.6768
9.5,2.0,3.6768
10.0,2.0,3.6768
-10.0,2.5,1.6032
-9.5,2.5,1.6032
-9.0,2.5,1.6032
-8.5,2.5,1.6032
-8.0,2.5,1.6032
-7.5,2.5,1.6032
-7.0,2.5,1.60319
-6.5,2.5,1.60317
-6.0,2.5,1.60313
-5.5,2.5,1.60301
-5.0,2.5,1.60267
-4.5,2.5,1.60177
-4.0,2.5,1.59932
-3.5,2.5,1.59274
-3.0,2.5,1.57548
-2.5,2.5,1.53272
-2.0,2.5,1.43979
-1.5,2.5,1.27889
-1.0,2.5,1.06996
-0.5,2.5,1.12881
0.0,2.5,2.93589
0.5,2.5,3.60528
1.0,2.5,3.66731
1.5,2.5,3.67479
2.0,2.5,3.67624
2.5,2.5,3.67662
3.0,2.5,3.67674
3.5,2.5,3.67678
4.0,2.5,3.67679
4.5,2.5,3.6768
5.0,2.5,3.6768
5.5,2.5,3.6768
6.0,2.5,3.6768
6.5,2.5,3.6768
7.0,2.5,3.6768
7.5,2.5,3.6768
8.0,2.5,3.6768
8.5,2.5,3.6768
9.0,2.5,3.6768
9.5,2.5,3.6768
10.0,2.5,3.6768
-10.0,3.0,1.6032
-9.5,3.0,1.6032
-9.0,3.0,1.6032
-8.5,3.0,1.6032
-8.0,3.0,1.6032
-7.5,3.0,1.60319
-7.0,3.0,1.60318
-6.5,3.0,1.60316
-6.0,3.0,1.60308
-5.5,3.0,1.60288
-5.0,3.0,1.60233
-4.5,3.0,1.60084
-4.0,3.0,1.59683
-3.5,3.0,1.58615
-3.0,3.0,1.55879
-2.5,3.0,1.49486
-2.0,3.0,1.37097
-1.5,3.0,1.18785
-1.0,3.0,0.98998
-0.5,3.0,1.31531
0.0,3.0,3.19095
0.5,3.0,3.63316
1.0,3.0,3.67104
1.5,3.0,3.67558
2.0,3.0,3.67646
2.5,3.0,3.67669
3.0,3.0,3.67676
3.5,3.0,3.67679
4.0,3.0,3.6768
4.5,3.0,3.6768
5.0,3.0,3.6768
5.5,3.0,3.6768
6.0,3.0,3.6768
6.5,3.0,3.6768
7.0,3.0,3.6768
7.5,3.0,3.6768
8.0,3.0,3.6768
8.5,3.0,3.6768
9.0,3.0,3.6768
9.5,3.0,3.6768
10.0,3.0,3.6768
-10.0,3.5,1.6032
-9.5,3.5,1.6032
-9.0,3.5,1.6032
-8.5,3.5,1.6032
-8.0,3.5,1.6032
-7.5,3.5,1.60319
-7.0,3.5,1.60317
-6.5,3.5,1.60313
-6.0,3.5,1.60301
-5.5,3.5,1.60267
-5.0,3.5,1.60177
-4.5,3.5,1.59932
-4.0,3.5,1.59277
-3.5,3.5,1.57559
-3.0,3.5,1.53326
-2.5,3.5,1.44246
-2.0,3.5,1.29042
-1.5,3.5,1.09874
-1.0,3.5,0.93348
-0.5,3.5,1.61719
0.0,3.5,3.36728
0.5,3.5,3.65024
1.0,3.5,3.6733
1.5,3.5,3.67606
2.0,3.5,3.6766
2.5,3.5,3.67674
3.0,3.5,3.67678
3.5,3.5,3.67679
4.0,3.5,3.6768
4.5,3.5,3.6768
5.0,3.5,3.6768
5.5,3.5,3.6768
6.0,3.5,3.6768
6.5,3.5,3.6768
7.0,3.5,3.6768
7.5,3.5,3.6768
8.0,3.5,3.6768
8.5,3.5,3.6768
9.0,3.5,3.6768
9.5,3.5,3.6768
10.0,3.5,3.6768
-10.0,4.0,1.6032
-9.5,4.0,1.6032
-9.0,4.0,1.6032
-8.5,4.0,1.6032
-8.0,4.0,1.60319
-7.5,4.0,1.60318
-7.0,4.0,1.60316
-6.5,4.0,1.60308
-6.0,4.0,1.60288
-5.5,4.0,1.60233
-5.0,4.0,1.60085
-4.5,4.0,1.59684
-4.0,4.0,1.58619
-3.5,4.0,1.55899
-3.0,4.0,1.49581
-2.5,4.0,1.37548
-2.0,4.0,1.2051
-1.5,4.0,1.01797
-1.0,4.0,0.91014
-0.5,4.0,1.99973
0.0,4.0,3.48325
0.5,4.0,3.66065
1.0,4.0,3.67468
1.5,4.0,3.67635
2.0,4.0,3.67668
2.5,4.0,3.67676
3.0,4.0,3.67679
3.5,4.0,3.6768
4.0,4.0,3.6768
4.5,4.0,3.6768
5.0,4.0,3.6768
5.5,4.0,3.6768
6.0,4.0,3.6768
6.5,4.0,3.6768
7.0,4.0,3.6768
7.5,4.0,3.6768
8.0,4.0,3.6768
8.5,4.0,3.6768
9.0,4.0,3.6768
9.5,4.0,3.6768
10.0,4.0,3.6768
-10.0,4.5,1.6032
-9.5,4.5,1.6032
-9.0,4.5,1.6032
-8.5,4.5,1.6032
-8.0,4.5,1.60319
-7.5,4.5,1.60317
-7.0,4.5,1.60313
-6.5,4.5,1.60301
-6.0,4.5,1.60267
-5.5,4.5,1.60177
-5.0,4.5,1.59933
-4.5,4.5,1.59278
-4.0,4.5,1.57566
-3.5,4.5,1.53359
-3.0,4.5,1.44408
-2.5,4.5,1.29784
-2.0,4.5,1.12241
-1.5,4.5,0.94945
-1.0,4.5,0.93195
-0.5,4.5,2.4028
0.0,4.5,3.55718
0.5,4.5,3.66699
1.0,4.5,3.67551
1.5,4.5,3.67653
2.0,4.5,3.67672
2.5,4.5,3.67678
3.0,4.5,3.67679
3.5,4.5,3.6768
4.0,4.5,3.6768
4.5,4.5,3.6768
5.0,4.5,3.6768
5.5,4.5,3.6768
6.0,4.5,3.6768
6.5,4.5,3.6768
7.0,4.5,3.6768
7.5,4.5,3.6768
8.0,4.5,3.6768
8.5,4.5,3.6768
9.0,4.5,3.6768
9.5,4.5,3.6768
10.0,4.5,3.6768
-10.0,5.0,1.6032
-9.5,5.0,1.6032
-9.0,5.0,1.6032
-8.5,5.0,1.60319
-8.0,5.0,1.60318
-7.5,5.0,1.60316
-7.0,5.0,1.60308
-6.5,5.0,1.60288
-6.0,5.0,1.60233
-5.5,5.0,1.60085
-5.0,5.0,1.59684
-4.5,5.0,1.58622
-4.0,5.0,1.5591
-3.5,5.0,1.49638
-3.0,5.0,1.37827
-2.5,5.0,1.21672
-2.0,5.0,1.04722
-1.5,5.0,0.89541
-1.0,5.0,1.01411
-0.5,5.0,2.76777
0.0,5.0,3.60341
0.5,5.0,3.67085
1.0,5.0,3.67602
1.5,5.0,3.67663
2.0,5.0,3.67675
2.5,5.0,3.67679
3.0,5.0,3.6768
3.5,5.0,3.6768
4.0,5.0,3.6768
4.5,5.0,3.6768
5.0,5.0,3.6768
5.5,5.0,3.6768
6.0,5.0,3.6768
6.5,5.0,3.6768
7.0,5.0,3.6768
7.5,5.0,3.6768
8.0,5.0,3.6768
8.5,5.0,3.6768
9.0,5.0,3.6768
9.5,5.0,3.6768
10.0,5.0,3.6768
-10.0,5.5,1.6032
-9.5,5.5,1.6032
-9.0,5.5,1.6032
-8.5,5.5,1.60319
-8.0,5.5,1.60317
-7.5,5.5,1.60313
-7.0,5.5,1.60301
-6.5,5.5,1.60267
-6.0,5.5,1.60177
-5.5,5.5,1.59933
-5.0,5.5,1.59279
-4.5,5.5,1.5757
-4.0,5.5,1.5338
-3.5,5.5,1.44508
-3.0,5.5,1.30253
-2.5,5.5,1.13943
-2.0,5.5,0.98144
-1.5,5.5,0.85756
-1.0,5.5,1.17273
-0.5,5.5,3.06041
0.0,5.5,3.63197
0.5,5.5,3.67319
1.0,5.5,3.67633
1.5,5.5,3.6767
2.0,5.5,3.67677
2.5,5.5,3.67679
3.0,5.5,3.6768
3.5,5.5,3.6768
4.0,5.5,3.6768
4.5,5.5,3.6768
5.0,5.5,3.6768
5.5,5.5,3.6768
6.0,5.5,3.6768
6.5,5.5,3.6768
7.0,5.5,3.6768
7.5,5.5,3.6768
8.0,5.5,3.6768
8.5,5.5,3.6768
9.0,5.5,3.6768
9.5,5.5,3.6768
10.0,5.5,3.6768
-10.0,6.0,1.6032
-9.5,6.0,1.6032
-9.0,6.0,1.60319
-8.5,6.0,1.60318
-8.0,6.0,1.60316
-7.5,6.0,1.60308
-7.0,6.0,1.60288
-6.5,6.0,1.60233
-6.0,6.0,1.60085
-5.5,6.0,1.59685
-5.0,6.0,1.58623
-4.5,6.0,1.55918
-4.0,6.0,1.49672
-3.5,6.0,1.37999
-3.0,6.0,1.22429
-2.5,6.0,1.07019
-2.0,6.0,0.92554
-1.5,6.0,0.83811
-1.0,6.0,1.41798
-0.5,6.0,3.27441
0.0,6.0,3.6495
0.5,6.0,3.67461
1.0,6.0,3.67651
1.5,6.0,3.67674
2.0,6.0,3.67678
2.5,6.0,3.67679
3.0,6.0,3.6768
3.5,6.0,3.6768
4.0,6.0,3.6768
4.5,6.0,3.6768
5.0,6.0,3.6768
5.5,6.0,3.6768
6.0,6.0,3.6768
6.5,6.0,3.6768
7.0,6.0,3.6768
7.5,6.0,3.6768
8.0,6.0,3.6768
8.5,6.0,3.6768
9.0,6.0,3.6768
9.5,6.0,3.6768
10.0,6.0,3.6768
-10.0,6.5,1.6032
-9.5,6.5,1.6032
-9.0,6.5,1.60319
-8.5,6.5,1.60317
-8.0,6.5,1.60313
-7.5,6.5,1.60301
-7.0,6.5,1.60267
-6.5,6.5,1.60177
-6.0,6.5,1.59933
-5.5,6.5,1.5928
-5.0,6.5,1.57573
-4.5,6.5,1.53392
-4.0,6.5,1.44568
-3.5,6.5,1.30544
-3.0,6.5,1.15107
-2.5,6.5,1.00962
-2.0,6.5,0.87969
-1.5,6.5,0.84081
-1.0,6.5,1.74372
-0.5,6.5,3.42096
0.0,6.5,3.6602
0.5,6.5,3.67547
1.0,6.5,3.67663
1.5,6.5,3.67676
2.0,6.5,3.67679
2.5,6.5,3.6768
3.0,6.5,3.6768
3.5,6.5,3.6768
4.0,6.5,3.6768
4.5,6.5,3.6768
5.0,6.5,3.6768
5.5,6.5,3.6768
6.0,6.5,3.6768
6.5,6.5,3.6768
7.0,6.5,3.6768
7.5,6.5,3.6768
8.0,6.5,3.6768
8.5,6.5,3.6768
9.0,6.5,3.6768
9.5,6.5,3.6768
10.0,6.5,3.6768
-10.0,7.0,1.6032
-9.5,7.0,1.60319
-9.0,7.0,1.60318
-8.5,7.0,1.60316
-8.0,7.0,1.60308
-7.5,7.0,1.60288
-7.0,7.0,1.60233
-6.5,7.0,1.60085
-6.0,7.0,1.59685
-5.5,7.0,1.58624
-5.0,7.0,1.55922
-4.5,7.0,1.49693
-4.0,7.0,1.38104
-3.5,7.0,1.22911
-3.0,7.0,1.08697
-2.5,7.0,0.95669
-2.0,7.0,0.84392
-1.5,7.0,0.87179
-1.0,7.0,2.12045
-0.5,7.0,3.51697
0.0,7.0,3.66671
0.5,7.0,3.67599
1.0,7.0,3.67669
1.5,7.0,3.67678
2.0,7.0,3.67679
2.5,7.0,3.6768
3.0,7.0,3.6768
3.5,7.0,3.6768
4.0,7.0,3.6768
4.5,7.0,3.6768
5.0,7.0,3.6768
5.5,7.0,3.6768
6.0,7.0,3.6768
6.5,7.0,3.6768
7.0,7.0,3.6768
7.5,7.0,3.6768
8.0,7.0,3.6768
8.5,7.0,3.6768
9.0,7.0,3.6768
9.5,7.0,3.6768
10.0,7.0,3.6768
-10.0,7.5,1.6032
-9.5,7.5,1.60319
-9.0,7.5,1.60317
-8.5,7.5,1.60313
-8.0,7.5,1.60301
-7.5,7.5,1.60267
-7.0,7.5,1.60177
-6.5,7.5,1.59933
-6.0,7.5,1.5928
-5.5,7.5,1.57574
-5.0,7.5,1.53399
-4.5,7.5,1.44605
-4.0,7.5,1.30724
-3.5,7.5,1.15873
-3.0,7.5,1.03198
-2.5,7.5,0.91075
-2.0,7.5,0.8182
-1.5,7.5,0.94028
-1.0,7.5,2.50103
-0.5,7.5,3.57806
0.0,7.5,3.67068
0.5,7.5,3.67631
1.0,7.5,3.67674
1.5,7.5,3.67679
2.0,7.5,3.6768
2.5,7.5,3.6768
3.0,7.5,3.6768
3.5,7.5,3.6768
4.0,7.5,3.6768
4.5,7.5,3.6768
5.0,7.5,3.6768
5.5,7.5,3.6768
6.0,7.5,3.6768
6.5,7.5,3.6768
7.0,7.5,3.6768
7.5,7.5,3.6768
8.0,7.5,3.6768
8.5,7.5,3.6768
9.0,7.5,3.6768
9.5,7.5,3.6768
10.0,7.5,3.6768
-10.0,8.0,1.60319
-9.5,8.0,1.60318
-9.0,8.0,1.60316
-8.5,8.0,1.60308
-8.0,8.0,1.60288
-7.5,8.0,1.60233
-7.0,8.0,1.60085
-6.5,8.0,1.59685
-6.0,8.0,1.58625
-5.5,8.0,1.55924
-5.0,8.0,1.49706
-4.5,8.0,1.38168
-4.0,8.0,1.23213
-3.5,8.0,1.09858
-3.0,8.0,0.98384
-2.5,8.0,0.87192
-2.0,8.0,0.80294
-1.5,8.0,1.05864
-1.0,8.0,2.83956
-0.5,8.0,3.61623
0.0,8.0,3.67308
0.5,8.0,3.6765
1.0,8.0,3.67676
1.5,8.0,3.67679
2.0,8.0,3.6768
2.5,8.0,3.6768
3.0,8.0,3.6768
3.5,8.0,3.6768
4.0,8.0,3.6768
4.5,8.0,3.6768
5.0,8.0,3.6768
5.5,8.0,3.6768
6.0,8.0,3.6768
6.5,8.0,3.6768
7.0,8.0,3.6768
7.5,8.0,3.6768
8.0,8.0,3.6768
8.5,8.0,3.6768
9.0,8.0,3.6768
9.5,8.0,3.6768
10.0,8.0,3.6768
-10.0,8.5,1.60319
-9.5,8.5,1.60317
-9.0,8.5,1.60313
-8.5,8.5,1.60301
-8.0,8.5,1.60267
-7.5,8.5,1.60177
-7.0,8.5,1.59933
-6.5,8.5,1.5928
-6.0,8.5,1.57575
-5.5,8.5,1.53403
-5.0,8.5,1.44627
-4.5,8.5,1.30834
-4.0,8.5,1.16363
-3.5,8.5,1.04856
-3.0,8.5,0.94052
-2.5,8.5,0.84034
-2.0,8.5,0.7995
-1.5,8.5,1.24046
-1.0,8.5,3.10927
-0.5,8.5,3.63981
0.0,8.5,3.67455
0.5,8.5,3.67662
1.0,8.5,3.67678
1.5,8.5,3.6768
2.0,8.5,3.6768
2.5,8.5,3.6768
3.0,8.5,3.6768
3.5,8.5,3.6768
4.0,8.5,3.6768
4.5,8.5,3.6768
5.0,8.5,3.6768
5.5,8.5,3.6768
6.0,8.5,3.6768
6.5,8.5,3.6768
7.0,8.5,3.6768
7.5,8.5,3.6768
8.0,8.5,3.6768
8.5,8.5,3.6768
9.0,8.5,3.6768
9.5,8.5,3.6768
10.0,8.5,3.6768
-10.0,9.0,1.60318
-9.5,9.0,1.60316
-9.0,9.0,1.60308
-8.5,9.0,1.60288
-8.0,9.0,1.60233
-7.5,9.0,1.60085
-7.0,9.0,1.59685
-6.5,9.0,1.58625
-6.0,9.0,1.55926
-5.5,9.0,1.49714
-5.0,9.0,1.38207
-4.5,9.0,1.23399
-4.0,9.0,1.10627
-3.5,9.0,1.00577
-3.0,9.0,0.90156
-2.5,9.0,0.81559
-2.0,9.0,0.81033
-1.5,9.0,1.49486
-1.0,9.0,3.30619
-0.5,9.0,3.65427
0.0,9.0,3.67543
0.5,9.0,3.67669
1.0,9.0,3.67679
1.5,9.0,3.6768
2.0,9.0,3.6768
2.5,9.0,3.6768
3.0,9.0,3.6768
3.5,9.0,3.6768
4.0,9.0,3.6768
4.5,9.0,3.6768
5.0,9.0,3.6768
5.5,9.0,3.6768
6.0,9.0,3.6768
6.5,9.0,3.6768
7.0,9.0,3.6768
7.5,9.0,3.6768
8.0,9.0,3.6768
8.5,9.0,3.6768
9.0,9.0,3.6768
9.5,9.0,3.6768
10.0,9.0,3.6768
-10.0,9.5,1.60317
-9.5,9.5,1.60313
-9.0,9.5,1.60301
-8.5,9.5,1.60267
-8.0,9.5,1.60177
-7.5,9.5,1.59933
-7.0,9.5,1.5928
-6.5,9.5,1.57576
-6.0,9.5,1.53406
-5.5,9.5,1.4464
-5.0,9.5,1.30902
-4.5,9.5,1.1667
-4.0,9.5,1.06011
-3.5,9.5,0.96693
-3.0,9.5,0.86774
-2.5,9.5,0.79707
-2.0,9.5,0.83915
-1.5,9.5,1.81729
-1.0,9.5,3.44107
-0.5,9.5,3.6631
0.0,9.5,3.67597
0.5,9.5,3.67673
1.0,9.5,3.67679
1.5,9.5,3.6768
2.0,9.5,3.6768
2.5,9.5,3.6768
3.0,9.5,3.6768
3.5,9.5,3.6768
4.0,9.5,3.6768
4.5,9.5,3.6768
5.0,9.5,3.6768
5.5,9.5,3.6768
6.0,9.5,3.6768
6.5,9.5,3.6768
7.0,9.5,3.6768
7.5,9.5,3.6768
8.0,9.5,3.6768
8.5,9.5,3.6768
9.0,9.5,3.6768
9.5,9.5,3.6768
10.0,9.5,3.6768
-10.0,10.0,1.60316
-9.5,10.0,1.60308
-9.0,10.0,1.60288
-8.5,10.0,1.60233
-8.0,10.0,1.60085
-7.5,10.0,1.59685
-7.0,10.0,1.58625
-6.5,10.0,1.55927
-6.0,10.0,1.49719
-5.5,10.0,1.3823
-5.0,10.0,1.23514
-4.5,10.0,1.1112
-4.0,10.0,1.02218
-3.5,10.0,0.93023
-3.0,10.0,0.83972
-2.5,10.0,0.78473
-2.0,10.0,0.89156
-1.5,10.0,2.18239
-1.0,10.0,3.52947
-0.5,10.0,3.66848
0.0,10.0,3.6763
0.5,10.0,3.67676
1.0,10.0,3.67679
1.5,10.0,3.6768
2.0,10.0,3.6768
2.5,10.0,3.6768
3.0,10.0,3.6768
3.5,10.0,3.6768
4.0,10.0,3.6768
4.5,10.0,3.6768
5.0,10.0,3.6768
5.5,10.0,3.6768
6.0,10.0,3.6768
6.5,10.0,3.6768
7.0,10.0,3.6768
7.5,10.0,3.6768
8.0,10.0,3.6768
8.5,10.0,3.6768
9.0,10.0,3.6768
9.5,10.0,3.6768
10.0,10.0,3.6768
