theta0,theta1,bias
-10.0,-10.0,-11.10932
-9.5,-10.0,-11.10932
-9.0,-10.0,-11.10932
-8.5,-10.0,-11.10932
-8.0,-10.0,-11.10932
-7.5,-10.0,-11.10932
-7.0,-10.0,-11.10932
-6.5,-10.0,-11.10932
-6.0,-10.0,-11.10932
-5.5,-10.0,-11.10932
-5.0,-10.0,-11.10932
-4.5,-10.0,-11.10932
-4.0,-10.0,-11.10932
-3.5,-10.0,-11.10932
-3.0,-10.0,-11.10932
-2.5,-10.0,-11.10932
-2.0,-10.0,-11.10931
-1.5,-10.0,-11.10927
-1.0,-10.0,-11.10913
-0.5,-10.0,-11.10871
0.0,-10.0,-11.10753
0.5,-10.0,-11.10421
1.0,-10.0,-11.09505
1.5,-10.0,-11.06999
2.0,-10.0,-11.00216
2.5,-10.0,-10.82231
3.0,-10.0,-10.36776
3.5,-10.0,-9.34343
4.0,-10.0,-7.5286
4.5,-10.0,-5.35714
5.0,-10.0,-3.70728
5.5,-10.0,-2.83491
6.0,-10.0,-2.46082
6.5,-10.0,-2.31613
7.0,-10.0,-2.26435
7.5,-10.0,-2.24944
8.0,-10.0,-2.25053
8.5,-10.0,-2.26054
9.0,-10.0,-2.27729
9.5,-10.0,-2.29965
10.0,-10.0,-2.32571
-10.0,-9.5,-11.10816
-9.5,-9.5,-11.10816
-9.0,-9.5,-11.10816
-8.5,-9.5,-11.10816
-8.0,-9.5,-11.10816
-7.5,-9.5,-11.10816
-7.0,-9.5,-11.10816
-6.5,-9.5,-11.10816
-6.0,-9.5,-11.10816
-5.5,-9.5,-11.10816
-5.0,-9.5,-11.10816
-4.5,-9.5,-11.10816
-4.0,-9.5,-11.10816
-3.5,-9.5,-11.10816
-3.0,-9.5,-11.10817
-2.5,-9.5,-11.10816
-2.0,-9.5,-11.10814
-1.5,-9.5,-11.10807
-1.0,-9.5,-11.10784
-0.5,-9.5,-11.10716
0.0,-9.5,-11.1052
0.5,-9.5,-11.09974
1.0,-9.5,-11.08466
1.5,-9.5,-11.04351
2.0,-9.5,-10.93291
2.5,-9.5,-10.64481
3.0,-9.5,-9.94871
3.5,-9.5,-8.53009
4.0,-9.5,-6.42963
4.5,-9.5,-4.43141
5.0,-9.5,-3.18822
5.5,-9.5,-2.60681
6.0,-9.5,-2.37237
6.5,-9.5,-2.28545
7.0,-9.5,-2.25729
7.5,-9.5,-2.25345
8.0,-9.5,-2.26163
8.5,-9.5,-2.27771
9.0,-9.5,-2.29982
9.5,-9.5,-2.32579
10.0,-9.5,-2.35252
-10.0,-9.0,-11.10624
-9.5,-9.0,-11.10624
-9.0,-9.0,-11.10624
-8.5,-9.0,-11.10624
-8.0,-9.0,-11.10624
-7.5,-9.0,-11.10624
-7.0,-9.0,-11.10624
-6.5,-9.0,-11.10624
-6.0,-9.0,-11.10624
-5.5,-9.0,-11.10624
-5.0,-9.0,-11.10624
-4.5,-9.0,-11.10624
-4.0,-9.0,-11.10625
-3.5,-9.0,-11.10625
-3.0,-9.0,-11.10626
-2.5,-9.0,-11.10625
-2.0,-9.0,-11.10622
-1.5,-9.0,-11.1061
-1.0,-9.0,-11.10572
-0.5,-9.0,-11.10459
0.0,-9.0,-11.10137
0.5,-9.0,-11.09237
1.0,-9.0,-11.06758
1.5,-9.0,-11.0002
2.0,-9.0,-10.82109
2.5,-9.0,-10.36767
3.0,-9.0,-9.34475
3.5,-9.0,-7.53098
4.0,-9.0,-5.35964
4.5,-9.0,-3.70948
5.0,-9.0,-2.83711
5.5,-9.0,-2.46355
6.0,-9.0,-2.32003
6.5,-9.0,-2.27021
7.0,-9.0,-2.25826
7.5,-9.0,-2.26344
8.0,-9.0,-2.2784
8.5,-9.0,-2.30011
9.0,-9.0,-2.32593
9.5,-9.0,-2.35261
10.0,-9.0,-2.37686
-10.0,-8.5,-11.10308
-9.5,-8.5,-11.10308
-9.0,-8.5,-11.10308
-8.5,-8.5,-11.10308
-8.0,-8.5,-11.10308
-7.5,-8.5,-11.10308
-7.0,-8.5,-11.10308
-6.5,-8.5,-11.10308
-6.0,-8.5,-11.10308
-5.5,-8.5,-11.10308
-5.0,-8.5,-11.10309
-4.5,-8.5,-11.10309
-4.0,-8.5,-11.1031
-3.5,-8.5,-11.1031
-3.0,-8.5,-11.10311
-2.5,-8.5,-11.1031
-2.0,-8.5,-11.10305
-1.5,-8.5,-11.10286
-1.0,-8.5,-11.10223
-0.5,-8.5,-11.10037
0.0,-8.5,-11.09506
0.5,-8.5,-11.08026
1.0,-8.5,-11.03957
1.5,-8.5,-10.92973
2.0,-8.5,-10.64288
2.5,-8.5,-9.94861
3.0,-8.5,-8.53198
3.5,-8.5,-6.43259
4.0,-8.5,-4.4343
4.5,-8.5,-3.19092
5.0,-8.5,-2.60985
5.5,-8.5,-2.37645
6.0,-8.5,-2.29142
6.5,-8.5,-2.26619
7.0,-8.5,-2.26641
7.5,-8.5,-2.27954
8.0,-8.5,-2.30057
8.5,-8.5,-2.32615
9.0,-8.5,-2.35275
9.5,-8.5,-2.37699
10.0,-8.5,-2.3967
-10.0,-8.0,-11.09788
-9.5,-8.0,-11.09788
-9.0,-8.0,-11.09788
-8.5,-8.0,-11.09788
-8.0,-8.0,-11.09788
-7.5,-8.0,-11.09788
-7.0,-8.0,-11.09788
-6.5,-8.0,-11.09788
-6.0,-8.0,-11.09788
-5.5,-8.0,-11.09789
-5.0,-8.0,-11.09789
-4.5,-8.0,-11.0979
-4.0,-8.0,-11.0979
-3.5,-8.0,-11.09791
-3.0,-8.0,-11.09792
-2.5,-8.0,-11.09791
-2.0,-8.0,-11.09783
-1.5,-8.0,-11.09751
-1.0,-8.0,-11.09648
-0.5,-8.0,-11.09342
0.0,-8.0,-11.08469
0.5,-8.0,-11.06035
1.0,-8.0,-10.99376
1.5,-8.0,-10.81598
2.0,-8.0,-10.36471
2.5,-8.0,-9.34472
3.0,-8.0,-7.53357
3.5,-8.0,-5.36318
4.0,-8.0,-3.71289
4.5,-8.0,-2.84063
5.0,-8.0,-2.46793
5.5,-8.0,-2.32618
6.0,-8.0,-2.27922
6.5,-8.0,-2.27131
7.0,-8.0,-2.28142
7.5,-8.0,-2.30134
8.0,-8.0,-2.32652
8.5,-8.0,-2.35299
9.0,-8.0,-2.3772
9.5,-8.0,-2.39691
10.0,-8.0,-2.41155
-10.0,-7.5,-11.08932
-9.5,-7.5,-11.08932
-9.0,-7.5,-11.08932
-8.5,-7.5,-11.08932
-8.0,-7.5,-11.08932
-7.5,-7.5,-11.08932
-7.0,-7.5,-11.08932
-6.5,-7.5,-11.08932
-6.0,-7.5,-11.08932
-5.5,-7.5,-11.08933
-5.0,-7.5,-11.08933
-4.5,-7.5,-11.08934
-4.0,-7.5,-11.08936
-3.5,-7.5,-11.08938
-3.0,-7.5,-11.08939
-2.5,-7.5,-11.08938
-2.0,-7.5,-11.08924
-1.5,-7.5,-11.08871
-1.0,-7.5,-11.08701
-0.5,-7.5,-11.08198
0.0,-7.5,-11.06763
0.5,-7.5,-11.02774
1.0,-7.5,-10.91928
1.5,-7.5,-10.6348
2.0,-7.5,-9.94425
2.5,-7.5,-8.53217
3.0,-7.5,-6.43598
3.5,-7.5,-4.43848
4.0,-7.5,-3.19515
4.5,-7.5,-2.6147
5.0,-7.5,-2.3829
5.5,-7.5,-2.30063
6.0,-7.5,-2.27937
6.5,-7.5,-2.28451
7.0,-7.5,-2.3026
7.5,-7.5,-2.32714
8.0,-7.5,-2.35339
8.5,-7.5,-2.37755
9.0,-7.5,-2.39726
9.5,-7.5,-2.41191
10.0,-7.5,-2.42207
-10.0,-7.0,-11.07524
-9.5,-7.0,-11.07524
-9.0,-7.0,-11.07524
-8.5,-7.0,-11.07524
-8.0,-7.0,-11.07524
-7.5,-7.0,-11.07524
-7.0,-7.0,-11.07524
-6.5,-7.0,-11.07524
-6.0,-7.0,-11.07525
-5.5,-7.0,-11.07525
-5.0,-7.0,-11.07526
-4.5,-7.0,-11.07528
-4.0,-7.0,-11.0753
-3.5,-7.0,-11.07533
-3.0,-7.0,-11.07536
-2.5,-7.0,-11.07533
-2.0,-7.0,-11.07511
-1.5,-7.0,-11.07424
-1.0,-7.0,-11.07145
-0.5,-7.0,-11.06318
0.0,-7.0,-11.03965
0.5,-7.0,-10.97448
1.0,-7.0,-10.79921
1.5,-7.0,-10.35225
2.0,-7.0,-9.33869
2.5,-7.0,-7.53425
3.0,-7.0,-5.36747
3.5,-7.0,-3.71796
4.0,-7.0,-2.84618
4.5,-7.0,-2.47485
5.0,-7.0,-2.3357
5.5,-7.0,-2.29263
6.0,-7.0,-2.28961
6.5,-7.0,-2.30468
7.0,-7.0,-2.32814
7.5,-7.0,-2.35405
8.0,-7.0,-2.37812
8.5,-7.0,-2.39784
9.0,-7.0,-2.41251
9.5,-7.0,-2.4227
10.0,-7.0,-2.42943
-10.0,-6.5,-11.05212
-9.5,-6.5,-11.05212
-9.0,-6.5,-11.05212
-8.5,-6.5,-11.05212
-8.0,-6.5,-11.05212
-7.5,-6.5,-11.05212
-7.0,-6.5,-11.05213
-6.5,-6.5,-11.05213
-6.0,-6.5,-11.05214
-5.5,-6.5,-11.05215
-5.0,-6.5,-11.05217
-4.5,-6.5,-11.05219
-4.0,-6.5,-11.05223
-3.5,-6.5,-11.05228
-3.0,-6.5,-11.05233
-2.5,-6.5,-11.05229
-2.0,-6.5,-11.05192
-1.5,-6.5,-11.05049
-1.0,-6.5,-11.04592
-0.5,-6.5,-11.03238
0.0,-6.5,-10.99393
0.5,-6.5,-10.88808
1.0,-6.5,-10.60832
1.5,-6.5,-9.92578
2.0,-6.5,-8.52456
2.5,-6.5,-6.43758
3.0,-6.5,-4.44391
3.5,-6.5,-3.20157
4.0,-6.5,-2.62231
4.5,-6.5,-2.3929
5.0,-6.5,-2.3144
5.5,-6.5,-2.29799
6.0,-6.5,-2.30812
6.5,-6.5,-2.32981
7.0,-6.5,-2.35514
7.5,-6.5,-2.37906
8.0,-6.5,-2.39879
8.5,-6.5,-2.41351
9.0,-6.5,-2.42373
9.5,-6.5,-2.4305
10.0,-6.5,-2.43483
-10.0,-6.0,-11.01428
-9.5,-6.0,-11.01428
-9.0,-6.0,-11.01428
-8.5,-6.0,-11.01428
-8.0,-6.0,-11.01428
-7.5,-6.0,-11.01429
-7.0,-6.0,-11.01429
-6.5,-6.0,-11.0143
-6.0,-6.0,-11.01431
-5.5,-6.0,-11.01433
-5.0,-6.0,-11.01436
-4.5,-6.0,-11.0144
-4.0,-6.0,-11.01447
-3.5,-6.0,-11.01455
-3.0,-6.0,-11.01462
-2.5,-6.0,-11.01456
-2.0,-6.0,-11.01396
-1.5,-6.0,-11.01164
-1.0,-6.0,-11.00418
-0.5,-6.0,-10.9821
0.0,-6.0,-10.91959
0.5,-6.0,-10.7493
1.0,-6.0,-10.31151
1.5,-6.0,-9.31282
2.0,-6.0,-7.5258
2.5,-6.0,-5.37052
3.0,-6.0,-3.72494
3.5,-6.0,-2.8547
4.0,-6.0,-2.48559
4.5,-6.0,-2.35005
5.0,-6.0,-2.31177
5.5,-6.0,-2.31377
6.0,-6.0,-2.33255
6.5,-6.0,-2.35692
7.0,-6.0,-2.38062
7.5,-6.0,-2.40035
8.0,-6.0,-2.41514
8.5,-6.0,-2.42544
9.0,-6.0,-2.43225
9.5,-6.0,-2.43663
10.0,-6.0,-2.43937
-10.0,-5.5,-10.95261
-9.5,-5.5,-10.95261
-9.0,-5.5,-10.95261
-8.5,-5.5,-10.95261
-8.0,-5.5,-10.95262
-7.5,-5.5,-10.95262
-7.0,-5.5,-10.95263
-6.5,-5.5,-10.95264
-6.0,-5.5,-10.95266
-5.5,-5.5,-10.95269
-5.0,-5.5,-10.95274
-4.5,-5.5,-10.95281
-4.0,-5.5,-10.95292
-3.5,-5.5,-10.95306
-3.0,-5.5,-10.95318
-2.5,-5.5,-10.95309
-2.0,-5.5,-10.95213
-1.5,-5.5,-10.94837
-1.0,-5.5,-10.93629
-0.5,-5.5,-10.90051
0.0,-5.5,-10.7998
0.5,-5.5,-10.52997
1.0,-5.5,-9.86554
1.5,-5.5,-8.49115
2.0,-5.5,-6.42974
2.5,-5.5,-4.44906
3.0,-5.5,-3.21085
3.5,-5.5,-2.63407
4.0,-5.5,-2.40816
4.5,-5.5,-2.33439
5.0,-5.5,-2.32307
5.5,-5.5,-2.33706
6.0,-5.5,-2.35987
6.5,-5.5,-2.38318
7.0,-5.5,-2.40293
7.5,-5.5,-2.41783
8.0,-5.5,-2.42824
8.5,-5.5,-2.43515
9.0,-5.5,-2.43958
9.5,-5.5,-2.44236
10.0,-5.5,-2.44408
-10.0,-5.0,-10.85285
-9.5,-5.0,-10.85285
-9.0,-5.0,-10.85285
-8.5,-5.0,-10.85285
-8.0,-5.0,-10.85286
-7.5,-5.0,-10.85287
-7.0,-5.0,-10.85288
-6.5,-5.0,-10.8529
-6.0,-5.0,-10.85293
-5.5,-5.0,-10.85298
-5.0,-5.0,-10.85306
-4.5,-5.0,-10.85318
-4.0,-5.0,-10.85337
-3.5,-5.0,-10.8536
-3.0,-5.0,-10.85381
-2.5,-5.0,-10.85368
-2.0,-5.0,-10.85217
-1.5,-5.0,-10.84617
-1.0,-5.0,-10.82678
-0.5,-5.0,-10.76947
0.0,-5.0,-10.60954
0.5,-5.0,-10.1921
1.0,-5.0,-9.22888
1.5,-5.0,-7.48704
2.0,-5.0,-5.36521
2.5,-5.0,-3.7331
3.0,-5.0,-2.86752
3.5,-5.0,-2.50216
4.0,-5.0,-2.37138
4.5,-5.0,-2.33834
5.0,-5.0,-2.34448
5.5,-5.0,-2.36472
6.0,-5.0,-2.3874
6.5,-5.0,-2.40717
7.0,-5.0,-2.42226
7.5,-5.0,-2.43286
8.0,-5.0,-2.43991
8.5,-5.0,-2.44444
9.0,-5.0,-2.44729
9.5,-5.0,-2.44905
10.0,-5.0,-2.45014
-10.0,-4.5,-10.69338
-9.5,-4.5,-10.69338
-9.0,-4.5,-10.69338
-8.5,-4.5,-10.69339
-8.0,-4.5,-10.6934
-7.5,-4.5,-10.69341
-7.0,-4.5,-10.69343
-6.5,-4.5,-10.69346
-6.0,-4.5,-10.69351
-5.5,-4.5,-10.6936
-5.0,-4.5,-10.69373
-4.5,-4.5,-10.69394
-4.0,-4.5,-10.69424
-3.5,-4.5,-10.69463
-3.0,-4.5,-10.69501
-2.5,-4.5,-10.69486
-2.0,-4.5,-10.69256
-1.5,-4.5,-10.68316
-1.0,-4.5,-10.65259
-0.5,-4.5,-10.56239
0.0,-4.5,-10.31413
0.5,-4.5,-9.69157
1.0,-4.5,-8.38346
1.5,-4.5,-6.39044
2.0,-4.5,-4.44836
2.5,-4.5,-3.22346
3.0,-4.5,-2.65231
3.5,-4.5,-2.43158
4.0,-4.5,-2.36339
4.5,-4.5,-2.35668
5.0,-4.5,-2.37269
5.5,-4.5,-2.39434
6.0,-4.5,-2.41414
6.5,-4.5,-2.42955
7.0,-4.5,-2.44046
7.5,-4.5,-2.44775
8.0,-4.5,-2.45245
8.5,-4.5,-2.4554
9.0,-4.5,-2.45723
9.5,-4.5,-2.45836
10.0,-4.5,-2.45905
-10.0,-4.0,-10.44326
-9.5,-4.0,-10.44326
-9.0,-4.0,-10.44327
-8.5,-4.0,-10.44327
-8.0,-4.0,-10.44329
-7.5,-4.0,-10.44331
-7.0,-4.0,-10.44334
-6.5,-4.0,-10.44339
-6.0,-4.0,-10.44348
-5.5,-4.0,-10.44362
-5.0,-4.0,-10.44384
-4.5,-4.0,-10.44418
-4.0,-4.0,-10.44469
-3.5,-4.0,-10.44537
-3.0,-4.0,-10.44605
-2.5,-4.0,-10.44598
-2.0,-4.0,-10.44264
-1.5,-4.0,-10.42839
-1.0,-4.0,-10.38149
-0.5,-4.0,-10.24341
0.0,-4.0,-9.87127
0.5,-4.0,-8.99161
1.0,-4.0,-7.36309
1.5,-4.0,-5.33175
2.0,-4.0,-3.73939
2.5,-4.0,-2.88699
3.0,-4.0,-2.52865
3.5,-4.0,-2.40428
4.0,-4.0,-2.3767
4.5,-4.0,-2.38579
5.0,-4.0,-2.40573
5.5,-4.0,-2.4256
6.0,-4.0,-2.44153
6.5,-4.0,-2.45295
7.0,-4.0,-2.46064
7.5,-4.0,-2.46561
8.0,-4.0,-2.46874
8.5,-4.0,-2.47068
9.0,-4.0,-2.47188
9.5,-4.0,-2.47261
10.0,-4.0,-2.47306
-10.0,-3.5,-10.0624
-9.5,-3.5,-10.06241
-9.0,-3.5,-10.06241
-8.5,-3.5,-10.06243
-8.0,-3.5,-10.06245
-7.5,-3.5,-10.06248
-7.0,-3.5,-10.06253
-6.5,-3.5,-10.06262
-6.0,-3.5,-10.06276
-5.5,-3.5,-10.06299
-5.0,-3.5,-10.06336
-4.5,-3.5,-10.06394
-4.0,-3.5,-10.0648
-3.5,-3.5,-10.06597
-3.0,-3.5,-10.06725
-2.5,-3.5,-10.06754
-2.0,-3.5,-10.06312
-1.5,-3.5,-10.0426
-1.0,-3.5,-9.97362
-0.5,-3.5,-9.77097
0.0,-3.5,-9.2413
0.5,-3.5,-8.0883
1.0,-3.5,-6.26582
1.5,-3.5,-4.42738
2.0,-3.5,-3.24025
2.5,-3.5,-2.68271
3.0,-3.5,-2.4706
3.5,-3.5,-2.40945
4.0,-3.5,-2.40726
4.5,-3.5,-2.4244
5.0,-3.5,-2.44438
5.5,-3.5,-2.46116
6.0,-3.5,-2.47344
6.5,-3.5,-2.48179
7.0,-3.5,-2.4872
7.5,-3.5,-2.49063
8.0,-3.5,-2.49276
8.5,-3.5,-2.49408
9.0,-3.5,-2.49488
9.5,-3.5,-2.49537
10.0,-3.5,-2.49567
-10.0,-3.0,-9.50786
-9.5,-3.0,-9.50787
-9.0,-3.0,-9.50788
-8.5,-3.0,-9.5079
-8.0,-3.0,-9.50793
-7.5,-3.0,-9.50798
-7.0,-3.0,-9.50807
-6.5,-3.0,-9.50822
-6.0,-3.0,-9.50845
-5.5,-3.0,-9.50884
-5.0,-3.0,-9.50945
-4.5,-3.0,-9.51041
-4.0,-3.0,-9.51187
-3.5,-3.0,-9.51392
-3.0,-3.0,-9.51634
-2.5,-3.0,-9.51771
-2.0,-3.0,-9.51283
-1.5,-3.0,-9.48562
-1.0,-3.0,-9.3904
-0.5,-3.0,-9.1107
0.0,-3.0,-8.40951
0.5,-3.0,-7.03756
1.0,-3.0,-5.22639
1.5,-3.0,-3.738
2.0,-3.0,-2.92036
2.5,-3.0,-2.57689
3.0,-3.0,-2.4627
3.5,-3.0,-2.44228
4.0,-3.0,-2.45486
4.5,-3.0,-2.47502
5.0,-3.0,-2.49323
5.5,-3.0,-2.50693
6.0,-3.0,-2.51637
6.5,-3.0,-2.52254
7.0,-3.0,-2.52646
7.5,-3.0,-2.52891
8.0,-3.0,-2.53041
8.5,-3.0,-2.53134
9.0,-3.0,-2.5319
9.5,-3.0,-2.53224
10.0,-3.0,-2.53245
-10.0,-2.5,-8.75087
-9.5,-2.5,-8.75088
-9.0,-2.5,-8.7509
-8.5,-2.5,-8.75093
-8.0,-2.5,-8.75098
-7.5,-2.5,-8.75107
-7.0,-2.5,-8.75122
-6.5,-2.5,-8.75145
-6.0,-2.5,-8.75184
-5.5,-2.5,-8.75247
-5.0,-2.5,-8.75348
-4.5,-2.5,-8.75508
-4.0,-2.5,-8.75754
-3.5,-2.5,-8.76111
-3.0,-2.5,-8.76568
-2.5,-2.5,-8.76962
-2.0,-2.5,-8.76636
-1.5,-2.5,-8.73477
-1.0,-2.5,-8.61481
-0.5,-2.5,-8.25988
0.0,-2.5,-7.41475
0.5,-2.5,-5.95742
1.0,-2.5,-4.36111
1.5,-2.5,-3.26836
2.0,-2.5,-2.74357
2.5,-2.5,-2.54845
3.0,-2.5,-2.49906
3.5,-2.5,-2.50424
4.0,-2.5,-2.52472
4.5,-2.5,-2.54529
5.0,-2.5,-2.56137
5.5,-2.5,-2.57264
6.0,-2.5,-2.58008
6.5,-2.5,-2.58483
7.0,-2.5,-2.5878
7.5,-2.5,-2.58964
8.0,-2.5,-2.59076
8.5,-2.5,-2.59145
9.0,-2.5,-2.59187
9.5,-2.5,-2.59212
10.0,-2.5,-2.59228
-10.0,-2.0,-7.80369
-9.5,-2.0,-7.80371
-9.0,-2.0,-7.80374
-8.5,-2.0,-7.80379
-8.0,-2.0,-7.80388
-7.5,-2.0,-7.80402
-7.0,-2.0,-7.80425
-6.5,-2.0,-7.80463
-6.0,-2.0,-7.80524
-5.5,-2.0,-7.80625
-5.0,-2.0,-7.80788
-4.5,-2.0,-7.81049
-4.0,-2.0,-7.81456
-3.5,-2.0,-7.82065
-3.0,-2.0,-7.82902
-2.5,-2.0,-7.83824
-2.0,-2.0,-7.84097
-1.5,-2.0,-7.81198
-1.0,-2.0,-7.67885
-0.5,-2.0,-7.27372
0.0,-2.0,-6.36149
0.5,-2.0,-4.98879
1.0,-2.0,-3.73056
1.5,-2.0,-2.99458
2.0,-2.0,-2.68412
2.5,-2.0,-2.59004
3.0,-2.0,-2.58343
3.5,-2.0,-2.60446
4.0,-2.0,-2.62899
4.5,-2.0,-2.64908
5.0,-2.0,-2.66345
5.5,-2.0,-2.67304
6.0,-2.0,-2.6792
6.5,-2.0,-2.68306
7.0,-2.0,-2.68546
7.5,-2.0,-2.68693
8.0,-2.0,-2.68783
8.5,-2.0,-2.68837
9.0,-2.0,-2.68871
9.5,-2.0,-2.68891
10.0,-2.0,-2.68903
-10.0,-1.5,-6.73967
-9.5,-1.5,-6.7397
-9.0,-1.5,-6.73975
-8.5,-1.5,-6.73983
-8.0,-1.5,-6.73996
-7.5,-1.5,-6.74018
-7.0,-1.5,-6.74053
-6.5,-1.5,-6.74112
-6.0,-1.5,-6.74208
-5.5,-1.5,-6.74365
-5.0,-1.5,-6.7462
-4.5,-1.5,-6.75032
-4.0,-1.5,-6.75683
-3.5,-1.5,-6.76686
-3.0,-1.5,-6.78141
-2.5,-1.5,-6.79997
-2.0,-1.5,-6.81569
-1.5,-1.5,-6.80159
-1.0,-1.5,-6.67758
-0.5,-1.5,-6.26841
0.0,-1.5,-5.39218
0.5,-1.5,-4.24099
1.0,-1.5,-3.34466
1.5,-1.5,-2.89195
2.0,-1.5,-2.73311
2.5,-1.5,-2.70827
3.0,-1.5,-2.73033
3.5,-1.5,-2.76149
4.0,-1.5,-2.78836
4.5,-1.5,-2.80802
5.0,-1.5,-2.8213
5.5,-1.5,-2.82989
6.0,-1.5,-2.8353
6.5,-1.5,-2.83866
7.0,-1.5,-2.84072
7.5,-1.5,-2.84199
8.0,-1.5,-2.84276
8.5,-1.5,-2.84322
9.0,-1.5,-2.84351
9.5,-1.5,-2.84368
10.0,-1.5,-2.84379
-10.0,-1.0,-5.67991
-9.5,-1.0,-5.67995
-9.0,-1.0,-5.68003
-8.5,-1.0,-5.68015
-8.0,-1.0,-5.68034
-7.5,-1.0,-5.68067
-7.0,-1.0,-5.6812
-6.5,-1.0,-5.68208
-6.0,-1.0,-5.68353
-5.5,-1.0,-5.6859
-5.0,-1.0,-5.68977
-4.5,-1.0,-5.69604
-4.0,-1.0,-5.70609
-3.5,-1.0,-5.72187
-3.0,-1.0,-5.74569
-2.5,-1.0,-5.77889
-2.0,-1.0,-5.81679
-1.5,-1.0,-5.83343
-1.0,-1.0,-5.74626
-0.5,-1.0,-5.38449
0.0,-1.0,-4.63324
0.5,-1.0,-3.76737
1.0,-1.0,-3.19187
1.5,-1.0,-2.95092
2.0,-1.0,-2.89981
2.5,-1.0,-2.9239
3.0,-1.0,-2.9662
3.5,-1.0,-3.00459
4.0,-1.0,-3.03336
4.5,-1.0,-3.05304
5.0,-1.0,-3.06586
5.5,-1.0,-3.07398
6.0,-1.0,-3.07903
6.5,-1.0,-3.08214
7.0,-1.0,-3.08404
7.5,-1.0,-3.0852
8.0,-1.0,-3.08591
8.5,-1.0,-3.08634
9.0,-1.0,-3.0866
9.5,-1.0,-3.08676
10.0,-1.0,-3.08686
-10.0,-0.5,-4.74364
-9.5,-0.5,-4.7437
-9.0,-0.5,-4.74381
-8.5,-0.5,-4.74399
-8.0,-0.5,-4.74428
-7.5,-0.5,-4.74475
-7.0,-0.5,-4.74554
-6.5,-0.5,-4.74683
-6.0,-0.5,-4.74896
-5.5,-0.5,-4.75245
-5.0,-0.5,-4.75816
-4.5,-0.5,-4.76748
-4.0,-0.5,-4.78252
-3.5,-0.5,-4.80647
-3.0,-0.5,-4.84359
-2.5,-0.5,-4.89812
-2.0,-0.5,-4.96914
-1.5,-0.5,-5.03386
-1.0,-0.5,-5.0095
-0.5,-0.5,-4.7349
0.0,-0.5,-4.15969
0.5,-0.5,-3.5805
1.0,-0.5,-3.26513
1.5,-0.5,-3.18175
2.0,-0.5,-3.21015
2.5,-0.5,-3.27088
3.0,-0.5,-3.32876
3.5,-0.5,-3.3732
4.0,-0.5,-3.40404
4.5,-0.5,-3.4243
5.0,-0.5,-3.43718
5.5,-0.5,-3.44523
6.0,-0.5,-3.45019
6.5,-0.5,-3.45323
7.0,-0.5,-3.45509
7.5,-0.5,-3.45622
8.0,-0.5,-3.45691
8.5,-0.5,-3.45733
9.0,-0.5,-3.45758
9.5,-0.5,-3.45773
10.0,-0.5,-3.45783
-10.0,0.0,-4.00015
-9.5,0.0,-4.00024
-9.0,0.0,-4.00039
-8.5,0.0,-4.00065
-8.0,0.0,-4.00107
-7.5,0.0,-4.00177
-7.0,0.0,-4.00291
-6.5,0.0,-4.0048
-6.0,0.0,-4.00791
-5.5,0.0,-4.01301
-5.0,0.0,-4.02139
-4.5,0.0,-4.03507
-4.0,0.0,-4.05729
-3.5,0.0,-4.093
-3.0,0.0,-4.14922
-2.5,0.0,-4.23429
-2.0,0.0,-4.35243
-1.5,0.0,-4.4843
-1.0,0.0,-4.54437
-0.5,0.0,-4.38058
0.0,0.0,-4.0
0.5,0.0,-3.68026
1.0,0.0,-3.5721
1.5,0.0,-3.61011
2.0,0.0,-3.70037
2.5,0.0,-3.79028
3.0,0.0,-3.86114
3.5,0.0,-3.91114
4.0,0.0,-3.9443
4.5,0.0,-3.96554
5.0,0.0,-3.97884
5.5,0.0,-3.98707
6.0,0.0,-3.99212
6.5,0.0,-3.99521
7.0,0.0,-3.99709
7.5,0.0,-3.99823
8.0,0.0,-3.99893
8.5,0.0,-3.99935
9.0,0.0,-3.99961
9.5,0.0,-3.99976
10.0,0.0,-3.99985
-10.0,0.5,-3.45818
-9.5,0.5,-3.45832
-9.0,0.5,-3.45855
-8.5,0.5,-3.45893
-8.0,0.5,-3.45955
-7.5,0.5,-3.46058
-7.0,0.5,-3.46227
-6.5,0.5,-3.46505
-6.0,0.5,-3.46963
-5.5,0.5,-3.47717
-5.0,0.5,-3.48954
-4.5,0.5,-3.50979
-4.0,0.5,-3.54277
-3.5,0.5,-3.59603
-3.0,0.5,-3.68057
-2.5,0.5,-3.81037
-2.0,0.5,-3.99573
-1.5,0.5,-4.21836
-1.0,0.5,-4.38173
-0.5,0.5,-4.34203
0.0,0.5,-4.15969
0.5,0.5,-4.06828
1.0,0.5,-4.128
1.5,0.5,-4.26237
2.0,0.5,-4.40159
2.5,0.5,-4.51463
3.0,0.5,-4.59595
3.5,0.5,-4.6506
4.0,0.5,-4.68585
4.5,0.5,-4.70806
5.0,0.5,-4.72183
5.5,0.5,-4.73031
6.0,0.5,-4.73549
6.5,0.5,-4.73865
7.0,0.5,-4.74057
7.5,0.5,-4.74174
8.0,0.5,-4.74245
8.5,0.5,-4.74288
9.0,0.5,-4.74314
9.5,0.5,-4.7433
10.0,0.5,-4.74339
-10.0,1.0,-3.08733
-9.5,1.0,-3.08753
-9.0,1.0,-3.08788
-8.5,1.0,-3.08845
-8.0,1.0,-3.08938
-7.5,1.0,-3.09093
-7.0,1.0,-3.09347
-6.5,1.0,-3.09766
-6.0,1.0,-3.10455
-5.5,1.0,-3.1159
-5.0,1.0,-3.13453
-4.5,1.0,-3.16505
-4.0,1.0,-3.2148
-3.5,1.0,-3.29522
-3.0,1.0,-3.42316
-2.5,1.0,-3.62014
-2.0,1.0,-3.90253
-1.5,1.0,-4.24552
-1.0,1.0,-4.5275
-0.5,1.0,-4.61993
0.0,1.0,-4.63324
0.5,1.0,-4.73916
1.0,1.0,-4.9325
1.5,1.0,-5.13942
2.0,1.0,-5.31323
2.5,1.0,-5.44131
3.0,1.0,-5.52873
3.5,1.0,-5.5857
4.0,1.0,-5.62179
4.5,1.0,-5.64428
5.0,1.0,-5.65814
5.5,1.0,-5.66663
6.0,1.0,-5.67181
6.5,1.0,-5.67496
7.0,1.0,-5.67688
7.5,1.0,-5.67804
8.0,1.0,-5.67875
8.5,1.0,-5.67918
9.0,1.0,-5.67944
9.5,1.0,-5.6796
10.0,1.0,-5.67969
-10.0,1.5,-2.84444
-9.5,1.5,-2.84477
-9.0,1.5,-2.8453
-8.5,1.5,-2.84617
-8.0,1.5,-2.84761
-7.5,1.5,-2.84999
-7.0,1.5,-2.85391
-6.5,1.5,-2.86036
-6.0,1.5,-2.87098
-5.5,1.5,-2.88845
-5.0,1.5,-2.91713
-4.5,1.5,-2.96407
-4.0,1.5,-3.04052
-3.5,1.5,-3.16386
-3.0,1.5,-3.3593
-2.5,1.5,-3.6578
-2.0,1.5,-4.07812
-1.5,1.5,-4.57126
-1.0,1.5,-4.97472
-0.5,1.5,-5.19874
0.0,1.5,-5.39218
0.5,1.5,-5.65393
1.0,1.5,-5.93919
1.5,1.5,-6.18812
2.0,1.5,-6.37686
2.5,1.5,-6.50815
3.0,1.5,-6.59475
3.5,1.5,-6.65005
4.0,1.5,-6.68465
4.5,1.5,-6.70604
5.0,1.5,-6.71917
5.5,1.5,-6.72718
6.0,1.5,-6.73207
6.5,1.5,-6.73504
7.0,1.5,-6.73684
7.5,1.5,-6.73794
8.0,1.5,-6.7386
8.5,1.5,-6.739
9.0,1.5,-6.73925
9.5,1.5,-6.7394
10.0,1.5,-6.73949
-10.0,2.0,-2.69
-9.5,2.0,-2.69051
-9.0,2.0,-2.69134
-8.5,2.0,-2.69272
-8.0,2.0,-2.69499
-7.5,2.0,-2.69873
-7.0,2.0,-2.70489
-6.5,2.0,-2.71503
-6.0,2.0,-2.73172
-5.5,2.0,-2.75915
-5.0,2.0,-2.80413
-4.5,2.0,-2.87761
-4.0,2.0,-2.99686
-3.5,2.0,-3.18813
-3.0,2.0,-3.48796
-2.5,2.0,-3.93627
-2.0,2.0,-4.54045
-1.5,2.0,-5.194
-1.0,2.0,-5.6937
-0.5,2.0,-6.0298
0.0,2.0,-6.36149
0.5,2.0,-6.71798
1.0,2.0,-7.04207
1.5,2.0,-7.29628
2.0,2.0,-7.47716
2.5,2.0,-7.59821
3.0,2.0,-7.6762
3.5,2.0,-7.72527
4.0,2.0,-7.75571
4.5,2.0,-7.77443
5.0,2.0,-7.78588
5.5,2.0,-7.79286
6.0,2.0,-7.7971
6.5,2.0,-7.79968
7.0,2.0,-7.80125
7.5,2.0,-7.8022
8.0,2.0,-7.80277
8.5,2.0,-7.80312
9.0,2.0,-7.80334
9.5,2.0,-7.80347
10.0,2.0,-7.80354
-10.0,2.5,-2.59377
-9.5,2.5,-2.59458
-9.0,2.5,-2.59591
-8.5,2.5,-2.59811
-8.0,2.5,-2.60173
-7.5,2.5,-2.60771
-7.0,2.5,-2.61754
-6.5,2.5,-2.63374
-6.0,2.5,-2.66036
-5.5,2.5,-2.70404
-5.0,2.5,-2.77552
-4.5,2.5,-2.89182
-4.0,2.5,-3.07937
-3.5,2.5,-3.37677
-3.0,2.5,-3.83348
-2.5,2.5,-4.48957
-2.0,2.5,-5.30573
-1.5,2.5,-6.07693
-1.0,2.5,-6.61143
-0.5,2.5,-7.01416
0.0,2.5,-7.41475
0.5,2.5,-7.79346
1.0,2.5,-8.10312
1.5,2.5,-8.32976
2.0,2.5,-8.48416
2.5,2.5,-8.58472
3.0,2.5,-8.64842
3.5,2.5,-8.6881
4.0,2.5,-8.71256
4.5,2.5,-8.72754
5.0,2.5,-8.73668
5.5,2.5,-8.74224
6.0,2.5,-8.74563
6.5,2.5,-8.74768
7.0,2.5,-8.74893
7.5,2.5,-8.74968
8.0,2.5,-8.75014
8.5,2.5,-8.75042
9.0,2.5,-8.75059
9.5,2.5,-8.75069
10.0,2.5,-8.75075
-10.0,3.0,-2.53479
-9.5,3.0,-2.5361
-9.0,3.0,-2.53826
-8.5,3.0,-2.54181
-8.0,3.0,-2.54767
-7.5,3.0,-2.55731
-7.0,3.0,-2.57319
-6.5,3.0,-2.5993
-6.0,3.0,-2.64217
-5.5,3.0,-2.71235
-5.0,3.0,-2.8267
-4.5,3.0,-3.01154
-4.0,3.0,-3.30627
-3.5,3.0,-3.76462
-3.0,3.0,-4.44388
-2.5,3.0,-5.3544
-2.0,3.0,-6.34612
-1.5,3.0,-7.1178
-1.0,3.0,-7.60797
-0.5,3.0,-8.01559
0.0,3.0,-8.40951
0.5,3.0,-8.74956
1.0,3.0,-9.00827
1.5,3.0,-9.18878
2.0,3.0,-9.30805
2.5,3.0,-9.38427
3.0,3.0,-9.432
3.5,3.0,-9.46151
4.0,3.0,-9.47962
4.5,3.0,-9.49068
5.0,3.0,-9.49742
5.5,3.0,-9.50151
6.0,3.0,-9.504
6.5,3.0,-9.50552
7.0,3.0,-9.50643
7.5,3.0,-9.50699
8.0,3.0,-9.50733
8.5,3.0,-9.50753
9.0,3.0,-9.50766
9.5,3.0,-9.50773
10.0,3.0,-9.50778
-10.0,3.5,-2.49941
-9.5,3.5,-2.50154
-9.0,3.5,-2.50505
-8.5,3.5,-2.51084
-8.0,3.5,-2.52036
-7.5,3.5,-2.53605
-7.0,3.5,-2.56184
-6.5,3.5,-2.6042
-6.0,3.5,-2.67356
-5.5,3.5,-2.78666
-5.0,3.5,-2.96972
-4.5,3.5,-3.26238
-4.0,3.5,-3.72039
-3.5,3.5,-4.41
-3.0,3.5,-5.3729
-2.5,3.5,-6.52297
-2.0,3.5,-7.54119
-1.5,3.5,-8.16114
-1.0,3.5,-8.54926
-0.5,3.5,-8.90769
0.0,3.5,-9.2413
0.5,3.5,-9.51079
1.0,3.5,-9.7058
1.5,3.5,-9.83744
2.0,3.5,-9.92263
2.5,3.5,-9.97637
3.0,3.5,-10.00975
3.5,3.5,-10.03029
4.0,3.5,-10.04286
4.5,3.5,-10.05052
5.0,3.5,-10.05519
5.5,3.5,-10.05802
6.0,3.5,-10.05974
6.5,3.5,-10.06078
7.0,3.5,-10.06142
7.5,3.5,-10.0618
8.0,3.5,-10.06204
8.5,3.5,-10.06218
9.0,3.5,-10.06226
9.5,3.5,-10.06232
10.0,3.5,-10.06235
-10.0,4.0,-2.47912
-9.5,4.0,-2.48261
-9.0,4.0,-2.48834
-8.5,4.0,-2.4978
-8.0,4.0,-2.51336
-7.5,4.0,-2.53896
-7.0,4.0,-2.581
-6.5,4.0,-2.64986
-6.0,4.0,-2.76218
-5.5,4.0,-2.9441
-5.0,4.0,-3.23534
-4.5,4.0,-3.69264
-4.0,4.0,-4.38702
-3.5,4.0,-5.3789
-3.0,4.0,-6.63459
-2.5,4.0,-7.87843
-2.0,4.0,-8.68774
-1.5,4.0,-9.06435
-1.0,4.0,-9.33692
-0.5,4.0,-9.61823
0.0,4.0,-9.87127
0.5,4.0,-10.0663
1.0,4.0,-10.20269
1.5,4.0,-10.29275
2.0,4.0,-10.35024
2.5,4.0,-10.38619
3.0,4.0,-10.4084
3.5,4.0,-10.42203
4.0,4.0,-10.43035
4.5,4.0,-10.43541
5.0,4.0,-10.43849
5.5,4.0,-10.44037
6.0,4.0,-10.4415
6.5,4.0,-10.44219
7.0,4.0,-10.44261
7.5,4.0,-10.44286
8.0,4.0,-10.44302
8.5,4.0,-10.44311
9.0,4.0,-10.44317
9.5,4.0,-10.4432
10.0,4.0,-10.44322
-10.0,4.5,-2.46893
-9.5,4.5,-2.47465
-9.0,4.5,-2.48406
-8.5,4.5,-2.49955
-8.0,4.5,-2.52503
-7.5,4.5,-2.56687
-7.0,4.5,-2.63543
-6.5,4.5,-2.74726
-6.0,4.5,-2.92846
-5.5,4.5,-3.21879
-5.0,4.5,-3.67547
-4.5,4.5,-4.37215
-4.0,4.5,-5.38031
-3.5,4.5,-6.70356
-3.0,4.5,-8.13205
-2.5,4.5,-9.1808
-2.0,4.5,-9.60347
-1.5,4.5,-9.75762
-1.0,4.5,-9.93402
-0.5,4.5,-10.13663
0.0,4.5,-10.31413
0.5,4.5,-10.44664
1.0,4.5,-10.53725
1.5,4.5,-10.59623
2.0,4.5,-10.63353
2.5,4.5,-10.65674
3.0,4.5,-10.67103
3.5,4.5,-10.67978
4.0,4.5,-10.68511
4.5,4.5,-10.68836
5.0,4.5,-10.69033
5.5,4.5,-10.69153
6.0,4.5,-10.69226
6.5,4.5,-10.6927
7.0,4.5,-10.69296
7.5,4.5,-10.69313
8.0,4.5,-10.69323
8.5,4.5,-10.69329
9.0,4.5,-10.69332
9.5,4.5,-10.69334
10.0,4.5,-10.69336
-10.0,5.0,-2.46632
-9.5,5.0,-2.4757
-9.0,5.0,-2.49114
-8.5,5.0,-2.51655
-8.0,5.0,-2.55828
-7.5,5.0,-2.62665
-7.0,5.0,-2.73818
-6.5,5.0,-2.91894
-6.0,5.0,-3.20869
-5.5,5.0,-3.66493
-5.0,5.0,-4.36279
-4.5,5.0,-5.38028
-4.0,5.0,-6.74575
-3.5,5.0,-8.31214
-3.0,5.0,-9.61618
-2.5,5.0,-10.1815
-2.0,5.0,-10.22706
-1.5,5.0,-10.24507
-1.0,5.0,-10.35415
-0.5,5.0,-10.49147
0.0,5.0,-10.60954
0.5,5.0,-10.69587
1.0,5.0,-10.75406
1.5,5.0,-10.79159
2.0,5.0,-10.81519
2.5,5.0,-10.82982
3.0,5.0,-10.83881
3.5,5.0,-10.84431
4.0,5.0,-10.84766
4.5,5.0,-10.8497
5.0,5.0,-10.85094
5.5,5.0,-10.85169
6.0,5.0,-10.85214
6.5,5.0,-10.85242
7.0,5.0,-10.85259
7.5,5.0,-10.85269
8.0,5.0,-10.85275
8.5,5.0,-10.85279
9.0,5.0,-10.85281
9.5,5.0,-10.85283
10.0,5.0,-10.85284
-10.0,5.5,-2.47062
-9.5,5.5,-2.48604
-9.0,5.5,-2.51141
-8.5,5.5,-2.55306
-8.0,5.5,-2.62131
-7.5,5.5,-2.73267
-7.0,5.5,-2.91316
-6.5,5.5,-3.20254
-6.0,5.5,-3.65849
-5.5,5.5,-4.35698
-5.0,5.5,-5.37991
-4.5,5.5,-6.77143
-4.0,5.5,-8.43393
-3.5,5.5,-9.97084
-3.0,5.5,-10.77546
-2.5,5.5,-10.78509
-2.0,5.5,-10.60647
-1.5,5.5,-10.56849
-1.0,5.5,-10.63459
-0.5,5.5,-10.72393
0.0,5.5,-10.7998
0.5,5.5,-10.85454
1.0,5.5,-10.8911
1.5,5.5,-10.91455
2.0,5.5,-10.92924
2.5,5.5,-10.93833
3.0,5.5,-10.94391
3.5,5.5,-10.94732
4.0,5.5,-10.9494
4.5,5.5,-10.95066
5.0,5.5,-10.95143
5.5,5.5,-10.95189
6.0,5.5,-10.95217
6.5,5.5,-10.95234
7.0,5.5,-10.95245
7.5,5.5,-10.95251
8.0,5.5,-10.95255
8.5,5.5,-10.95257
9.0,5.5,-10.95259
9.5,5.5,-10.9526
10.0,5.5,-10.9526
-10.0,6.0,-2.48294
-9.5,6.0,-2.50828
-9.0,6.0,-2.54989
-8.5,6.0,-2.61807
-8.0,6.0,-2.72932
-7.5,6.0,-2.90964
-7.0,6.0,-3.19881
-6.5,6.0,-3.65457
-6.0,6.0,-4.35341
-5.5,6.0,-5.37956
-5.0,6.0,-6.78703
-4.5,6.0,-8.51329
-4.0,6.0,-10.23739
-3.5,6.0,-11.33538
-3.0,6.0,-11.43754
-2.5,6.0,-11.06807
-2.0,6.0,-10.82373
-1.5,6.0,-10.77548
-1.0,6.0,-10.81529
-0.5,6.0,-10.8719
0.0,6.0,-10.91959
0.5,6.0,-10.9537
1.0,6.0,-10.97637
1.5,6.0,-10.99085
2.0,6.0,-10.99991
2.5,6.0,-11.0055
3.0,6.0,-11.00893
3.5,6.0,-11.01103
4.0,6.0,-11.0123
4.5,6.0,-11.01308
5.0,6.0,-11.01355
5.5,6.0,-11.01384
6.0,6.0,-11.01401
6.5,6.0,-11.01412
7.0,6.0,-11.01418
7.5,6.0,-11.01422
8.0,6.0,-11.01424
8.5,6.0,-11.01426
9.0,6.0,-11.01427
9.5,6.0,-11.01427
10.0,6.0,-11.01427
-10.0,6.5,-2.50638
-9.5,6.5,-2.54797
-9.0,6.5,-2.61611
-8.5,6.5,-2.72729
-8.0,6.5,-2.90751
-7.5,6.5,-3.19654
-7.0,6.5,-3.65218
-6.5,6.5,-4.35122
-6.0,6.5,-5.37929
-5.5,6.5,-6.7965
-5.0,6.5,-8.56369
-4.5,6.5,-10.42464
-4.0,6.5,-11.81235
-3.5,6.5,-12.14572
-3.0,6.5,-11.66375
-2.5,6.5,-11.16543
-2.0,6.5,-10.94575
-1.5,6.5,-10.90512
-1.0,6.5,-10.92909
-0.5,6.5,-10.96436
0.0,6.5,-10.99393
0.5,6.5,-11.01497
1.0,6.5,-11.0289
1.5,6.5,-11.03778
2.0,6.5,-11.04333
2.5,6.5,-11.04675
3.0,6.5,-11.04885
3.5,6.5,-11.05013
4.0,6.5,-11.05091
4.5,6.5,-11.05139
5.0,6.5,-11.05168
5.5,6.5,-11.05185
6.0,6.5,-11.05196
6.5,6.5,-11.05202
7.0,6.5,-11.05206
7.5,6.5,-11.05208
8.0,6.5,-11.0521
8.5,6.5,-11.05211
9.0,6.5,-11.05211
9.5,6.5,-11.05212
10.0,6.5,-11.05212
-10.0,7.0,-2.5468
-9.5,7.0,-2.61491
-9.0,7.0,-2.72605
-8.5,7.0,-2.90621
-8.0,7.0,-3.19516
-7.5,7.0,-3.65074
-7.0,7.0,-4.34989
-6.5,7.0,-5.37911
-6.0,7.0,-6.80225
-5.5,7.0,-8.59515
-5.0,7.0,-10.54973
-4.5,7.0,-12.1818
-4.0,7.0,-12.8377
-3.5,7.0,-12.39317
-3.0,7.0,-11.63802
-2.5,7.0,-11.18058
-2.0,7.0,-11.01465
-1.5,7.0,-10.98528
-1.0,7.0,-10.99973
-0.5,7.0,-11.02148
0.0,7.0,-11.03965
0.5,7.0,-11.05255
1.0,7.0,-11.06107
1.5,7.0,-11.06649
2.0,7.0,-11.06988
2.5,7.0,-11.07196
3.0,7.0,-11.07324
3.5,7.0,-11.07402
4.0,7.0,-11.0745
4.5,7.0,-11.07479
5.0,7.0,-11.07496
5.5,7.0,-11.07507
6.0,7.0,-11.07514
6.5,7.0,-11.07517
7.0,7.0,-11.0752
7.5,7.0,-11.07521
8.0,7.0,-11.07522
8.5,7.0,-11.07523
9.0,7.0,-11.07523
9.5,7.0,-11.07523
10.0,7.0,-11.07523
-10.0,7.5,-2.61419
-9.5,7.5,-2.7253
-9.0,7.5,-2.90543
-8.5,7.5,-3.19433
-8.0,7.5,-3.64986
-7.5,7.5,-4.34908
-7.0,7.5,-5.379
-6.5,7.5,-6.80574
-6.0,7.5,-8.61457
-5.5,7.5,-10.63042
-5.0,7.5,-12.44659
-4.5,7.5,-13.44191
-4.0,7.5,-13.20731
-3.5,7.5,-12.2729
-3.0,7.5,-11.52061
-2.5,7.5,-11.16852
-2.0,7.5,-11.05415
-1.5,7.5,-11.03446
-1.0,7.5,-11.04319
-0.5,7.5,-11.05652
0.0,7.5,-11.06763
0.5,7.5,-11.0755
1.0,7.5,-11.08069
1.5,7.5,-11.08399
2.0,7.5,-11.08605
2.5,7.5,-11.08733
3.0,7.5,-11.0881
3.5,7.5,-11.08858
4.0,7.5,-11.08887
4.5,7.5,-11.08904
5.0,7.5,-11.08915
5.5,7.5,-11.08922
6.0,7.5,-11.08926
6.5,7.5,-11.08928
7.0,7.5,-11.08929
7.5,7.5,-11.0893
8.0,7.5,-11.08931
8.5,7.5,-11.08931
9.0,7.5,-11.08931
9.5,7.5,-11.08931
10.0,7.5,-11.08931
-10.0,8.0,-2.72485
-9.5,8.0,-2.90495
-9.0,8.0,-3.19382
-8.5,8.0,-3.64932
-8.0,8.0,-4.34859
-7.5,8.0,-5.37893
-7.0,8.0,-6.80785
-6.5,8.0,-8.62649
-6.0,8.0,-10.68129
-5.5,8.0,-12.6258
-5.0,8.0,-13.91805
-4.5,8.0,-14.01821
-4.0,8.0,-13.06732
-3.5,8.0,-12.00842
-3.0,8.0,-11.39795
-2.5,8.0,-11.152
-2.0,8.0,-11.07716
-1.5,8.0,-11.0645
-1.0,8.0,-11.06978
-0.5,8.0,-11.07791
0.0,8.0,-11.08469
0.5,8.0,-11.08948
1.0,8.0,-11.09264
1.5,8.0,-11.09464
2.0,8.0,-11.0959
2.5,8.0,-11.09667
3.0,8.0,-11.09714
3.5,8.0,-11.09743
4.0,8.0,-11.09761
4.5,8.0,-11.09771
5.0,8.0,-11.09778
5.5,8.0,-11.09782
6.0,8.0,-11.09784
6.5,8.0,-11.09786
7.0,8.0,-11.09786
7.5,8.0,-11.09787
8.0,8.0,-11.09787
8.5,8.0,-11.09788
9.0,8.0,-11.09788
9.5,8.0,-11.09788
10.0,8.0,-11.09788
-10.0,8.5,-2.90466
-9.5,8.5,-3.19351
-9.0,8.5,-3.649
-8.5,8.5,-4.34829
-8.0,8.5,-5.37888
-7.5,8.5,-6.80913
-7.0,8.5,-8.63376
-6.5,8.5,-10.71289
-6.0,8.5,-12.74236
-5.5,8.5,-14.2634
-5.0,8.5,-14.73635
-4.5,8.5,-13.96647
-4.0,8.5,-12.67532
-3.5,8.5,-11.74189
-3.0,8.5,-11.30061
-2.5,8.5,-11.13825
-2.0,8.5,-11.09075
-1.5,8.5,-11.0828
-1.0,8.5,-11.08599
-0.5,8.5,-11.09094
0.0,8.5,-11.09506
0.5,8.5,-11.09798
1.0,8.5,-11.0999
1.5,8.5,-11.10112
2.0,8.5,-11.10188
2.5,8.5,-11.10235
3.0,8.5,-11.10263
3.5,8.5,-11.10281
4.0,8.5,-11.10292
4.5,8.5,-11.10298
5.0,8.5,-11.10302
5.5,8.5,-11.10304
6.0,8.5,-11.10306
6.5,8.5,-11.10307
7.0,8.5,-11.10307
7.5,8.5,-11.10308
8.0,8.5,-11.10308
8.5,8.5,-11.10308
9.0,8.5,-11.10308
9.5,8.5,-11.10308
10.0,8.5,-11.10308
-10.0,9.0,-3.19333
-9.5,9.0,-3.6488
-9.0,9.0,-4.34811
-8.5,9.0,-5.37886
-8.0,9.0,-6.80991
-7.5,9.0,-8.63819
-7.0,9.0,-10.73234
-6.5,9.0,-12.81622
-6.0,9.0,-14.49898
-5.5,9.0,-15.30829
-5.0,9.0,-14.87152
-4.5,9.0,-13.51815
-4.0,9.0,-12.24284
-3.5,9.0,-11.5298
-3.0,9.0,-11.23209
-2.5,9.0,-11.12846
-2.0,9.0,-11.09885
-1.5,9.0,-11.09392
-1.0,9.0,-11.09586
-0.5,9.0,-11.09887
0.0,9.0,-11.10137
0.5,9.0,-11.10314
1.0,9.0,-11.10431
1.5,9.0,-11.10505
2.0,9.0,-11.10551
2.5,9.0,-11.10579
3.0,9.0,-11.10597
3.5,9.0,-11.10607
4.0,9.0,-11.10614
4.5,9.0,-11.10618
5.0,9.0,-11.1062
5.5,9.0,-11.10622
6.0,9.0,-11.10622
6.5,9.0,-11.10623
7.0,9.0,-11.10623
7.5,9.0,-11.10624
8.0,9.0,-11.10624
8.5,9.0,-11.10624
9.0,9.0,-11.10624
9.5,9.0,-11.10624
10.0,9.0,-11.10624
-10.0,9.5,-3.64868
-9.5,9.5,-4.348
-9.0,9.5,-5.37884
-8.5,9.5,-6.81038
-8.0,9.5,-8.64088
-7.5,9.5,-10.74424
-7.0,9.5,-12.86225
-6.5,9.5,-14.65301
-6.0,9.5,-15.72628
-5.5,9.5,-15.67988
-5.0,9.5,-14.47897
-4.5,9.5,-12.93284
-4.0,9.5,-11.87822
-3.5,9.5,-11.37943
-3.0,9.5,-11.18679
-2.5,9.5,-11.12197
-2.0,9.5,-11.1037
-1.5,9.5,-11.10068
-1.0,9.5,-11.10185
-0.5,9.5,-11.10368
0.0,9.5,-11.1052
0.5,9.5,-11.10627
1.0,9.5,-11.10698
1.5,9.5,-11.10743
2.0,9.5,-11.10771
2.5,9.5,-11.10788
3.0,9.5,-11.10799
3.5,9.5,-11.10805
4.0,9.5,-11.10809
4.5,9.5,-11.10812
5.0,9.5,-11.10813
5.5,9.5,-11.10814
6.0,9.5,-11.10815
6.5,9.5,-11.10815
7.0,9.5,-11.10815
7.5,9.5,-11.10815
8.0,9.5,-11.10815
8.5,9.5,-11.10815
9.0,9.5,-11.10815
9.5,9.5,-11.10815
10.0,9.5,-11.10815
-10.0,10.0,-4.34793
-9.5,10.0,-5.37883
-9.0,10.0,-6.81067
-8.5,10.0,-8.64252
-8.0,10.0,-10.7515
-7.5,10.0,-12.89064
-7.0,10.0,-14.75093
-6.5,10.0,-16.01289
-6.0,10.0,-16.32796
-5.5,10.0,-15.45196
-5.0,10.0,-13.80899
-4.5,10.0,-12.38879
-4.0,10.0,-11.60971
-3.5,10.0,-11.2794
-3.0,10.0,-11.15788
-2.5,10.0,-11.11782
-2.0,10.0,-11.10663
-1.5,10.0,-11.10478
-1.0,10.0,-11.10549
-0.5,10.0,-11.1066
0.0,10.0,-11.10753
0.5,10.0,-11.10818
1.0,10.0,-11.10861
1.5,10.0,-11.10888
2.0,10.0,-11.10905
2.5,10.0,-11.10915
3.0,10.0,-11.10922
3.5,10.0,-11.10926
4.0,10.0,-11.10928
4.5,10.0,-11.1093
5.0,10.0,-11.1093
5.5,10.0,-11.10931
6.0,10.0,-11.10931
6.5,10.0,-11.10931
7.0,10.0,-11.10932
7.5,10.0,-11.10932
8.0,10.0,-11.10932
8.5,10.0,-11.10932
9.0,10.0,-11.10932
9.5,10.0,-11.10932
10.0,10.0,-11.10932
