theta0,theta1,v_gamma
-10.0,-10.0,-7.9817611178767915
-9.5,-10.0,-7.981761121075163
-9.0,-10.0,-7.981761126344685
-8.5,-10.0,-7.981761135022585
-8.0,-10.0,-7.981761149302648
-7.5,-10.0,-7.9817611727720745
-7.0,-10.0,-7.981761211264348
-6.5,-10.0,-7.981761274177538
-6.0,-10.0,-7.981761376409225
-5.5,-10.0,-7.9817615408979705
-5.0,-10.0,-7.981761801050214
-4.5,-10.0,-7.9817621999484265
-4.0,-10.0,-7.981762776016677
-3.5,-10.0,-7.981763503970644
-3.0,-10.0,-7.981764101188927
-2.5,-10.0,-7.981763446779958
-2.0,-10.0,-7.981757912437972
-1.5,-10.0,-7.981736676922568
-1.0,-10.0,-7.981668745582017
-0.5,-10.0,-7.9814672684735966
0.0,-10.0,-7.980891929039225
0.5,-10.0,-7.979282869577598
1.0,-10.0,-7.974838290881802
1.5,-10.0,-7.962667617130204
2.0,-10.0,-7.929640017749605
2.5,-10.0,-7.841415349693887
3.0,-10.0,-7.614214976115669
3.5,-10.0,-7.078847192594006
4.0,-10.0,-6.042283740529927
4.5,-10.0,-4.628058492982773
5.0,-10.0,-3.4001392111878443
5.5,-10.0,-2.687629742699754
6.0,-10.0,-2.3671719609995203
6.5,-10.0,-2.240694397958022
7.0,-10.0,-2.1950802531477227
7.5,-10.0,-2.1819087607052725
8.0,-10.0,-2.1828715247562918
8.5,-10.0,-2.1917141642313775
9.0,-10.0,-2.206498683920317
9.5,-10.0,-2.2261972251180757
10.0,-10.0,-2.2491113903177773
-10.0,-9.5,-7.981197232427591
-9.5,-9.5,-7.981197237701321
-9.0,-9.5,-7.981197246390112
-8.5,-9.5,-7.981197260698903
-8.0,-9.5,-7.98119728424499
-7.5,-9.5,-7.981197322943268
-7.0,-9.5,-7.981197386412492
-6.5,-9.5,-7.981197490149172
-6.0,-9.5,-7.981197658718222
-5.5,-9.5,-7.98119792994428
-5.0,-9.5,-7.981198358915206
-4.5,-9.5,-7.981199016681712
-4.0,-9.5,-7.981199966635689
-3.5,-9.5,-7.9812011671824985
-3.0,-9.5,-7.9812021525751815
-2.5,-9.5,-7.981201075311442
-2.0,-9.5,-7.981191954702626
-1.5,-9.5,-7.981156953251148
-1.0,-9.5,-7.981044980311491
-0.5,-9.5,-7.9807128822841475
0.0,-9.5,-7.979764612530543
0.5,-9.5,-7.9771132117524965
1.0,-9.5,-7.9697944184857
1.5,-9.5,-7.949790462075093
2.0,-9.5,-7.895778480578996
2.5,-9.5,-7.753422835263156
3.0,-9.5,-7.399212589086174
3.5,-9.5,-6.629023879550045
4.0,-9.5,-5.352580416124749
4.5,-9.5,-3.9572258399323865
5.0,-9.5,-2.9819038128264
5.5,-9.5,-2.493341603110506
6.0,-9.5,-2.2900250473074415
6.5,-9.5,-2.213690983673427
7.0,-9.5,-2.1888461383330102
7.5,-9.5,-2.185453390193373
8.0,-9.5,-2.1926808377798332
8.5,-9.5,-2.2068682638142048
9.0,-9.5,-2.2263479085970763
9.5,-9.5,-2.249184148827018
10.0,-9.5,-2.2726356419357217
-10.0,-9.0,-7.98026778893761
-9.5,-9.0,-7.980267797633863
-9.0,-9.0,-7.980267811961495
-8.5,-9.0,-7.9802678355564005
-8.0,-9.0,-7.980267874383442
-7.5,-9.0,-7.980267938196228
-7.0,-9.0,-7.980268042856127
-6.5,-9.0,-7.980268213917154
-6.0,-9.0,-7.980268491888072
-5.5,-9.0,-7.9802689391456205
-5.0,-9.0,-7.980269646541441
-4.5,-9.0,-7.980270731271902
-4.0,-9.0,-7.980272297964864
-3.5,-9.0,-7.980274278292656
-3.0,-9.0,-7.9802759049579555
-2.5,-9.0,-7.9802741333993215
-2.0,-9.0,-7.980259106867639
-1.5,-9.0,-7.980201426386194
-1.0,-9.0,-7.980016887325953
-0.5,-9.0,-7.979469571856838
0.0,-9.0,-7.9779069668154685
0.5,-9.0,-7.973539590938375
1.0,-9.0,-7.961497554244547
1.5,-9.0,-7.9286842930554435
2.0,-9.0,-7.840812814378499
2.5,-9.0,-7.614168210370487
3.0,-9.0,-7.079560755807137
3.5,-9.0,-6.043725858255845
4.0,-9.0,-4.6298068622641
4.5,-9.0,-3.4018734937195605
5.0,-9.0,-2.6894888398778853
5.5,-9.0,-2.3695479836329207
6.0,-9.0,-2.244117873939089
6.5,-9.0,-2.2002482043601543
7.0,-9.0,-2.189705166477029
7.5,-9.0,-2.194273889720893
8.0,-9.0,-2.2074774858604354
8.5,-9.0,-2.2265963238443423
9.0,-9.0,-2.249304102491485
9.5,-9.0,-2.2727137509405844
10.0,-9.0,-2.2939573441517345
-10.0,-8.5,-7.978736065231229
-9.5,-8.5,-7.978736079572601
-9.0,-8.5,-7.978736103200933
-8.5,-8.5,-7.978736142112376
-8.0,-8.5,-7.97873620614393
-7.5,-8.5,-7.97873631138091
-7.0,-8.5,-7.978736483981624
-6.5,-8.5,-7.978736766090052
-6.0,-8.5,-7.978737224515724
-5.5,-8.5,-7.978737962139751
-5.0,-8.5,-7.978739128824832
-4.5,-8.5,-7.97874091794052
-4.0,-8.5,-7.978743502294043
-3.5,-8.5,-7.978746769911968
-3.0,-8.5,-7.978749457336453
-2.5,-8.5,-7.978746548886318
-2.0,-8.5,-7.978721803687647
-1.5,-8.5,-7.978626778416716
-1.0,-8.5,-7.978322723524251
-0.5,-8.5,-7.977420954784988
0.0,-8.5,-7.974846901484944
0.5,-8.5,-7.967657290520358
1.0,-8.5,-7.947869951187593
1.5,-8.5,-7.894220994158923
2.0,-8.5,-7.752462285038687
2.5,-8.5,-7.399163367984439
3.0,-8.5,-6.630100645893291
3.5,-8.5,-5.354508178078397
4.0,-8.5,-3.959384999941849
4.5,-8.5,-2.9841216783191142
5.0,-8.5,-2.4959546866423556
5.5,-8.5,-2.2935961066077963
6.0,-8.5,-2.2189504594075524
6.5,-8.5,-2.196701594834276
7.0,-8.5,-2.1968984232448943
7.5,-8.5,-2.2084816182720277
8.0,-8.5,-2.227005837495178
8.5,-8.5,-2.249501859499883
9.0,-8.5,-2.2728425243816894
9.5,-8.5,-2.294069168434458
10.0,-8.5,-2.3113019412604956
-10.0,-8.0,-7.976212498178365
-9.5,-8.0,-7.976212521833263
-9.0,-8.0,-7.976212560806264
-8.5,-8.0,-7.976212624987587
-8.0,-8.0,-7.976212730602756
-7.5,-8.0,-7.976212904183789
-7.0,-8.0,-7.976213188878328
-6.5,-8.0,-7.976213654204057
-6.0,-8.0,-7.976214410370572
-5.5,-8.0,-7.9762156271068045
-5.0,-8.0,-7.976217551694433
-4.5,-8.0,-7.976220503340752
-4.0,-8.0,-7.97622476778476
-3.5,-8.0,-7.976230162259303
-3.0,-8.0,-7.976234608022929
-2.5,-8.0,-7.976229846345882
-2.0,-8.0,-7.976189128134986
-1.5,-8.0,-7.976032658231943
-1.0,-8.0,-7.975531895617517
-0.5,-8.0,-7.974046764306681
0.0,-8.0,-7.969808964625048
0.5,-8.0,-7.957985038826232
1.0,-8.0,-7.92554107012768
1.5,-8.0,-7.838293412515923
2.0,-8.0,-7.6126686198423075
2.5,-8.0,-7.079543366798455
3.0,-8.0,-6.045295115888443
3.5,-8.0,-4.632286624338604
4.0,-8.0,-3.404566675400733
4.5,-8.0,-2.692462901220948
5.0,-8.0,-2.373353492085653
5.5,-8.0,-2.2495252640805035
6.0,-8.0,-2.2081999971500337
6.5,-8.0,-2.2012202104509444
7.0,-8.0,-2.2101363239233898
7.5,-8.0,-2.2276808649658144
8.0,-8.0,-2.249827869939442
8.5,-8.0,-2.2730548181256367
9.0,-8.0,-2.294253520061104
9.5,-8.0,-2.3114870132545944
10.0,-8.0,-2.3242642563685387
-10.0,-7.5,-7.972056775224843
-9.5,-7.5,-7.97205681425221
-9.0,-7.5,-7.972056878552456
-8.5,-7.5,-7.972056984443313
-8.0,-7.5,-7.972057158695264
-7.5,-7.5,-7.972057445084205
-7.0,-7.5,-7.972057914802516
-6.5,-7.5,-7.972058682557684
-6.0,-7.5,-7.97205993021541
-5.5,-7.5,-7.972061937900592
-5.0,-7.5,-7.972065113853781
-4.5,-7.5,-7.972069985429607
-4.0,-7.5,-7.972077025978071
-3.5,-7.5,-7.972085939174443
-3.0,-7.5,-7.972093309550587
-2.5,-7.5,-7.9720855498768
-2.0,-7.5,-7.972018633187721
-1.5,-7.5,-7.97176120130931
-1.0,-7.5,-7.970937046019593
-0.5,-7.5,-7.968492910304355
0.0,-7.5,-7.961522483909225
0.5,-7.5,-7.942108549039661
1.0,-7.5,-7.889100762885533
1.5,-7.5,-7.748435425322141
2.0,-7.5,-7.396898445200309
2.5,-7.5,-6.63020450751616
3.0,-7.5,-5.356714012294046
3.5,-7.5,-3.962521823418256
4.0,-7.5,-2.987595789342447
4.5,-7.5,-2.5001201026169215
5.0,-7.5,-2.2992389090504357
5.5,-7.5,-2.2270582619996513
6.0,-7.5,-2.208331146171719
6.5,-7.5,-2.2128622197552636
7.0,-7.5,-2.2287933991103275
7.5,-7.5,-2.2503652731072665
8.0,-7.5,-2.273404783044067
8.5,-7.5,-2.2945574225272907
9.0,-7.5,-2.311792103874669
9.5,-7.5,-2.3245825528719966
10.0,-7.5,-2.333443814893812
-10.0,-7.0,-7.965218530875994
-9.5,-7.0,-7.965218595294422
-9.0,-7.0,-7.965218701428404
-8.5,-7.0,-7.965218876212464
-8.0,-7.0,-7.965219163835482
-7.5,-7.0,-7.9652196365582775
-7.0,-7.0,-7.9652204119032515
-6.5,-7.0,-7.9652216792405905
-6.0,-7.0,-7.965223738851513
-5.5,-7.0,-7.965227053366786
-5.0,-7.0,-7.965232297328902
-4.5,-7.0,-7.965240343098433
-4.0,-7.0,-7.965251977181573
-3.5,-7.0,-7.965266724587413
-3.0,-7.0,-7.9652789861265925
-2.5,-7.0,-7.965266439138789
-2.0,-7.0,-7.9651566982247575
-1.5,-7.0,-7.964733737200489
-1.0,-7.0,-7.963378897930613
-0.5,-7.0,-7.9593612027920795
0.0,-7.0,-7.947913613027387
0.5,-7.0,-7.9161222154214235
1.0,-7.0,-7.8300163667371
1.5,-7.0,-7.606354394198979
2.0,-7.0,-7.076293386805552
2.5,-7.0,-6.0457065420811
3.0,-7.0,-4.635299025826615
3.5,-7.0,-3.4085731226837366
4.0,-7.0,-2.697140153973483
4.5,-7.0,-2.379359998449672
5.0,-7.0,-2.2578824209701622
5.5,-7.0,-2.220015811172381
6.0,-7.0,-2.217350340779527
6.5,-7.0,-2.230626575668456
7.0,-7.0,-2.251251036942777
7.5,-7.0,-2.2739816463944598
8.0,-7.0,-2.2950583588999223
8.5,-7.0,-2.312295000456747
9.0,-7.0,-2.325107223729585
9.5,-7.0,-2.333990279853976
10.0,-7.0,-2.3398597697292196
-10.0,-6.5,-7.953980411028463
-9.5,-6.5,-7.953980517433977
-9.0,-6.5,-7.953980692745331
-8.5,-6.5,-7.953980981454097
-8.0,-6.5,-7.953981456555207
-7.5,-6.5,-7.953982237420295
-7.0,-6.5,-7.953983518205137
-6.5,-6.5,-7.953985611801915
-6.0,-6.5,-7.9539890144660506
-5.5,-6.5,-7.9539944910606915
-5.0,-6.5,-7.954003157682263
-4.5,-6.5,-7.954016460444552
-4.0,-6.5,-7.954035712519372
-3.5,-6.5,-7.954060167452872
-3.0,-6.5,-7.954080680178014
-2.5,-6.5,-7.954060660215073
-2.0,-6.5,-7.9538813126911485
-1.5,-6.5,-7.953187949421153
-1.0,-6.5,-7.950964912402309
-0.5,-6.5,-7.944373287224569
0.0,-6.5,-7.925619948813168
0.5,-6.5,-7.873785905684337
1.0,-6.5,-7.735219958426988
1.5,-6.5,-7.3872904685369125
2.0,-6.5,-6.625887756012135
2.5,-6.5,-5.357753060316139
3.0,-6.5,-3.966582371153625
3.5,-6.5,-2.99286666078473
4.0,-6.5,-2.5066542031058434
4.5,-6.5,-2.3079849916843225
5.0,-6.5,-2.239174193323062
5.5,-6.5,-2.224733369423135
6.0,-6.5,-2.2336460301012773
6.5,-6.5,-2.2527106962751446
7.0,-6.5,-2.27493237656849
7.5,-6.5,-2.295883953370252
8.0,-6.5,-2.3131238302345336
8.5,-6.5,-2.325971957162154
9.0,-6.5,-2.334890952256158
9.5,-6.5,-2.3407879546163333
10.0,-6.5,-2.344563572570995
-10.0,-6.0,-7.935549752314442
-9.5,-6.0,-7.935549928277953
-9.0,-6.0,-7.935550218193191
-8.5,-6.0,-7.935550695640189
-8.0,-6.0,-7.935551481342744
-7.5,-6.0,-7.935552772739239
-7.0,-6.0,-7.935554890997207
-6.5,-6.0,-7.935558353798668
-6.0,-6.0,-7.9355639824895965
-5.5,-6.0,-7.935573043799847
-5.0,-6.0,-7.935587388522939
-4.5,-6.0,-7.935609421980077
-4.0,-6.0,-7.935641353495722
-3.5,-6.0,-7.935682051166701
-3.0,-6.0,-7.935716670257633
-2.5,-6.0,-7.935685458403947
-2.0,-6.0,-7.935394034535709
-1.5,-6.0,-7.934261602415118
-1.0,-6.0,-7.9306253060619545
-0.5,-6.0,-7.919844857147449
0.0,-6.0,-7.88924925800504
0.5,-6.0,-7.805333471772691
1.0,-6.0,-7.585667020282604
1.5,-6.0,-7.062327970725104
2.0,-6.0,-6.040590546079925
2.5,-6.0,-4.6374328346203395
3.0,-6.0,-3.4140788036995477
3.5,-6.0,-2.704327921817508
4.0,-6.0,-2.3886836180927014
4.5,-6.0,-2.2704737346453845
5.0,-6.0,-2.2368607511184146
5.5,-6.0,-2.2386162644901466
6.0,-6.0,-2.2551153142075564
6.5,-6.0,-2.276498896393557
7.0,-6.0,-2.2972442865403733
7.5,-6.0,-2.3144895069665994
8.0,-6.0,-2.32739683968579
8.5,-6.0,-2.336375105927756
9.0,-6.0,-2.342317486549677
9.5,-6.0,-2.346124322799591
10.0,-6.0,-2.3485127994285238
-10.0,-5.5,-7.905425935533396
-9.5,-5.5,-7.9054262270622155
-9.0,-5.5,-7.905426707385897
-8.5,-5.5,-7.905427498419385
-8.0,-5.5,-7.9054288002036746
-7.5,-5.5,-7.905430939933585
-7.0,-5.5,-7.905434449948256
-6.5,-5.5,-7.905440188588919
-6.0,-5.5,-7.905449518455465
-5.5,-5.5,-7.905464543205785
-5.0,-5.5,-7.905488342764416
-4.5,-5.5,-7.905524939202656
-4.0,-5.5,-7.905578093545648
-3.5,-5.5,-7.905646204176717
-3.0,-5.5,-7.905705420496741
-2.5,-5.5,-7.905658769485857
-2.0,-5.5,-7.90518973558836
-1.5,-5.5,-7.903351431850393
-1.0,-5.5,-7.8974335495570696
-0.5,-5.5,-7.8798931165456665
0.0,-5.5,-7.830310073028782
0.5,-5.5,-7.6960009712869635
1.0,-5.5,-7.35589337780209
1.5,-5.5,-6.606907114622867
2.0,-5.5,-5.352647704652076
2.5,-5.5,-3.970436542062859
3.0,-5.5,-3.00048318225688
3.5,-5.5,-2.51674374303935
4.0,-5.5,-2.321305323516928
4.5,-5.5,-2.256732791558401
5.0,-5.5,-2.246789015091069
5.5,-5.5,-2.259074545375985
6.0,-5.5,-2.2790790180042277
6.5,-5.5,-2.299484810796367
7.0,-5.5,-2.3167388669923494
7.5,-5.5,-2.3297438423569954
8.0,-5.5,-2.3388198783641028
8.5,-5.5,-2.3448371234092793
9.0,-5.5,-2.34869546842701
9.5,-5.5,-2.3511175261348947
10.0,-5.5,-2.352617909843689
-10.0,-5.0,-7.856463169835891
-9.5,-5.0,-7.856463654207548
-9.0,-5.0,-7.856464452271552
-8.5,-5.0,-7.8564657666163535
-8.0,-5.0,-7.856467929689452
-7.5,-5.0,-7.8564714853516495
-7.0,-5.0,-7.856477318718306
-6.5,-5.0,-7.856486857675809
-6.0,-5.0,-7.856502370995512
-5.5,-5.0,-7.856527367061859
-5.0,-5.0,-7.856566999054065
-4.5,-5.0,-7.856628047356614
-4.0,-5.0,-7.856717026685581
-3.5,-5.0,-7.856831998277115
-3.0,-5.0,-7.856935296880746
-2.5,-5.0,-7.8568711388824335
-2.0,-5.0,-7.856128217017303
-1.5,-5.0,-7.853173765041234
-1.0,-5.0,-7.843622188980732
-0.5,-5.0,-7.815321170775441
0.0,-5.0,-7.735831654491475
0.5,-5.0,-7.5247484111290355
1.0,-5.0,-7.016867354297134
1.5,-5.0,-6.0171044527244835
2.0,-5.0,-4.633711796288612
2.5,-5.0,-3.4205177794823958
3.0,-5.0,-2.7151278354971864
3.5,-5.0,-2.403049137569878
4.0,-5.0,-2.2891636855243127
4.5,-5.0,-2.2602043006063055
5.0,-5.0,-2.2655877548198635
5.5,-5.0,-2.2833257699669574
6.0,-5.0,-2.3031726093880764
6.5,-5.0,-2.320441303502985
7.0,-5.0,-2.333607341705104
7.5,-5.0,-2.3428447026770804
8.0,-5.0,-2.348985508811736
8.5,-5.0,-2.3529288815202096
9.0,-5.0,-2.3554063788863178
9.5,-5.0,-2.3569418494472583
10.0,-5.0,-2.35788551678481
-10.0,-4.5,-7.77759417597746
-9.5,-4.5,-7.77759498416627
-9.0,-4.5,-7.777596315791186
-8.5,-4.5,-7.777598508950352
-8.0,-4.5,-7.777602118554424
-7.5,-4.5,-7.777608052649034
-7.0,-4.5,-7.777617789735268
-6.5,-4.5,-7.7776337168530185
-6.0,-4.5,-7.777659632028152
-5.5,-4.5,-7.777701423268828
-5.0,-4.5,-7.777767781903279
-4.5,-4.5,-7.777870274556727
-4.0,-4.5,-7.77802046007124
-3.5,-4.5,-7.778216975211159
-3.0,-4.5,-7.778402058337259
-2.5,-4.5,-7.778329601462536
-2.0,-4.5,-7.777184222019141
-1.5,-4.5,-7.772513156094559
-1.0,-4.5,-7.757302385284725
-0.5,-4.5,-7.712251950627784
0.0,-4.5,-7.586999441361666
0.5,-4.5,-7.264558546501453
1.0,-4.5,-6.545455110119342
1.5,-4.5,-5.3270293885751085
2.0,-4.5,-3.9699107706090606
2.5,-4.5,-3.0108226395104483
3.0,-4.5,-2.532376330602798
3.5,-4.5,-2.341733021216305
4.0,-4.5,-2.282160763909317
4.5,-4.5,-2.2762868508873164
5.0,-4.5,-2.290308080577614
5.5,-4.5,-2.3092359601141963
6.0,-4.5,-2.3265289800817843
6.5,-4.5,-2.3399607719941353
7.0,-4.5,-2.3494644612384166
7.5,-4.5,-2.355809336315318
8.0,-4.5,-2.359893176410652
8.5,-4.5,-2.3624622773418005
9.0,-4.5,-2.3640557287084043
9.5,-4.5,-2.365035468573206
10.0,-4.5,-2.365634660770782
-10.0,-4.0,-7.652379076266163
-9.5,-4.0,-7.65238043264995
-9.0,-4.0,-7.652382667594699
-8.5,-4.0,-7.652386348714953
-8.0,-4.0,-7.6523924078510435
-7.5,-4.0,-7.652402370480566
-7.0,-4.0,-7.652418722149951
-6.5,-4.0,-7.652445480530213
-6.0,-4.0,-7.652489051349547
-5.5,-4.0,-7.65255940245834
-5.0,-4.0,-7.652671354870308
-4.5,-4.0,-7.652844958617996
-4.0,-4.0,-7.653101346834711
-3.5,-4.0,-7.653442942316518
-3.0,-4.0,-7.653785596847892
-2.5,-4.0,-7.653751034913798
-2.0,-4.0,-7.65206568700988
-1.5,-4.0,-7.64487587804286
-1.0,-4.0,-7.621169222109557
-0.5,-4.0,-7.550977366044993
0.0,-4.0,-7.358880622847857
0.5,-4.0,-6.8870757683698045
1.0,-4.0,-5.941600062517857
1.5,-4.0,-4.610241676816312
2.0,-4.0,-3.425475622987476
2.5,-4.0,-2.7315103865972548
3.0,-4.0,-2.425977580993533
3.5,-4.0,-2.3179199768510337
4.0,-4.0,-2.2938193759957257
4.5,-4.0,-2.301767385705767
5.0,-4.0,-2.3191873139787194
5.5,-4.0,-2.3365209676430876
6.0,-4.0,-2.3503914545602718
6.5,-4.0,-2.360335171182235
7.0,-4.0,-2.3670174373653317
7.5,-4.0,-2.3713336201034103
8.0,-4.0,-2.374054283488198
8.5,-4.0,-2.3757436842510695
9.0,-4.0,-2.376783125340827
9.5,-4.0,-2.377419087632289
10.0,-4.0,-2.377806862458511
-10.0,-3.5,-7.458083458234306
-9.5,-3.5,-7.458085750846123
-9.0,-3.5,-7.458089528622653
-8.5,-3.5,-7.458095751411158
-8.0,-3.5,-7.45810599552794
-7.5,-3.5,-7.458122843014082
-7.0,-3.5,-7.4581505050903845
-6.5,-3.5,-7.458195800261399
-6.0,-3.5,-7.458269631555551
-5.5,-3.5,-7.458389054027889
-5.0,-3.5,-7.458579682800001
-4.5,-3.5,-7.458876942170623
-4.0,-3.5,-7.459320724962595
-3.5,-3.5,-7.459926460852232
-3.0,-3.5,-7.460582691304414
-2.5,-3.5,-7.460733618516293
-2.0,-3.5,-7.458454441964448
-1.5,-3.5,-7.447861056978157
-1.0,-3.5,-7.412149221372126
-0.5,-3.5,-7.306362843026698
0.0,-3.5,-7.023605313652719
0.5,-3.5,-6.374844914264316
1.0,-3.5,-5.245343455842373
1.5,-3.5,-3.9542075410344157
2.0,-3.5,-3.0245688442592784
2.5,-3.5,-2.5583751864580595
3.0,-3.5,-2.375672926913584
3.5,-3.5,-2.3224328160898255
4.0,-3.5,-2.3205183594287493
4.5,-3.5,-2.335471959803404
5.0,-3.5,-2.3528740627213858
5.5,-3.5,-2.367469224277628
6.0,-3.5,-2.3781408501581014
6.5,-3.5,-2.385381859230781
7.0,-3.5,-2.3900831023745703
7.5,-3.5,-2.3930550685434615
8.0,-3.5,-2.3949036083286503
8.5,-3.5,-2.396042086371338
9.0,-3.5,-2.396739052561782
9.5,-3.5,-2.3971641743468024
10.0,-3.5,-2.3974229075679134
-10.0,-3.0,-7.167055305363996
-9.5,-3.0,-7.167059206134876
-9.0,-3.0,-7.167065634265292
-8.5,-3.0,-7.167076223888486
-8.0,-3.0,-7.167093659923725
-7.5,-3.0,-7.167122343744145
-7.0,-3.0,-7.167169463183811
-6.5,-3.0,-7.167246681938673
-6.0,-3.0,-7.167372721715126
-5.5,-3.0,-7.1675770669737755
-5.0,-3.0,-7.167904570580286
-4.5,-3.0,-7.168418960741762
-4.0,-3.0,-7.169197505202924
-3.5,-3.0,-7.170291960880884
-3.0,-3.0,-7.1715818906632105
-2.5,-3.0,-7.172309411508513
-2.0,-3.0,-7.169710513073321
-1.5,-3.0,-7.155180182075004
-1.0,-3.0,-7.104136523993021
-0.5,-3.0,-6.952459849744821
0.0,-3.0,-6.56035708749148
0.5,-3.0,-5.7403369211523065
1.0,-3.0,-4.535974305163538
1.5,-3.0,-3.424384975123632
2.0,-3.0,-2.759538565811278
2.5,-3.0,-2.4676041330667005
3.0,-3.0,-2.36880833552168
3.5,-3.0,-2.351050029694841
4.0,-3.0,-2.3619930584272923
4.5,-3.0,-2.3795120682723296
5.0,-3.0,-2.395305433955082
5.5,-3.0,-2.40718337843875
6.0,-3.0,-2.4153520245545685
6.5,-3.0,-2.420693323547954
7.0,-3.0,-2.4240833327309734
7.5,-3.0,-2.426196728535073
8.0,-3.0,-2.427500083519872
8.5,-3.0,-2.4282986277187484
9.0,-3.0,-2.4287859431279446
9.5,-3.0,-2.429082614231341
10.0,-3.0,-2.429262959985467
-10.0,-2.5,-6.753402928018891
-9.5,-2.5,-6.753409580761443
-9.0,-2.5,-6.75342054476575
-8.5,-2.5,-6.753438609082781
-8.0,-2.5,-6.75346835875243
-7.5,-2.5,-6.753517316997214
-7.0,-2.5,-6.753597789023218
-6.5,-2.5,-6.753729794928715
-6.0,-2.5,-6.753945614301641
-5.5,-2.5,-6.7542964877492055
-5.0,-2.5,-6.75486151348565
-4.5,-2.5,-6.755756458120107
-4.0,-2.5,-6.757132335901841
-3.5,-2.5,-6.7591296255603135
-3.0,-2.5,-6.761684469566787
-2.5,-2.5,-6.763887800694331
-2.0,-2.5,-6.762066094521487
-1.5,-2.5,-6.744391290254495
-1.0,-2.5,-6.676958375842924
-0.5,-2.5,-6.474412925602749
0.0,-2.5,-5.973142490852154
0.5,-2.5,-5.040178304455312
1.0,-2.5,-3.904432528968668
1.5,-2.5,-3.0475529891361997
2.0,-2.5,-2.610243661563206
2.5,-2.5,-2.4430817343955247
3.0,-2.5,-2.4003601845139437
3.5,-2.5,-2.404849326194704
4.0,-2.5,-2.422572496030234
4.5,-2.5,-2.4403491329993052
5.0,-2.5,-2.4542311086284756
5.5,-2.5,-2.463945290856423
6.0,-2.5,-2.4703550602742834
6.5,-2.5,-2.474443793509575
7.0,-2.5,-2.477000218893032
7.5,-2.5,-2.478579499385408
8.0,-2.5,-2.4795480870251687
8.5,-2.5,-2.480139534479399
9.0,-2.5,-2.4804997327274387
9.5,-2.5,-2.480718745343521
10.0,-2.5,-2.480851782707833
-10.0,-2.0,-6.2072476753039085
-9.5,-2.0,-6.207258942540548
-9.0,-2.0,-6.207277512994645
-8.5,-2.0,-6.207308113973598
-8.0,-2.0,-6.207358521540976
-7.5,-2.0,-6.207441507464758
-7.0,-2.0,-6.207577996179329
-6.5,-2.0,-6.207802125586297
-6.0,-2.0,-6.208169198864783
-5.5,-2.0,-6.208767728233023
-5.0,-2.0,-6.2097363887151955
-4.5,-2.0,-6.211284062595466
-4.0,-2.0,-6.213701325620656
-3.5,-2.0,-6.217320525238047
-3.0,-2.0,-6.2222892120117965
-2.5,-2.0,-6.227758962486017
-2.0,-2.0,-6.229375397833008
-1.5,-2.0,-6.212173500962812
-1.0,-2.0,-6.132752119241542
-0.5,-2.0,-5.886775486880347
0.0,-2.0,-5.30811714787201
0.5,-2.0,-4.3664339056085515
1.0,-2.0,-3.418518815547304
1.5,-2.0,-2.821607783777334
2.0,-2.0,-2.5595818651434143
2.5,-2.0,-2.4789293234700183
3.0,-2.0,-2.473234715865783
3.5,-2.0,-2.4913270342715568
4.0,-2.0,-2.5123883653946075
4.5,-2.0,-2.5296085187015267
5.0,-2.0,-2.541909041838198
5.5,-2.0,-2.5501123611178125
6.0,-2.0,-2.5553763109567815
6.5,-2.0,-2.5586788145813193
7.0,-2.0,-2.5607231208660783
7.5,-2.0,-2.561978423065469
8.0,-2.0,-2.5627455007532527
8.5,-2.0,-2.563212863360002
9.0,-2.0,-2.563497110315764
9.5,-2.0,-2.563669801237803
10.0,-2.0,-2.563774649062004
-10.0,-1.5,-5.552310573134852
-9.5,-1.5,-5.552329286597876
-9.0,-1.5,-5.552360132238088
-8.5,-1.5,-5.552410967321079
-8.0,-1.5,-5.552494723714246
-7.5,-1.5,-5.552632661092665
-7.0,-1.5,-5.5528596638759256
-6.5,-1.5,-5.5532327930071
-6.0,-1.5,-5.553844891913922
-5.5,-1.5,-5.554845675337315
-5.0,-1.5,-5.556472837738334
-4.5,-1.5,-5.5590933520528925
-4.0,-1.5,-5.5632442443237045
-3.5,-1.5,-5.569624946796944
-3.0,-1.5,-5.57887905678372
-2.5,-1.5,-5.590671186580213
-2.0,-1.5,-5.600652067826791
-1.5,-1.5,-5.5916998221529255
-1.0,-1.5,-5.51264525744972
-0.5,-1.5,-5.247050255663667
0.0,-1.5,-4.652591335917034
0.5,-1.5,-3.8135941918275176
1.0,-1.5,-3.109689975650498
1.5,-1.5,-2.735679658643011
2.0,-1.5,-2.6013438393692834
2.5,-1.5,-2.5801865932158456
3.0,-1.5,-2.5989812101608023
3.5,-1.5,-2.625473885037247
4.0,-1.5,-2.6482622929242994
4.5,-1.5,-2.664908124818587
5.0,-1.5,-2.6761394301864336
5.5,-1.5,-2.6833936342945086
6.0,-1.5,-2.6879621010768133
6.5,-1.5,-2.6907964254016963
7.0,-1.5,-2.692539178490504
7.5,-1.5,-2.693604984629339
8.0,-1.5,-2.6942546726422103
8.5,-1.5,-2.6946499254232057
9.0,-1.5,-2.6948900995672567
9.5,-1.5,-2.695035935049058
10.0,-1.5,-2.6951244485619785
-10.0,-1.0,-4.851791600496776
-9.5,-1.0,-4.8518217923821165
-9.0,-1.0,-4.851871561336086
-8.5,-1.0,-4.851953591868286
-8.0,-1.0,-4.8520887704729025
-7.5,-1.0,-4.8523114604887105
-7.0,-1.0,-4.852678119869277
-6.5,-1.0,-4.853281294512758
-6.0,-1.0,-4.854272104044213
-5.5,-1.0,-4.85589571926486
-5.0,-1.0,-4.8585454991896855
-4.5,-1.0,-4.862840327198325
-4.0,-1.0,-4.869719367710705
-3.5,-1.0,-4.8805078783379345
-3.0,-1.0,-4.89677485084524
-2.5,-1.0,-4.919402364329009
-2.0,-1.0,-4.945163511535564
-1.5,-1.0,-4.956456983593422
-1.0,-1.0,-4.897164397917133
-0.5,-1.0,-4.647208587434006
0.0,-1.0,-4.107304313947692
0.5,-1.0,-3.44750835754119
1.0,-1.0,-2.984903306094611
1.5,-1.0,-2.785136487140378
2.0,-1.0,-2.7422894236458117
2.5,-1.0,-2.7625103710983083
3.0,-1.0,-2.7979132042256993
3.5,-1.0,-2.829954179056762
4.0,-1.0,-2.8539000606286202
4.5,-1.0,-2.8702562201439625
5.0,-1.0,-2.8808950066442836
5.5,-1.0,-2.887622781847298
6.0,-1.0,-2.8918071041803866
6.5,-1.0,-2.8943837681097477
7.0,-1.0,-2.8959609808427493
7.5,-1.0,-2.896922931686116
8.0,-1.0,-2.8975083493797644
8.5,-1.0,-2.897864147573603
9.0,-1.0,-2.898080216925222
9.5,-1.0,-2.8982113678522694
10.0,-1.0,-2.898290951068341
-10.0,-0.5,-4.188474370206599
-9.5,-0.5,-4.188521697323376
-9.0,-0.5,-4.188599716133952
-8.5,-0.5,-4.188728319096685
-8.0,-0.5,-4.188940272570084
-7.5,-0.5,-4.189289515495531
-7.0,-0.5,-4.189864750611886
-6.5,-0.5,-4.19081160479975
-6.0,-0.5,-4.192368489920237
-5.5,-0.5,-4.194923883196039
-5.0,-0.5,-4.199105717313177
-4.5,-0.5,-4.205914875596845
-4.0,-0.5,-4.216906866943988
-3.5,-0.5,-4.234384107699791
-3.0,-0.5,-4.261410662227111
-2.5,-0.5,-4.300981136493338
-2.0,-0.5,-4.352287034873082
-1.5,-0.5,-4.3988138532719425
-1.0,-0.5,-4.381323076420317
-0.5,-0.5,-4.182074571040321
0.0,-0.5,-3.7516613420244993
0.5,-0.5,-3.2994882527743568
1.0,-0.5,-3.0449143314340814
1.5,-0.5,-2.9765902815007874
2.0,-0.5,-2.999905505535926
2.5,-0.5,-3.0496086623256664
3.0,-0.5,-3.096766308623904
3.5,-0.5,-3.132833956933956
4.0,-0.5,-3.1577944431451077
4.5,-0.5,-3.174156211785258
5.0,-0.5,-3.184551443556168
5.5,-0.5,-3.1910349814585466
6.0,-0.5,-3.195034303881447
6.5,-0.5,-3.1974848823755835
7.0,-0.5,-3.198980442737474
7.5,-0.5,-3.199890947703258
8.0,-0.5,-3.2004444514145325
8.5,-0.5,-3.2007806305964976
9.0,-0.5,-3.200984703770449
9.5,-0.5,-3.2011085430523987
10.0,-0.5,-3.2011836784273675
-10.0,0.0,-3.62903520908388
-9.5,0.0,-3.629108061750063
-9.0,0.0,-3.62922816313348
-8.5,0.0,-3.629426143244215
-8.0,0.0,-3.629752465921223
-7.5,0.0,-3.630290232662686
-7.0,0.0,-3.6311761844579937
-6.5,0.0,-3.632635033324474
-6.0,0.0,-3.6350352612428565
-5.5,0.0,-3.638978916275965
-5.0,0.0,-3.6454436137902757
-4.5,0.0,-3.6559999316449736
-4.0,0.0,-3.6731231333198053
-3.5,0.0,-3.7005749811500745
-3.0,0.0,-3.7436536930253403
-2.5,0.0,-3.808506375518793
-2.0,0.0,-3.8978939147890292
-1.5,0.0,-3.9967678613756936
-1.0,0.0,-4.041493846394253
-0.5,0.0,-3.919080709829683
0.0,0.0,-3.6289228960457844
0.5,0.0,-3.378768306801215
1.0,0.0,-3.2927831593590127
1.5,0.0,-3.323081102081111
2.0,0.0,-3.394676021270631
2.5,0.0,-3.4655126861189816
3.0,0.0,-3.5210152426952104
3.5,0.0,-3.5599928216845504
4.0,0.0,-3.585773770434816
4.5,0.0,-3.602243987264668
5.0,0.0,-3.612551242623109
5.5,0.0,-3.618922300630456
6.0,0.0,-3.622831052405177
6.5,0.0,-3.625218337781162
7.0,0.0,-3.626672402408435
7.5,0.0,-3.627556589046566
8.0,0.0,-3.628093705275501
8.5,0.0,-3.6284197883860165
9.0,0.0,-3.6286176803079386
9.5,0.0,-3.628737749235731
10.0,0.0,-3.6288105899593055
-10.0,0.5,-3.2014718731230123
-9.5,0.5,-3.201583664149227
-9.0,0.5,-3.2017679600626847
-8.5,0.5,-3.2020717682590427
-8.0,0.5,-3.202572542574843
-7.5,0.5,-3.2033978515197257
-7.0,0.5,-3.2047576626957475
-6.5,0.5,-3.2069971808082123
-6.0,0.5,-3.2106828971231915
-5.5,0.5,-3.2167415393533916
-5.0,0.5,-3.2266811091158143
-4.5,0.5,-3.242932937200347
-4.0,0.5,-3.269352705827099
-3.5,0.5,-3.3118664839908343
-3.0,0.5,-3.3790109070445813
-2.5,0.5,-3.4812763134023545
-2.0,0.5,-3.6256235569016133
-1.5,0.5,-3.7963952924669813
-1.0,0.5,-3.919940487237684
-0.5,0.5,-3.8900561603926436
0.0,0.5,-3.7516613420244997
0.5,0.5,-3.681581964705393
1.0,0.5,-3.7274201631380515
1.5,0.5,-3.829823884759584
2.0,0.5,-3.934865278443549
2.5,0.5,-4.019371357980912
3.0,0.5,-4.0797424269361695
3.5,0.5,-4.120107541967867
4.0,0.5,-4.146068850100476
4.5,0.5,-4.1623832270138585
5.0,0.5,-4.1724930185208855
5.5,0.5,-4.178705171589145
6.0,0.5,-4.182502852385328
6.5,0.5,-4.1848172989002785
7.0,0.5,-4.186225156824629
7.5,0.5,-4.187080568343391
8.0,0.5,-4.1875999551548135
8.5,0.5,-4.187915182968846
9.0,0.5,-4.188106453310006
9.5,0.5,-4.188222492238174
10.0,0.5,-4.188292883561891
-10.0,1.0,-2.8986804391501293
-9.5,1.0,-2.898853475516782
-9.0,1.0,-2.8991387386251053
-8.5,1.0,-2.899608988296761
-8.0,1.0,-2.900384109456024
-7.5,1.0,-2.901661552880418
-7.0,1.0,-2.903766299052068
-6.5,1.0,-2.9072326225261977
-6.0,1.0,-2.9129372260318234
-5.5,1.0,-2.9223141561516797
-5.0,1.0,-2.937696501961293
-4.5,1.0,-2.962844641637446
-4.0,1.0,-3.0037183498846654
-3.5,1.0,-3.069466822152158
-3.0,1.0,-3.1732345974017466
-2.5,1.0,-3.331058658420433
-2.0,1.0,-3.553296040363101
-1.5,1.0,-3.8170317693785836
-1.0,1.0,-4.02894942171419
-0.5,1.0,-4.097471366159329
0.0,1.0,-4.107304313947692
0.5,1.0,-4.185194059035125
1.0,1.0,-4.325847593715734
1.5,1.0,-4.4742481345943625
2.0,1.0,-4.5972279410591765
2.5,1.0,-4.6868886135648316
3.0,1.0,-4.747623677010583
3.5,1.0,-4.78700627455384
4.0,1.0,-4.811879984303789
4.5,1.0,-4.827341715582779
5.0,1.0,-4.836860477599169
5.5,1.0,-4.842686308451565
6.0,1.0,-4.846239276793931
6.5,1.0,-4.848401438587342
7.0,1.0,-4.849715503686499
7.5,1.0,-4.850513500097161
8.0,1.0,-4.850997868664514
8.5,1.0,-4.851291785302679
9.0,1.0,-4.851470103425692
9.5,1.0,-4.851578276743395
10.0,1.0,-4.851643893766362
-10.0,1.5,-2.695679727811784
-9.5,1.5,-2.695951350151396
-9.0,1.5,-2.6963991312601827
-8.5,1.5,-2.697137265862625
-8.0,1.5,-2.698353886183193
-7.5,1.5,-2.7003587807783327
-7.0,1.5,-2.7036616461928045
-6.5,1.5,-2.7090999487598757
-6.0,1.5,-2.7180465868491472
-5.5,1.5,-2.7327436661133024
-5.0,1.5,-2.7568291963778107
-4.5,1.5,-2.7961403002969045
-4.0,1.5,-2.85985587582356
-3.5,1.5,-2.9618675828443117
-3.0,1.5,-3.1215702811016643
-2.5,1.5,-3.360970932199361
-2.0,1.5,-3.6891434785416295
-1.5,1.5,-4.061446127428818
-1.0,1.5,-4.356306594370615
-0.5,1.5,-4.51638821746073
0.0,1.5,-4.652591335917034
0.5,1.5,-4.833972925130066
1.0,1.5,-5.027909668317632
1.5,1.5,-5.194058243859799
2.0,1.5,-5.3181633351173385
2.5,1.5,-5.403556102765102
3.0,1.5,-5.459471796567061
3.5,1.5,-5.495001481234638
4.0,1.5,-5.517168922154521
4.5,1.5,-5.530846796460336
5.0,1.5,-5.539229674582132
5.5,1.5,-5.544346371147521
6.0,1.5,-5.547461722466379
6.5,1.5,-5.549355677169612
7.0,1.5,-5.550506040111244
7.5,1.5,-5.551204367677556
8.0,1.5,-5.551628144603697
8.5,1.5,-5.551885259214886
9.0,1.5,-5.552041236883655
9.5,1.5,-5.552135853077013
10.0,1.5,-5.55219324472971
-10.0,2.0,-2.5646030761010565
-9.5,2.0,-2.565035483569205
-9.0,2.0,-2.565748297030081
-8.5,2.0,-2.5669232397983492
-8.0,2.0,-2.5688596102092345
-7.5,2.0,-2.5720500176185217
-7.0,2.0,-2.5773043264864106
-6.5,2.0,-2.5859514951986218
-6.0,2.0,-2.600165526918962
-5.5,2.0,-2.623484312413632
-5.0,2.0,-2.6616145643408258
-4.5,2.0,-2.7236213949776604
-4.0,2.0,-2.823514018591544
-3.5,2.0,-2.981829999592926
-3.0,2.0,-3.2254166046092543
-2.5,2.0,-3.5795331752786654
-2.0,2.0,-4.038575688724876
-1.5,2.0,-4.513028489116951
-1.0,2.0,-4.861241076984106
-0.5,2.0,-5.088715370968574
0.0,2.0,-5.30811714787201
0.5,2.0,-5.538474101792876
1.0,2.0,-5.743156217103396
1.5,2.0,-5.900643995813309
2.0,2.0,-6.011109025443005
2.5,2.0,-6.084308483639224
3.0,2.0,-6.131160588617465
3.5,2.0,-6.160522249385855
4.0,2.0,-6.17868809081035
4.5,2.0,-6.189839810777331
5.0,2.0,-6.1966533139647755
5.5,2.0,-6.200804288284852
6.0,2.0,-6.203328766910833
6.5,2.0,-6.204862442501773
7.0,2.0,-6.205793585439848
7.5,2.0,-6.2063586915278135
8.0,2.0,-6.2067015705985105
8.5,2.0,-6.20690958323063
9.0,2.0,-6.207035766181681
9.5,2.0,-6.20711230623253
10.0,2.0,-6.207158732409283
-10.0,2.5,-2.4821306706236133
-9.5,2.5,-2.4828269352120826
-9.0,2.5,-2.483974626914059
-8.5,2.5,-2.485866158866834
-8.0,2.5,-2.488982887989397
-7.5,2.5,-2.4941163982364123
-7.0,2.5,-2.5025662540880402
-6.5,2.5,-2.5164600552532552
-6.0,2.5,-2.5392649276438446
-5.5,2.5,-2.5765871689356223
-5.0,2.5,-2.6373734292762303
-4.5,2.5,-2.735578480685112
-4.0,2.5,-2.8920881019767117
-3.5,2.5,-3.1357269908281573
-3.0,2.5,-3.499386396334548
-2.5,2.5,-4.000697352646544
-2.0,2.5,-4.591953597884625
-1.5,2.5,-5.1201981506380605
-1.0,2.5,-5.470201738919746
-0.5,2.5,-5.725702066109998
0.0,2.5,-5.973142490852158
0.5,2.5,-6.201166144813158
1.0,2.5,-6.383488800723122
1.5,2.5,-6.5146566589519725
2.0,2.5,-6.602931767324509
2.5,2.5,-6.659963471888475
3.0,2.5,-6.695906349358282
3.5,2.5,-6.718219646871259
4.0,2.5,-6.731945601597587
4.5,2.5,-6.740342355316262
5.0,2.5,-6.74546174598973
5.5,2.5,-6.748576604162542
6.0,2.5,-6.750469472192801
6.5,2.5,-6.7516188851810455
7.0,2.5,-6.752316529321058
7.5,2.5,-6.752739852216684
8.0,2.5,-6.752996676896412
8.5,2.5,-6.753152473358124
9.0,2.5,-6.753246977673325
9.5,2.5,-6.753304300743441
10.0,2.5,-6.753339070159042
-10.0,3.0,-2.431284623532377
-9.5,3.0,-2.432415008100733
-9.0,3.0,-2.434278051849983
-8.5,3.0,-2.43734793833751
-8.0,3.0,-2.4424045630282563
-7.5,3.0,-2.4507285985067133
-7.0,3.0,-2.4644175411753872
-6.5,3.0,-2.4868917840483955
-6.0,3.0,-2.5236887299080237
-5.5,3.0,-2.5836648470788908
-5.0,3.0,-2.6806954525547524
-4.5,3.0,-2.835748517955622
-4.0,3.0,-3.0784699057234564
-3.5,3.0,-3.445346348584484
-3.0,3.0,-3.9665593605661096
-2.5,3.0,-4.626138208512113
-2.0,3.0,-5.298061129354416
-1.5,3.0,-5.7903515720021
-1.0,3.0,-6.090185751439988
-0.5,3.0,-6.332324312890137
0.0,3.0,-6.560357087491482
0.5,3.0,-6.752672925619677
1.0,3.0,-6.896251581833933
1.5,3.0,-6.995063104378504
2.0,3.0,-7.059751812014203
2.5,3.0,-7.1008416379979655
3.0,3.0,-7.12647008546412
3.5,3.0,-7.142279822666532
4.0,3.0,-7.151967754422477
4.5,3.0,-7.157880423634764
5.0,3.0,-7.1614801812373345
5.5,3.0,-7.163668540625966
6.0,3.0,-7.164997688768801
6.5,3.0,-7.165804535865471
7.0,3.0,-7.166294162945006
7.5,3.0,-7.16659122863005
8.0,3.0,-7.1667714418733155
8.5,3.0,-7.166880759165725
9.0,3.0,-7.166947068030215
9.5,3.0,-7.166987288072671
10.0,3.0,-7.1670116833807676
-10.0,3.5,-2.4006690391492147
-9.5,3.5,-2.40251430768661
-9.0,3.5,-2.405554955966425
-8.5,3.5,-2.410563560772352
-8.0,3.5,-2.4188089320054456
-7.5,3.5,-2.432369567694923
-7.0,3.5,-2.4546360866322723
-6.5,3.5,-2.491101134210083
-6.0,3.5,-2.5505597181683552
-5.5,3.5,-2.646821896717783
-5.0,3.5,-2.8008577959687915
-4.5,3.5,-3.042667538570608
-4.0,3.5,-3.41048900990292
-3.5,3.5,-3.94117253149424
-3.0,3.5,-4.6390991917932975
-2.5,3.5,-5.4131487692746685
-2.0,3.5,-6.049904135318419
-1.5,3.5,-6.417248983875881
-1.0,3.5,-6.639895870626734
-0.5,3.5,-6.840707973518221
0.0,3.5,-7.023605313652719
0.5,3.5,-7.168621295652445
1.0,3.5,-7.272066989143319
1.5,3.5,-7.341206001215219
2.0,3.5,-7.385654665245165
2.5,3.5,-7.413575464953491
3.0,3.5,-7.430872195799579
3.5,3.5,-7.441498189295611
4.0,3.5,-7.447993258596894
4.5,3.5,-7.451951233239157
5.0,3.5,-7.454358698674914
5.5,3.5,-7.455821418447485
6.0,3.5,-7.456709530258699
6.5,3.5,-7.457248538712911
7.0,3.5,-7.457575589516222
7.5,3.5,-7.457774002091302
8.0,3.5,-7.457894362413055
8.5,3.5,-7.4579673708972445
9.0,3.5,-7.458011655083943
9.5,3.5,-7.458038515648034
10.0,3.5,-7.458054807715334
-10.0,4.0,-2.3830709999729973
-9.5,4.0,-2.3860936023034167
-9.0,4.0,-2.391072558581206
-8.5,4.0,-2.3992693319574654
-8.0,4.0,-2.412750620750903
-7.5,4.0,-2.4348884528756445
-7.0,4.0,-2.4711472275577444
-6.5,4.0,-2.530282184649371
-6.0,4.0,-2.62605753403909
-5.5,4.0,-2.77942714502563
-5.0,4.0,-3.020552238791885
-4.5,4.0,-3.3885642870484394
-4.0,4.0,-3.923919441750772
-3.5,4.0,-4.643298518855922
-3.0,4.0,-5.485083397765731
-2.5,4.0,-6.251559024224494
-2.0,4.0,-6.718014734117102
-1.5,4.0,-6.927065975316047
-1.0,4.0,-7.075334978010085
-0.5,4.0,-7.2257638525085275
0.0,4.0,-7.358880622847855
0.5,4.0,-7.460091956922371
1.0,4.0,-7.530169979573852
1.5,4.0,-7.576128711119051
2.0,4.0,-7.605331751028028
2.5,4.0,-7.623545320155045
3.0,4.0,-7.634779528069848
3.5,4.0,-7.641662880374186
4.0,4.0,-7.645863536592662
4.5,4.0,-7.648420845880896
5.0,4.0,-7.64997542768692
5.5,4.0,-7.650919616609148
6.0,4.0,-7.6514927700880335
6.5,4.0,-7.651840579678378
7.0,4.0,-7.652051601045946
7.5,4.0,-7.65217961559222
8.0,4.0,-7.652257269028486
8.5,4.0,-7.652304371415123
9.0,4.0,-7.652332941632815
9.5,4.0,-7.652350270778452
10.0,4.0,-7.652360781595754
-10.0,4.5,-2.374223492235996
-9.5,4.5,-2.3791842704064794
-9.0,4.5,-2.3873512371133776
-8.5,4.5,-2.4007838310157172
-8.0,4.5,-2.4228426070471705
-7.5,4.5,-2.4589744263701627
-7.0,4.5,-2.51790949206239
-6.5,4.5,-2.6133819039521313
-6.0,4.5,-2.7663292114521685
-5.5,4.5,-3.0069903973666943
-5.0,4.5,-3.3749746751039624
-4.5,4.5,-3.9127423401421897
-4.0,4.5,-4.644288047542452
-3.5,4.5,-5.529263082561196
-3.0,4.5,-6.400339838689762
-2.5,4.5,-6.990720536748934
-2.0,4.5,-7.217935764277209
-1.5,4.5,-7.2993494675740695
-1.0,4.5,-7.391580118244799
-0.5,4.5,-7.496302927541301
0.0,4.5,-7.586999441361666
0.5,4.5,-7.654081743448588
1.0,4.5,-7.699650461012296
1.5,4.5,-7.729178399871899
2.0,4.5,-7.747803039953865
2.5,4.5,-7.759366870943788
3.0,4.5,-7.766480024566347
3.5,4.5,-7.770831125631044
4.0,4.5,-7.7734837703127155
4.5,4.5,-7.775097682645562
5.0,4.5,-7.776078412415666
5.5,4.5,-7.776673933410334
6.0,4.5,-7.777035384807591
6.5,4.5,-7.777254708030883
7.0,4.5,-7.777387768092599
7.5,4.5,-7.777468485536111
8.0,4.5,-7.777517447715785
8.5,4.5,-7.777547146462188
9.0,4.5,-7.777565160281692
9.5,4.5,-7.777576086443331
10.0,4.5,-7.7775827135791715
-10.0,5.0,-2.3719490640449337
-9.5,5.0,-2.380097829393739
-9.0,5.0,-2.393500677460154
-8.5,5.0,-2.4155111316685964
-8.0,5.0,-2.451565266172577
-7.5,5.0,-2.5103777613612257
-7.0,5.0,-2.605663608677462
-6.5,5.0,-2.7583480837770438
-6.0,5.0,-2.998709961380892
-5.5,5.0,-3.366624100393216
-5.0,5.0,-3.905694210751223
-4.5,5.0,-4.644263612457696
-4.0,5.0,-5.556183377568992
-3.5,5.0,-6.504528122129341
-3.0,5.0,-7.22467901795432
-2.5,5.0,-7.519321131302153
-2.0,5.0,-7.542630326728047
-1.5,5.0,-7.551826697253612
-1.0,5.0,-7.607317374083532
-0.5,5.0,-7.676660523616957
0.0,5.0,-7.735831654491482
0.5,5.0,-7.778830531891066
1.0,5.0,-7.807690571752852
1.5,5.0,-7.826251565946666
2.0,5.0,-7.837905169981571
2.5,5.0,-7.845120573676612
3.0,5.0,-7.849551399045873
3.5,5.0,-7.8522589391960755
4.0,5.0,-7.853908559104954
4.5,5.0,-7.854911835136324
5.0,5.0,-7.855521358280582
5.5,5.0,-7.855891422825599
6.0,5.0,-7.85611601449913
6.5,5.0,-7.856252286342041
7.0,5.0,-7.856334957828138
7.5,5.0,-7.856385107401545
8.0,5.0,-7.856415527150599
8.5,5.0,-7.856433978579017
9.0,5.0,-7.856445170273771
9.5,5.0,-7.856451958504014
10.0,5.0,-7.856456075819478
-10.0,5.5,-2.3756892838758423
-9.5,5.5,-2.3890740122091487
-9.0,5.5,-2.4110550203419763
-8.5,5.5,-2.447061784659131
-8.0,5.5,-2.5057994465461015
-7.5,5.5,-2.6009710967552877
-7.0,5.5,-2.753493693082682
-6.5,5.5,-2.993667425896864
-6.0,5.5,-3.3615192973264687
-5.5,5.5,-3.9013188884042647
-5.0,5.5,-4.644006809450259
-4.5,5.5,-5.572534831381922
-4.0,5.5,-6.574307469604335
-3.5,5.5,-7.410706318874614
-3.0,5.5,-7.81827943656682
-2.5,5.5,-7.823039855499216
-2.0,5.5,-7.734297743993319
-1.5,5.5,-7.715303153976625
-1.0,5.5,-7.74833030386835
-0.5,5.5,-7.792762646743506
0.0,5.5,-7.83031007302879
0.5,5.5,-7.8572943240382225
1.0,5.5,-7.87527097592772
1.5,5.5,-7.886778889097724
2.0,5.5,-7.893983738396243
2.5,5.5,-7.898436998470843
3.0,5.5,-7.901168798913437
3.5,5.5,-7.902837062081236
4.0,5.5,-7.903853093197119
4.5,5.5,-7.904470885615478
5.0,5.5,-7.9048461618834365
5.5,5.5,-7.905073986810812
6.0,5.5,-7.905212246281431
6.5,5.5,-7.905296133096728
7.0,5.5,-7.9053470233997425
7.5,5.5,-7.905377893746669
8.0,5.5,-7.9053966189631
8.5,5.5,-7.9054079768976875
9.0,5.5,-7.90541486602334
9.5,5.5,-7.9054190445591885
10.0,5.5,-7.905421578995028
-10.0,6.0,-2.3863857074480843
-9.5,6.0,-2.408348804948547
-9.0,6.0,-2.444326744905307
-8.5,6.0,-2.503018837383387
-8.0,6.0,-2.5981208406983662
-7.5,6.0,-2.7505443463784425
-7.0,6.0,-2.9906015321407535
-6.5,6.0,-3.3584083531991973
-6.0,6.0,-3.8986278453988557
-5.5,6.0,-4.643759213567962
-5.0,6.0,-5.582455410186755
-4.5,6.0,-6.61949043139151
-4.0,6.0,-7.547904909394462
-3.5,6.0,-8.090653806299557
-3.0,6.0,-8.139395408794318
-2.5,6.0,-7.961736070078411
-2.0,6.0,-7.842115922234897
-1.5,6.0,-7.818291541148584
-1.0,6.0,-7.8379541712239975
-0.5,6.0,-7.865834474269039
0.0,6.0,-7.88924925800503
0.5,6.0,-7.905961472864488
1.0,6.0,-7.917043953552321
1.5,6.0,-7.924118311350132
2.0,6.0,-7.928539725109344
2.5,6.0,-7.931269688583223
3.0,6.0,-7.932943284102017
3.5,6.0,-7.933964924540025
4.0,6.0,-7.9345869937035545
4.5,6.0,-7.934965185836513
5.0,6.0,-7.93519489777904
5.5,6.0,-7.935334345367222
6.0,6.0,-7.935418968848137
6.5,6.0,-7.93547031186113
7.0,6.0,-7.935501458961001
7.5,6.0,-7.935520352835073
8.0,6.0,-7.93553181335944
8.5,6.0,-7.935538764817008
9.0,6.0,-7.9355429811988305
9.5,6.0,-7.935545538604038
10.0,6.0,-7.9355470897635465
-10.0,6.5,-2.406706132202993
-9.5,6.5,-2.4426665550849336
-9.0,6.5,-2.5013309417792837
-8.5,6.5,-2.596390561217736
-8.0,6.5,-2.7487536319711317
-7.5,6.5,-2.9887392335487806
-7.0,6.5,-3.3565160450573623
-6.5,6.5,-3.8969818576072006
-6.0,6.5,-4.643574612612856
-5.5,6.5,-5.588472226801396
-5.0,6.5,-6.64806567660282
-4.5,6.5,-7.64298418777895
-4.0,6.5,-8.315778202292059
-3.5,6.5,-8.46950326895712
-3.0,6.5,-8.246304691402898
-2.5,6.5,-8.008926672264867
-2.0,6.5,-7.902069766328197
-1.5,6.5,-7.882155017617382
-1.0,6.5,-7.893908580521501
-0.5,6.5,-7.911174997833653
0.0,6.5,-7.925619948813168
0.5,6.5,-7.9358864839485195
1.0,6.5,-7.942675476700745
1.5,6.5,-7.9470016023300065
2.0,6.5,-7.949702529752936
2.5,6.5,-7.951369122598356
3.0,6.5,-7.9523904244317976
3.5,6.5,-7.953013727466279
4.0,6.5,-7.953393197732759
4.5,6.5,-7.953623879850245
5.0,6.5,-7.953763987610413
5.5,6.5,-7.953849037897361
6.0,6.5,-7.953900649490862
6.5,6.5,-7.95393196306515
7.0,6.5,-7.9539509592251925
7.5,6.5,-7.953962482272592
8.0,6.5,-7.95396947183015
8.5,6.5,-7.953973711386211
9.0,6.5,-7.953976282871376
9.5,6.5,-7.953977842579666
10.0,6.5,-7.953978788599281
-10.0,7.0,-2.4416591187637664
-9.5,7.0,-2.500306676559158
-9.0,7.0,-2.5953405370299745
-8.5,7.0,-2.7476668294848867
-8.0,7.0,-2.9876086837991496
-7.5,7.0,-3.3553663045142113
-7.0,7.0,-3.89597842667982
-6.5,7.0,-4.64344983675807
-6.0,7.0,-5.592121165263855
-5.5,7.0,-6.665857907618294
-5.0,7.0,-7.705907849476837
-4.5,7.0,-8.485963995595018
-4.0,7.0,-8.779478163158874
-3.5,7.0,-8.58173685155641
-3.0,7.0,-8.234214591452742
-2.5,7.0,-8.01624515635519
-2.0,7.0,-7.935732217450096
-1.5,7.0,-7.9213979228120195
-1.0,7.0,-7.928454323603978
-0.5,7.0,-7.939061164897198
0.0,7.0,-7.947913613027385
0.5,7.0,-7.954189112348419
1.0,7.0,-7.958331823292714
1.5,7.0,-7.960968868958256
2.0,7.0,-7.962614191829561
2.5,7.0,-7.963629032505594
3.0,7.0,-7.964250787924184
3.5,7.0,-7.96463019233669
4.0,7.0,-7.964861155709767
4.5,7.0,-7.9650015522452415
5.0,7.0,-7.96508682116625
5.5,7.0,-7.9651385813656415
6.0,7.0,-7.965169990959406
6.5,7.0,-7.965189047523396
7.0,7.0,-7.965200608004183
7.5,7.0,-7.96520762055927
8.0,7.0,-7.965211874171845
8.5,7.0,-7.96521445422237
9.0,7.0,-7.965216019140407
9.5,7.0,-7.965216968325257
10.0,7.0,-7.96521754404015
-10.0,7.5,-2.4996852424959424
-9.5,7.5,-2.5947034602867958
-9.0,7.5,-2.7470074004494274
-8.5,7.5,-2.9869225995629143
-8.0,7.5,-3.354668216326023
-7.5,7.5,-3.895367939253631
-7.0,7.5,-4.643369411364383
-6.5,7.5,-5.594334118855022
-6.0,7.5,-6.67682605014141
-5.5,7.5,-7.746251411677006
-5.0,7.5,-8.605763872403292
-4.5,7.5,-9.040520785256218
-4.0,7.5,-8.940199167298182
-3.5,7.5,-8.527383966648452
-3.0,7.5,-8.178818577327501
-2.5,7.5,-8.01041717280172
-2.0,7.5,-7.954968867631474
-1.5,7.5,-7.94538470270548
-1.0,7.5,-7.949635799889037
-0.5,7.5,-7.9561192892869546
0.0,7.5,-7.961522483909225
0.5,7.5,-7.96534677496533
1.0,7.5,-7.967868709373381
1.5,7.5,-7.96947301301479
2.0,7.5,-7.970473587992552
2.5,7.5,-7.971090599292273
3.0,7.5,-7.971468564915284
3.5,7.5,-7.9716991850497925
4.0,7.5,-7.9718395682059535
4.5,7.5,-7.971924900685365
5.0,7.5,-7.971976725803906
5.5,7.5,-7.972008184474163
6.0,7.5,-7.972027274373461
6.5,7.5,-7.972038856386078
7.0,7.5,-7.972045882483892
7.5,7.5,-7.972050144488237
8.0,7.5,-7.972052729693997
8.5,7.5,-7.972054297762889
9.0,7.5,-7.972055248867679
9.5,7.5,-7.972055825750325
10.0,7.5,-7.972056175650447
-10.0,8.0,-2.594316978314701
-9.5,8.0,-2.7466073445252333
-9.0,8.0,-2.9865063318721887
-8.5,8.0,-3.354244533844788
-8.0,8.0,-3.8949969690139974
-7.5,8.0,-4.643318878001993
-7.0,8.0,-5.595676237743772
-6.5,8.0,-6.683545224147944
-6.0,8.0,-7.77158499188517
-5.5,8.0,-8.685830575229415
-5.0,8.0,-9.240227806090429
-4.5,8.0,-9.28158406588997
-4.0,8.0,-8.879713266676962
-3.5,8.0,-8.406543628645942
-3.0,8.0,-8.120539782216687
-2.5,8.0,-8.002432004026623
-2.0,8.0,-7.966155608794948
-1.5,8.0,-7.960000844898757
-1.0,8.0,-7.96256816071328
-0.5,8.0,-7.966519198640092
0.0,8.0,-7.969808964625054
0.5,8.0,-7.972135174147445
1.0,8.0,-7.97366822315467
1.5,8.0,-7.974643074877477
2.0,8.0,-7.975250927256431
2.5,8.0,-7.975625709402233
3.0,8.0,-7.975855271457761
3.5,8.0,-7.975995334005779
4.0,8.0,-7.976080590184867
4.5,8.0,-7.976132412496063
5.0,8.0,-7.976163885456408
5.5,8.0,-7.976182989906665
6.0,8.0,-7.9761945829093746
6.5,8.0,-7.976201616469291
7.0,8.0,-7.976205883292565
7.5,8.0,-7.976208471528919
8.0,8.0,-7.976210041475602
8.5,8.0,-7.976210993733916
9.0,8.0,-7.976211571321576
9.5,8.0,-7.9762119216512835
10.0,8.0,-7.976212134138861
-10.0,8.5,-2.7463646644927064
-9.5,8.5,-2.986253802509034
-9.0,8.5,-3.3539874578644864
-8.5,8.5,-3.894771709837682
-8.0,8.5,-4.643287581480245
-7.5,8.5,-5.596490231367279
-7.0,8.5,-6.687645519824087
-6.5,8.5,-7.787283613625851
-6.0,8.5,-8.737480081063284
-5.5,8.5,-9.38188810903769
-5.0,8.5,-9.571688173109031
-4.5,8.5,-9.260246445573474
-4.0,8.5,-8.70781566719958
-3.5,8.5,-8.282908717191457
-3.0,8.5,-8.073998203124324
-2.5,8.5,-7.995779644404595
-2.0,8.5,-7.972752703082336
-1.5,8.5,-7.968890653557038
-1.0,8.5,-7.970443609692728
-0.5,8.5,-7.972846916461927
0.0,8.5,-7.974846901484945
0.5,8.5,-7.976260276686731
1.0,8.5,-7.977191378724758
1.5,8.5,-7.977783317011621
2.0,8.5,-7.978152356764322
2.5,8.5,-7.978379874815607
3.0,8.5,-7.978519227077429
3.5,8.5,-7.97860424724936
4.0,8.5,-7.978655998084278
4.5,8.5,-7.978687454058878
5.0,8.5,-7.978706557906818
5.5,8.5,-7.978718154112711
6.0,8.5,-7.9787251909282535
6.5,8.5,-7.978729460209113
7.0,8.5,-7.978732050113741
7.5,8.5,-7.978733621137643
8.0,8.5,-7.978734574073366
8.5,8.5,-7.978735152080743
9.0,8.5,-7.978735502668276
9.5,8.5,-7.978735715313429
10.0,8.5,-7.978735844290362
-10.0,9.0,-2.98610061722193
-9.5,9.0,-3.353831496767961
-9.0,9.0,-3.8946349896286976
-8.5,9.0,-4.643268360985378
-8.0,9.0,-5.596983926899321
-7.5,9.0,-6.690141727139378
-7.0,9.0,-7.796931394890808
-6.5,9.0,-8.770035689188235
-6.0,9.0,-9.477026576290022
-5.5,9.0,-9.79496309409078
-5.0,9.0,-9.625064000527182
-4.5,9.0,-9.072849990415627
-4.0,9.0,-8.513742370288726
-3.5,9.0,-8.183169250256846
-3.0,9.0,-8.041078272593504
-2.5,9.0,-7.9910375637546105
-2.0,9.0,-7.97668229883277
-1.5,9.0,-7.97429163908181
-1.0,9.0,-7.97523198375714
-0.5,9.0,-7.976692202847816
0.0,9.0,-7.977906966815463
0.5,9.0,-7.978765128136597
1.0,9.0,-7.9793303346193145
1.5,9.0,-7.9796896067683765
2.0,9.0,-7.979913572791103
2.5,9.0,-7.980051643561567
3.0,9.0,-7.98013620764095
3.5,9.0,-7.980187800002844
4.0,9.0,-7.980219203329649
4.5,9.0,-7.98023829123758
5.0,9.0,-7.980249883658769
5.5,9.0,-7.980256920343174
6.0,9.0,-7.980261190340742
6.5,9.0,-7.9802637809729955
7.0,9.0,-7.9802653525459855
7.5,9.0,-7.980266305854393
8.0,9.0,-7.980266884102398
8.5,9.0,-7.98026723484124
9.0,9.0,-7.980267447580145
9.5,9.0,-7.980267576614667
10.0,9.0,-7.980267654878736
-10.0,9.5,-3.3537368881038105
-9.5,9.5,-3.894552030182954
-9.0,9.5,-4.643256615457376
-8.5,9.5,-5.597283362089008
-8.0,9.5,-6.691659177020156
-7.5,9.5,-7.802830277361633
-7.0,9.5,-8.790256329034504
-6.5,9.5,-9.538586400835289
-6.0,9.5,-9.953971670417996
-5.5,9.5,-9.936491366537368
-5.0,9.5,-9.46898873180115
-4.5,9.5,-8.82116195139607
-4.0,9.5,-8.346383889240956
-3.5,9.5,-8.111705293555097
-3.0,9.5,-8.019241069619627
-2.5,9.5,-7.987891387391248
-2.0,9.5,-7.979038735780138
-1.5,9.5,-7.9775708221838215
-1.0,9.5,-7.978140586357061
-0.5,9.5,-7.979027190250826
0.0,9.5,-7.979764612530549
0.5,9.5,-7.980285447346539
1.0,9.5,-7.980628433467
1.5,9.5,-7.980846432665723
2.0,9.5,-7.980982323556861
2.5,9.5,-7.9810660949896555
3.0,9.5,-7.981117401400568
3.5,9.5,-7.981148702960441
4.0,9.5,-7.981167755510643
4.5,9.5,-7.981179336186327
5.0,9.5,-7.981186369315205
5.5,9.5,-7.9811906384690126
6.0,9.5,-7.981193229072448
6.5,9.5,-7.981194800805626
7.0,9.5,-7.98119575427655
7.5,9.5,-7.98119633264717
8.0,9.5,-7.981196683469232
8.5,9.5,-7.981196896261864
9.0,9.5,-7.981197025330168
9.5,9.5,-7.98119710361517
10.0,9.5,-7.981197151097842
-10.0,10.0,-3.8945017000611317
-9.5,10.0,-4.643249459150137
-9.0,10.0,-5.597464976355431
-8.5,10.0,-6.692580820841355
-8.0,10.0,-7.806425684314424
-7.5,10.0,-8.802700733893682
-7.0,10.0,-9.57746238777104
-6.5,10.0,-10.061037745221919
-6.0,10.0,-10.176939695491821
-5.5,10.0,-9.850006483958287
-5.0,10.0,-9.194939969723002
-4.5,10.0,-8.579763788599072
-4.0,10.0,-8.220892082236404
-3.5,10.0,-8.063822236722277
-3.0,10.0,-8.005273314861727
-2.5,10.0,-7.985881569872072
-2.0,10.0,-7.9804579267444735
-1.5,10.0,-7.97956096688864
-1.0,10.0,-7.979906330289419
-0.5,10.0,-7.980444427581326
0.0,10.0,-7.980891929039225
0.5,10.0,-7.9812079541592995
1.0,10.0,-7.981416048722598
1.5,10.0,-7.98154830490784
2.0,10.0,-7.981630744798192
2.5,10.0,-7.981681564779498
3.0,10.0,-7.9817126894702595
3.5,10.0,-7.9817316782157155
4.0,10.0,-7.981743236184506
4.5,10.0,-7.981750261424378
5.0,10.0,-7.981754527957663
5.5,10.0,-7.981757117767914
6.0,10.0,-7.9817586893129215
6.5,10.0,-7.981759642777474
7.0,10.0,-7.981760221183872
7.5,10.0,-7.981760572042219
8.0,10.0,-7.981760784862224
8.5,10.0,-7.981760913949105
9.0,10.0,-7.981760992246097
9.5,10.0,-7.981761039736312
10.0,10.0,-7.981761068540828
