method_name,seed,tuning_samples,learning_samples,total_samples
discounting_free_vanilla_exact,42,0,356,356
discounting_free_vanilla_exact,43,0,356,356
discounting_free_vanilla_exact,44,0,356,356
discounting_free_vanilla_exact,45,0,356,356
discounting_free_vanilla_exact,46,0,356,356
discounting_free_vanilla_exact,47,0,356,356
discounting_free_vanilla_exact,48,0,356,356
discounting_free_vanilla_exact,49,0,356,356
discounting_free_vanilla_exact,50,0,356,356
discounting_free_vanilla_exact,51,0,356,356
discounting_free_vanilla_exact,52,0,356,356
discounting_free_vanilla_exact,53,0,356,356
discounting_free_vanilla_exact,54,0,356,356
discounting_free_vanilla_exact,55,0,356,356
discounting_free_vanilla_exact,56,0,356,356
discounting_free_vanilla_exact,57,0,356,356
discounting_free_vanilla_exact,58,0,356,356
discounting_free_vanilla_exact,59,0,356,356
discounting_free_vanilla_exact,60,0,356,356
discounting_free_vanilla_exact,61,0,356,356
discounting_free_vanilla_exact,62,0,356,356
discounting_free_vanilla_exact,63,0,356,356
discounting_free_vanilla_exact,64,0,356,356
discounting_free_vanilla_exact,65,0,356,356
discounting_free_vanilla_exact,66,0,356,356
discounting_free_vanilla_exact,67,0,356,356
discounting_free_vanilla_exact,68,0,356,356
discounting_free_vanilla_exact,69,0,356,356
discounting_free_vanilla_exact,70,0,356,356
discounting_free_vanilla_exact,71,0,356,356
discounting_free_vanilla_exact,72,0,356,356
discounting_free_vanilla_exact,73,0,356,356
discounting_free_vanilla_exact,74,0,356,356
discounting_free_vanilla_exact,75,0,356,356
discounting_free_vanilla_exact,76,0,356,356
discounting_free_vanilla_exact,77,0,356,356
discounting_free_vanilla_exact,78,0,356,356
discounting_free_vanilla_exact,79,0,356,356
discounting_free_vanilla_exact,80,0,356,356
discounting_free_vanilla_exact,81,0,356,356
discounting_free_vanilla_exact,82,0,356,356
discounting_free_vanilla_exact,83,0,356,356
discounting_free_vanilla_exact,84,0,356,356
discounting_free_vanilla_exact,85,0,356,356
discounting_free_vanilla_exact,86,0,356,356
discounting_free_vanilla_exact,87,0,356,356
discounting_free_vanilla_exact,88,0,356,356
discounting_free_vanilla_exact,89,0,356,356
discounting_free_vanilla_exact,90,0,356,356
discounting_free_vanilla_exact,91,0,356,356
discounting_free_vanilla_exact,92,0,356,356
discounting_free_vanilla_exact,93,0,356,356
discounting_free_vanilla_exact,94,0,356,356
discounting_free_vanilla_exact,95,0,356,356
discounting_free_vanilla_exact,96,0,356,356
discounting_free_vanilla_exact,97,0,356,356
discounting_free_vanilla_exact,98,0,356,356
discounting_free_vanilla_exact,99,0,356,356
discounting_free_vanilla_exact,100,0,356,356
discounting_free_vanilla_exact,101,0,356,356
discounting_free_vanilla_exact,102,0,356,356
discounting_free_vanilla_exact,103,0,356,356
discounting_free_vanilla_exact,104,0,356,356
discounting_free_vanilla_exact,105,0,356,356
discounting_free_vanilla_exact,106,0,356,356
discounting_free_vanilla_exact,107,0,356,356
discounting_free_vanilla_exact,108,0,356,356
discounting_free_vanilla_exact,109,0,356,356
discounting_free_vanilla_exact,110,0,356,356
discounting_free_vanilla_exact,111,0,356,356
discounting_free_vanilla_exact,112,0,356,356
discounting_free_vanilla_exact,113,0,356,356
discounting_free_vanilla_exact,114,0,356,356
discounting_free_vanilla_exact,115,0,356,356
discounting_free_vanilla_exact,116,0,356,356
discounting_free_vanilla_exact,117,0,356,356
discounting_free_vanilla_exact,118,0,356,356
discounting_free_vanilla_exact,119,0,356,356
discounting_free_vanilla_exact,120,0,356,356
discounting_free_vanilla_exact,121,0,356,356
discounting_free_vanilla_exact,122,0,356,356
discounting_free_vanilla_exact,123,0,356,356
discounting_free_vanilla_exact,124,0,356,356
discounting_free_vanilla_exact,125,0,356,356
discounting_free_vanilla_exact,126,0,356,356
discounting_free_vanilla_exact,127,0,356,356
discounting_free_vanilla_exact,128,0,356,356
discounting_free_vanilla_exact,129,0,356,356
discounting_free_vanilla_exact,130,0,356,356
discounting_free_vanilla_exact,131,0,356,356
discounting_free_vanilla_exact,132,0,356,356
discounting_free_vanilla_exact,133,0,356,356
discounting_free_vanilla_exact,134,0,356,356
discounting_free_vanilla_exact,135,0,356,356
discounting_free_vanilla_exact,136,0,356,356
discounting_free_vanilla_exact,137,0,356,356
discounting_free_vanilla_exact,138,0,356,356
discounting_free_vanilla_exact,139,0,356,356
discounting_free_vanilla_exact,140,0,356,356
discounting_free_vanilla_exact,141,0,356,356
discounting_free_vanilla_sampling,42,0,11424,11424
discounting_free_vanilla_sampling,43,0,29296,29296
discounting_free_vanilla_sampling,44,0,12304,12304
discounting_free_vanilla_sampling,45,0,19600,19600
discounting_free_vanilla_sampling,46,0,17744,17744
discounting_free_vanilla_sampling,47,0,5696,5696
discounting_free_vanilla_sampling,48,0,8080,8080
discounting_free_vanilla_sampling,49,0,8672,8672
discounting_free_vanilla_sampling,50,0,20432,20432
discounting_free_vanilla_sampling,51,0,14928,14928
discounting_free_vanilla_sampling,52,0,7824,7824
discounting_free_vanilla_sampling,53,0,14000,14000
discounting_free_vanilla_sampling,54,0,21552,21552
discounting_free_vanilla_sampling,55,0,7712,7712
discounting_free_vanilla_sampling,56,0,15936,15936
discounting_free_vanilla_sampling,57,0,15744,15744
discounting_free_vanilla_sampling,58,0,23920,23920
discounting_free_vanilla_sampling,59,0,9456,9456
discounting_free_vanilla_sampling,60,0,18160,18160
discounting_free_vanilla_sampling,61,0,17760,17760
discounting_free_vanilla_sampling,62,0,7296,7296
discounting_free_vanilla_sampling,63,0,12352,12352
discounting_free_vanilla_sampling,64,0,27408,27408
discounting_free_vanilla_sampling,65,0,10432,10432
discounting_free_vanilla_sampling,66,0,15840,15840
discounting_free_vanilla_sampling,67,0,24112,24112
discounting_free_vanilla_sampling,68,0,12160,12160
discounting_free_vanilla_sampling,69,0,10816,10816
discounting_free_vanilla_sampling,70,0,7744,7744
discounting_free_vanilla_sampling,71,0,15392,15392
discounting_free_vanilla_sampling,72,0,18672,18672
discounting_free_vanilla_sampling,73,0,6480,6480
discounting_free_vanilla_sampling,74,0,11504,11504
discounting_free_vanilla_sampling,75,0,18896,18896
discounting_free_vanilla_sampling,76,0,7808,7808
discounting_free_vanilla_sampling,77,0,21072,21072
discounting_free_vanilla_sampling,78,0,17488,17488
discounting_free_vanilla_sampling,79,0,10784,10784
discounting_free_vanilla_sampling,80,0,28640,28640
discounting_free_vanilla_sampling,81,0,22816,22816
discounting_free_vanilla_sampling,82,0,9184,9184
discounting_free_vanilla_sampling,83,0,16032,16032
discounting_free_vanilla_sampling,84,0,29792,29792
discounting_free_vanilla_sampling,85,0,12800,12800
discounting_free_vanilla_sampling,86,0,26592,26592
discounting_free_vanilla_sampling,87,0,24992,24992
discounting_free_vanilla_sampling,88,0,12064,12064
discounting_free_vanilla_sampling,89,0,11984,11984
discounting_free_vanilla_sampling,90,0,21376,21376
discounting_free_vanilla_sampling,91,0,8912,8912
discounting_free_vanilla_sampling,92,0,6496,6496
discounting_free_vanilla_sampling,93,0,12832,12832
discounting_free_vanilla_sampling,94,0,13696,13696
discounting_free_vanilla_sampling,95,0,10432,10432
discounting_free_vanilla_sampling,96,0,19632,19632
discounting_free_vanilla_sampling,97,0,16656,16656
discounting_free_vanilla_sampling,98,0,6464,6464
discounting_free_vanilla_sampling,99,0,15504,15504
discounting_free_vanilla_sampling,100,0,10816,10816
discounting_free_vanilla_sampling,101,0,13360,13360
discounting_free_vanilla_sampling,102,0,16784,16784
discounting_free_vanilla_sampling,103,0,10848,10848
discounting_free_vanilla_sampling,104,0,10880,10880
discounting_free_vanilla_sampling,105,0,9568,9568
discounting_free_vanilla_sampling,106,0,12528,12528
discounting_free_vanilla_sampling,107,0,17712,17712
discounting_free_vanilla_sampling,108,0,11024,11024
discounting_free_vanilla_sampling,109,0,8640,8640
discounting_free_vanilla_sampling,110,0,10112,10112
discounting_free_vanilla_sampling,111,0,7952,7952
discounting_free_vanilla_sampling,112,0,12480,12480
discounting_free_vanilla_sampling,113,0,16768,16768
discounting_free_vanilla_sampling,114,0,9856,9856
discounting_free_vanilla_sampling,115,0,14960,14960
discounting_free_vanilla_sampling,116,0,9744,9744
discounting_free_vanilla_sampling,117,0,10000,10000
discounting_free_vanilla_sampling,118,0,10176,10176
discounting_free_vanilla_sampling,119,0,13520,13520
discounting_free_vanilla_sampling,120,0,11712,11712
discounting_free_vanilla_sampling,121,0,10352,10352
discounting_free_vanilla_sampling,122,0,22160,22160
discounting_free_vanilla_sampling,123,0,11200,11200
discounting_free_vanilla_sampling,124,0,16176,16176
discounting_free_vanilla_sampling,125,0,25584,25584
discounting_free_vanilla_sampling,126,0,7120,7120
discounting_free_vanilla_sampling,127,0,15152,15152
discounting_free_vanilla_sampling,128,0,20336,20336
discounting_free_vanilla_sampling,129,0,29568,29568
discounting_free_vanilla_sampling,130,0,9808,9808
discounting_free_vanilla_sampling,131,0,11728,11728
discounting_free_vanilla_sampling,132,0,15248,15248
discounting_free_vanilla_sampling,133,0,19376,19376
discounting_free_vanilla_sampling,134,0,13968,13968
discounting_free_vanilla_sampling,135,0,14000,14000
discounting_free_vanilla_sampling,136,0,19984,19984
discounting_free_vanilla_sampling,137,0,7184,7184
discounting_free_vanilla_sampling,138,0,14896,14896
discounting_free_vanilla_sampling,139,0,10944,10944
discounting_free_vanilla_sampling,140,0,14944,14944
discounting_free_vanilla_sampling,141,0,10672,10672
discounting_free_natural_exact,42,0,14,14
discounting_free_natural_exact,43,0,14,14
discounting_free_natural_exact,44,0,14,14
discounting_free_natural_exact,45,0,14,14
discounting_free_natural_exact,46,0,14,14
discounting_free_natural_exact,47,0,14,14
discounting_free_natural_exact,48,0,14,14
discounting_free_natural_exact,49,0,14,14
discounting_free_natural_exact,50,0,14,14
discounting_free_natural_exact,51,0,14,14
discounting_free_natural_exact,52,0,14,14
discounting_free_natural_exact,53,0,14,14
discounting_free_natural_exact,54,0,14,14
discounting_free_natural_exact,55,0,14,14
discounting_free_natural_exact,56,0,14,14
discounting_free_natural_exact,57,0,14,14
discounting_free_natural_exact,58,0,14,14
discounting_free_natural_exact,59,0,14,14
discounting_free_natural_exact,60,0,14,14
discounting_free_natural_exact,61,0,14,14
discounting_free_natural_exact,62,0,14,14
discounting_free_natural_exact,63,0,14,14
discounting_free_natural_exact,64,0,14,14
discounting_free_natural_exact,65,0,14,14
discounting_free_natural_exact,66,0,14,14
discounting_free_natural_exact,67,0,14,14
discounting_free_natural_exact,68,0,14,14
discounting_free_natural_exact,69,0,14,14
discounting_free_natural_exact,70,0,14,14
discounting_free_natural_exact,71,0,14,14
discounting_free_natural_exact,72,0,14,14
discounting_free_natural_exact,73,0,14,14
discounting_free_natural_exact,74,0,14,14
discounting_free_natural_exact,75,0,14,14
discounting_free_natural_exact,76,0,14,14
discounting_free_natural_exact,77,0,14,14
discounting_free_natural_exact,78,0,14,14
discounting_free_natural_exact,79,0,14,14
discounting_free_natural_exact,80,0,14,14
discounting_free_natural_exact,81,0,14,14
discounting_free_natural_exact,82,0,14,14
discounting_free_natural_exact,83,0,14,14
discounting_free_natural_exact,84,0,14,14
discounting_free_natural_exact,85,0,14,14
discounting_free_natural_exact,86,0,14,14
discounting_free_natural_exact,87,0,14,14
discounting_free_natural_exact,88,0,14,14
discounting_free_natural_exact,89,0,14,14
discounting_free_natural_exact,90,0,14,14
discounting_free_natural_exact,91,0,14,14
discounting_free_natural_exact,92,0,14,14
discounting_free_natural_exact,93,0,14,14
discounting_free_natural_exact,94,0,14,14
discounting_free_natural_exact,95,0,14,14
discounting_free_natural_exact,96,0,14,14
discounting_free_natural_exact,97,0,14,14
discounting_free_natural_exact,98,0,14,14
discounting_free_natural_exact,99,0,14,14
discounting_free_natural_exact,100,0,14,14
discounting_free_natural_exact,101,0,14,14
discounting_free_natural_exact,102,0,14,14
discounting_free_natural_exact,103,0,14,14
discounting_free_natural_exact,104,0,14,14
discounting_free_natural_exact,105,0,14,14
discounting_free_natural_exact,106,0,14,14
discounting_free_natural_exact,107,0,14,14
discounting_free_natural_exact,108,0,14,14
discounting_free_natural_exact,109,0,14,14
discounting_free_natural_exact,110,0,14,14
discounting_free_natural_exact,111,0,14,14
discounting_free_natural_exact,112,0,14,14
discounting_free_natural_exact,113,0,14,14
discounting_free_natural_exact,114,0,14,14
discounting_free_natural_exact,115,0,14,14
discounting_free_natural_exact,116,0,14,14
discounting_free_natural_exact,117,0,14,14
discounting_free_natural_exact,118,0,14,14
discounting_free_natural_exact,119,0,14,14
discounting_free_natural_exact,120,0,14,14
discounting_free_natural_exact,121,0,14,14
discounting_free_natural_exact,122,0,14,14
discounting_free_natural_exact,123,0,14,14
discounting_free_natural_exact,124,0,14,14
discounting_free_natural_exact,125,0,14,14
discounting_free_natural_exact,126,0,14,14
discounting_free_natural_exact,127,0,14,14
discounting_free_natural_exact,128,0,14,14
discounting_free_natural_exact,129,0,14,14
discounting_free_natural_exact,130,0,14,14
discounting_free_natural_exact,131,0,14,14
discounting_free_natural_exact,132,0,14,14
discounting_free_natural_exact,133,0,14,14
discounting_free_natural_exact,134,0,14,14
discounting_free_natural_exact,135,0,14,14
discounting_free_natural_exact,136,0,14,14
discounting_free_natural_exact,137,0,14,14
discounting_free_natural_exact,138,0,14,14
discounting_free_natural_exact,139,0,14,14
discounting_free_natural_exact,140,0,14,14
discounting_free_natural_exact,141,0,14,14
discounting_free_natural_sampling,42,0,4736,4736
discounting_free_natural_sampling,43,0,4368,4368
discounting_free_natural_sampling,44,0,5008,5008
discounting_free_natural_sampling,45,0,5840,5840
discounting_free_natural_sampling,46,0,7552,7552
discounting_free_natural_sampling,47,0,5504,5504
discounting_free_natural_sampling,48,0,4384,4384
discounting_free_natural_sampling,49,0,6416,6416
discounting_free_natural_sampling,50,0,6816,6816
discounting_free_natural_sampling,51,0,4736,4736
discounting_free_natural_sampling,52,0,5248,5248
discounting_free_natural_sampling,53,0,4064,4064
discounting_free_natural_sampling,54,0,3984,3984
discounting_free_natural_sampling,55,0,5984,5984
discounting_free_natural_sampling,56,0,8144,8144
discounting_free_natural_sampling,57,0,4256,4256
discounting_free_natural_sampling,58,0,4608,4608
discounting_free_natural_sampling,59,0,7280,7280
discounting_free_natural_sampling,60,0,4656,4656
discounting_free_natural_sampling,61,0,3792,3792
discounting_free_natural_sampling,62,0,3952,3952
discounting_free_natural_sampling,63,0,3984,3984
discounting_free_natural_sampling,64,0,4304,4304
discounting_free_natural_sampling,65,0,4912,4912
discounting_free_natural_sampling,66,0,6416,6416
discounting_free_natural_sampling,67,0,3888,3888
discounting_free_natural_sampling,68,0,4624,4624
discounting_free_natural_sampling,69,0,4768,4768
discounting_free_natural_sampling,70,0,5888,5888
discounting_free_natural_sampling,71,0,4880,4880
discounting_free_natural_sampling,72,0,6320,6320
discounting_free_natural_sampling,73,0,5056,5056
discounting_free_natural_sampling,74,0,5360,5360
discounting_free_natural_sampling,75,0,8192,8192
discounting_free_natural_sampling,76,0,5024,5024
discounting_free_natural_sampling,77,0,3952,3952
discounting_free_natural_sampling,78,0,6160,6160
discounting_free_natural_sampling,79,0,4384,4384
discounting_free_natural_sampling,80,0,4384,4384
discounting_free_natural_sampling,81,0,4608,4608
discounting_free_natural_sampling,82,0,4688,4688
discounting_free_natural_sampling,83,0,3840,3840
discounting_free_natural_sampling,84,0,6128,6128
discounting_free_natural_sampling,85,0,5552,5552
discounting_free_natural_sampling,86,0,3920,3920
discounting_free_natural_sampling,87,0,5248,5248
discounting_free_natural_sampling,88,0,4896,4896
discounting_free_natural_sampling,89,0,4432,4432
discounting_free_natural_sampling,90,0,4720,4720
discounting_free_natural_sampling,91,0,6560,6560
discounting_free_natural_sampling,92,0,5184,5184
discounting_free_natural_sampling,93,0,5280,5280
discounting_free_natural_sampling,94,0,5072,5072
discounting_free_natural_sampling,95,0,5344,5344
discounting_free_natural_sampling,96,0,5200,5200
discounting_free_natural_sampling,97,0,221552,221552
discounting_free_natural_sampling,98,0,4112,4112
discounting_free_natural_sampling,99,0,4400,4400
discounting_free_natural_sampling,100,0,4624,4624
discounting_free_natural_sampling,101,0,5312,5312
discounting_free_natural_sampling,102,0,9520,9520
discounting_free_natural_sampling,103,0,6720,6720
discounting_free_natural_sampling,104,0,7840,7840
discounting_free_natural_sampling,105,0,3552,3552
discounting_free_natural_sampling,106,0,4912,4912
discounting_free_natural_sampling,107,0,4128,4128
discounting_free_natural_sampling,108,0,3920,3920
discounting_free_natural_sampling,109,0,4304,4304
discounting_free_natural_sampling,110,0,4176,4176
discounting_free_natural_sampling,111,0,4880,4880
discounting_free_natural_sampling,112,0,4064,4064
discounting_free_natural_sampling,113,0,5456,5456
discounting_free_natural_sampling,114,0,6400,6400
discounting_free_natural_sampling,115,0,3840,3840
discounting_free_natural_sampling,116,0,4672,4672
discounting_free_natural_sampling,117,0,4624,4624
discounting_free_natural_sampling,118,0,3984,3984
discounting_free_natural_sampling,119,0,8304,8304
discounting_free_natural_sampling,120,0,6640,6640
discounting_free_natural_sampling,121,0,5392,5392
discounting_free_natural_sampling,122,0,4880,4880
discounting_free_natural_sampling,123,0,4016,4016
discounting_free_natural_sampling,124,0,4720,4720
discounting_free_natural_sampling,125,0,4016,4016
discounting_free_natural_sampling,126,0,4848,4848
discounting_free_natural_sampling,127,0,4976,4976
discounting_free_natural_sampling,128,0,3808,3808
discounting_free_natural_sampling,129,0,4736,4736
discounting_free_natural_sampling,130,0,7120,7120
discounting_free_natural_sampling,131,0,4320,4320
discounting_free_natural_sampling,132,0,5584,5584
discounting_free_natural_sampling,133,0,5872,5872
discounting_free_natural_sampling,134,0,5776,5776
discounting_free_natural_sampling,135,0,4736,4736
discounting_free_natural_sampling,136,0,3856,3856
discounting_free_natural_sampling,137,0,4752,4752
discounting_free_natural_sampling,138,0,4304,4304
discounting_free_natural_sampling,139,0,4528,4528
discounting_free_natural_sampling,140,0,4560,4560
discounting_free_natural_sampling,141,0,4112,4112
discounted_vanilla_exact,42,27650,351,28001
discounted_vanilla_exact,43,27650,351,28001
discounted_vanilla_exact,44,27650,351,28001
discounted_vanilla_exact,45,27650,351,28001
discounted_vanilla_exact,46,27650,351,28001
discounted_vanilla_exact,47,27650,351,28001
discounted_vanilla_exact,48,27650,351,28001
discounted_vanilla_exact,49,27650,351,28001
discounted_vanilla_exact,50,27650,351,28001
discounted_vanilla_exact,51,27650,351,28001
discounted_vanilla_exact,52,27650,351,28001
discounted_vanilla_exact,53,27650,351,28001
discounted_vanilla_exact,54,27650,351,28001
discounted_vanilla_exact,55,27650,351,28001
discounted_vanilla_exact,56,27650,351,28001
discounted_vanilla_exact,57,27650,351,28001
discounted_vanilla_exact,58,27650,351,28001
discounted_vanilla_exact,59,27650,351,28001
discounted_vanilla_exact,60,27650,351,28001
discounted_vanilla_exact,61,27650,351,28001
discounted_vanilla_exact,62,27650,351,28001
discounted_vanilla_exact,63,27650,351,28001
discounted_vanilla_exact,64,27650,351,28001
discounted_vanilla_exact,65,27650,351,28001
discounted_vanilla_exact,66,27650,351,28001
discounted_vanilla_exact,67,27650,351,28001
discounted_vanilla_exact,68,27650,351,28001
discounted_vanilla_exact,69,27650,351,28001
discounted_vanilla_exact,70,27650,351,28001
discounted_vanilla_exact,71,27650,351,28001
discounted_vanilla_exact,72,27650,351,28001
discounted_vanilla_exact,73,27650,351,28001
discounted_vanilla_exact,74,27650,351,28001
discounted_vanilla_exact,75,27650,351,28001
discounted_vanilla_exact,76,27650,351,28001
discounted_vanilla_exact,77,27650,351,28001
discounted_vanilla_exact,78,27650,351,28001
discounted_vanilla_exact,79,27650,351,28001
discounted_vanilla_exact,80,27650,351,28001
discounted_vanilla_exact,81,27650,351,28001
discounted_vanilla_exact,82,27650,351,28001
discounted_vanilla_exact,83,27650,351,28001
discounted_vanilla_exact,84,27650,351,28001
discounted_vanilla_exact,85,27650,351,28001
discounted_vanilla_exact,86,27650,351,28001
discounted_vanilla_exact,87,27650,351,28001
discounted_vanilla_exact,88,27650,351,28001
discounted_vanilla_exact,89,27650,351,28001
discounted_vanilla_exact,90,27650,351,28001
discounted_vanilla_exact,91,27650,351,28001
discounted_vanilla_exact,92,27650,351,28001
discounted_vanilla_exact,93,27650,351,28001
discounted_vanilla_exact,94,27650,351,28001
discounted_vanilla_exact,95,27650,351,28001
discounted_vanilla_exact,96,27650,351,28001
discounted_vanilla_exact,97,27650,351,28001
discounted_vanilla_exact,98,27650,351,28001
discounted_vanilla_exact,99,27650,351,28001
discounted_vanilla_exact,100,27650,351,28001
discounted_vanilla_exact,101,27650,351,28001
discounted_vanilla_exact,102,27650,351,28001
discounted_vanilla_exact,103,27650,351,28001
discounted_vanilla_exact,104,27650,351,28001
discounted_vanilla_exact,105,27650,351,28001
discounted_vanilla_exact,106,27650,351,28001
discounted_vanilla_exact,107,27650,351,28001
discounted_vanilla_exact,108,27650,351,28001
discounted_vanilla_exact,109,27650,351,28001
discounted_vanilla_exact,110,27650,351,28001
discounted_vanilla_exact,111,27650,351,28001
discounted_vanilla_exact,112,27650,351,28001
discounted_vanilla_exact,113,27650,351,28001
discounted_vanilla_exact,114,27650,351,28001
discounted_vanilla_exact,115,27650,351,28001
discounted_vanilla_exact,116,27650,351,28001
discounted_vanilla_exact,117,27650,351,28001
discounted_vanilla_exact,118,27650,351,28001
discounted_vanilla_exact,119,27650,351,28001
discounted_vanilla_exact,120,27650,351,28001
discounted_vanilla_exact,121,27650,351,28001
discounted_vanilla_exact,122,27650,351,28001
discounted_vanilla_exact,123,27650,351,28001
discounted_vanilla_exact,124,27650,351,28001
discounted_vanilla_exact,125,27650,351,28001
discounted_vanilla_exact,126,27650,351,28001
discounted_vanilla_exact,127,27650,351,28001
discounted_vanilla_exact,128,27650,351,28001
discounted_vanilla_exact,129,27650,351,28001
discounted_vanilla_exact,130,27650,351,28001
discounted_vanilla_exact,131,27650,351,28001
discounted_vanilla_exact,132,27650,351,28001
discounted_vanilla_exact,133,27650,351,28001
discounted_vanilla_exact,134,27650,351,28001
discounted_vanilla_exact,135,27650,351,28001
discounted_vanilla_exact,136,27650,351,28001
discounted_vanilla_exact,137,27650,351,28001
discounted_vanilla_exact,138,27650,351,28001
discounted_vanilla_exact,139,27650,351,28001
discounted_vanilla_exact,140,27650,351,28001
discounted_vanilla_exact,141,27650,351,28001
discounted_vanilla_proper,42,227213,8230,235443
discounted_vanilla_proper,43,227213,554,227767
discounted_vanilla_proper,44,227213,360,227573
discounted_vanilla_proper,45,227213,8599,235812
discounted_vanilla_proper,46,227213,3821,231034
discounted_vanilla_proper,47,227213,3745,230958
discounted_vanilla_proper,48,227213,9448,236661
discounted_vanilla_proper,49,227213,6923,234136
discounted_vanilla_proper,50,227213,8930,236143
discounted_vanilla_proper,51,227213,10726,237939
discounted_vanilla_proper,52,227213,6883,234096
discounted_vanilla_proper,53,227213,149,227362
discounted_vanilla_proper,54,227213,2148,229361
discounted_vanilla_proper,55,227213,5093,232306
discounted_vanilla_proper,56,227213,526,227739
discounted_vanilla_proper,57,227213,10578,237791
discounted_vanilla_proper,58,227213,4102,231315
discounted_vanilla_proper,59,227213,198,227411
discounted_vanilla_proper,60,227213,1059,228272
discounted_vanilla_proper,61,227213,6667,233880
discounted_vanilla_proper,62,227213,4830,232043
discounted_vanilla_proper,63,227213,10361,237574
discounted_vanilla_proper,64,227213,4829,232042
discounted_vanilla_proper,65,227213,1747,228960
discounted_vanilla_proper,66,227213,625,227838
discounted_vanilla_proper,67,227213,3177,230390
discounted_vanilla_proper,68,227213,7730,234943
discounted_vanilla_proper,69,227213,7045,234258
discounted_vanilla_proper,70,227213,431,227644
discounted_vanilla_proper,71,227213,4265,231478
discounted_vanilla_proper,72,227213,847,228060
discounted_vanilla_proper,73,227213,7992,235205
discounted_vanilla_proper,74,227213,1018,228231
discounted_vanilla_proper,75,227213,2115,229328
discounted_vanilla_proper,76,227213,2231,229444
discounted_vanilla_proper,77,227213,4665,231878
discounted_vanilla_proper,78,227213,4231,231444
discounted_vanilla_proper,79,227213,6701,233914
discounted_vanilla_proper,80,227213,1806,229019
discounted_vanilla_proper,81,227213,371,227584
discounted_vanilla_proper,82,227213,2777,229990
discounted_vanilla_proper,83,227213,8136,235349
discounted_vanilla_proper,84,227213,548,227761
discounted_vanilla_proper,85,227213,6093,233306
discounted_vanilla_proper,86,227213,8477,235690
discounted_vanilla_proper,87,227213,7502,234715
discounted_vanilla_proper,88,227213,855,228068
discounted_vanilla_proper,89,227213,1706,228919
discounted_vanilla_proper,90,227213,241,227454
discounted_vanilla_proper,91,227213,517,227730
discounted_vanilla_proper,92,227213,3865,231078
discounted_vanilla_proper,93,227213,6349,233562
discounted_vanilla_proper,94,227213,759,227972
discounted_vanilla_proper,95,227213,566,227779
discounted_vanilla_proper,96,227213,5984,233197
discounted_vanilla_proper,97,227213,5818,233031
discounted_vanilla_proper,98,227213,1933,229146
discounted_vanilla_proper,99,227213,5711,232924
discounted_vanilla_proper,100,227213,5791,233004
discounted_vanilla_proper,101,227213,3031,230244
discounted_vanilla_proper,102,227213,5688,232901
discounted_vanilla_proper,103,227213,9998,237211
discounted_vanilla_proper,104,227213,8599,235812
discounted_vanilla_proper,105,227213,516,227729
discounted_vanilla_proper,106,227213,1520,228733
discounted_vanilla_proper,107,227213,2819,230032
discounted_vanilla_proper,108,227213,3619,230832
discounted_vanilla_proper,109,227213,1278,228491
discounted_vanilla_proper,110,227213,8784,235997
discounted_vanilla_proper,111,227213,7440,234653
discounted_vanilla_proper,112,227213,7026,234239
discounted_vanilla_proper,113,227213,5759,232972
discounted_vanilla_proper,114,227213,5330,232543
discounted_vanilla_proper,115,227213,1155,228368
discounted_vanilla_proper,116,227213,1934,229147
discounted_vanilla_proper,117,227213,8300,235513
discounted_vanilla_proper,118,227213,9976,237189
discounted_vanilla_proper,119,227213,9801,237014
discounted_vanilla_proper,120,227213,3109,230322
discounted_vanilla_proper,121,227213,1168,228381
discounted_vanilla_proper,122,227213,3193,230406
discounted_vanilla_proper,123,227213,536,227749
discounted_vanilla_proper,124,227213,5142,232355
discounted_vanilla_proper,125,227213,4203,231416
discounted_vanilla_proper,126,227213,2583,229796
discounted_vanilla_proper,127,227213,1023,228236
discounted_vanilla_proper,128,227213,329,227542
discounted_vanilla_proper,129,227213,1179,228392
discounted_vanilla_proper,130,227213,7546,234759
discounted_vanilla_proper,131,227213,4815,232028
discounted_vanilla_proper,132,227213,9178,236391
discounted_vanilla_proper,133,227213,2893,230106
discounted_vanilla_proper,134,227213,7026,234239
discounted_vanilla_proper,135,227213,7718,234931
discounted_vanilla_proper,136,227213,7553,234766
discounted_vanilla_proper,137,227213,9161,236374
discounted_vanilla_proper,138,227213,231,227444
discounted_vanilla_proper,139,227213,1296,228509
discounted_vanilla_proper,140,227213,4424,231637
discounted_vanilla_proper,141,227213,6747,233960
discounted_vanilla_popular,42,4137600,62400,4200000
discounted_vanilla_popular,43,4137600,19200,4156800
discounted_vanilla_popular,44,4137600,33600,4171200
discounted_vanilla_popular,45,4137600,38400,4176000
discounted_vanilla_popular,46,4137600,43200,4180800
discounted_vanilla_popular,47,4137600,57600,4195200
discounted_vanilla_popular,48,4137600,72000,4209600
discounted_vanilla_popular,49,4137600,27200,4164800
discounted_vanilla_popular,50,4137600,49600,4187200
discounted_vanilla_popular,51,4137600,94400,4232000
discounted_vanilla_popular,52,4137600,80000,4217600
discounted_vanilla_popular,53,4137600,86400,4224000
discounted_vanilla_popular,54,4137600,94400,4232000
discounted_vanilla_popular,55,4137600,59200,4196800
discounted_vanilla_popular,56,4137600,59200,4196800
discounted_vanilla_popular,57,4137600,54400,4192000
discounted_vanilla_popular,58,4137600,102400,4240000
discounted_vanilla_popular,59,4137600,62400,4200000
discounted_vanilla_popular,60,4137600,38400,4176000
discounted_vanilla_popular,61,4137600,38400,4176000
discounted_vanilla_popular,62,4137600,41600,4179200
discounted_vanilla_popular,63,4137600,24000,4161600
discounted_vanilla_popular,64,4137600,30400,4168000
discounted_vanilla_popular,65,4137600,33600,4171200
discounted_vanilla_popular,66,4137600,43200,4180800
discounted_vanilla_popular,67,4137600,89600,4227200
discounted_vanilla_popular,68,4137600,57600,4195200
discounted_vanilla_popular,69,4137600,44800,4182400
discounted_vanilla_popular,70,4137600,36800,4174400
discounted_vanilla_popular,71,4137600,83200,4220800
discounted_vanilla_popular,72,4137600,14400,4152000
discounted_vanilla_popular,73,4137600,132800,4270400
discounted_vanilla_popular,74,4137600,52800,4190400
discounted_vanilla_popular,75,4137600,86400,4224000
discounted_vanilla_popular,76,4137600,40000,4177600
discounted_vanilla_popular,77,4137600,54400,4192000
discounted_vanilla_popular,78,4137600,80000,4217600
discounted_vanilla_popular,79,4137600,62400,4200000
discounted_vanilla_popular,80,4137600,48000,4185600
discounted_vanilla_popular,81,4137600,54400,4192000
discounted_vanilla_popular,82,4137600,59200,4196800
discounted_vanilla_popular,83,4137600,20800,4158400
discounted_vanilla_popular,84,4137600,70400,4208000
discounted_vanilla_popular,85,4137600,27200,4164800
discounted_vanilla_popular,86,4137600,110400,4248000
discounted_vanilla_popular,87,4137600,52800,4190400
discounted_vanilla_popular,88,4137600,36800,4174400
discounted_vanilla_popular,89,4137600,104000,4241600
discounted_vanilla_popular,90,4137600,70400,4208000
discounted_vanilla_popular,91,4137600,64000,4201600
discounted_vanilla_popular,92,4137600,17600,4155200
discounted_vanilla_popular,93,4137600,56000,4193600
discounted_vanilla_popular,94,4137600,65600,4203200
discounted_vanilla_popular,95,4137600,48000,4185600
discounted_vanilla_popular,96,4137600,35200,4172800
discounted_vanilla_popular,97,4137600,38400,4176000
discounted_vanilla_popular,98,4137600,41600,4179200
discounted_vanilla_popular,99,4137600,35200,4172800
discounted_vanilla_popular,100,4137600,70400,4208000
discounted_vanilla_popular,101,4137600,132800,4270400
discounted_vanilla_popular,102,4137600,72000,4209600
discounted_vanilla_popular,103,4137600,62400,4200000
discounted_vanilla_popular,104,4137600,73600,4211200
discounted_vanilla_popular,105,4137600,43200,4180800
discounted_vanilla_popular,106,4137600,41600,4179200
discounted_vanilla_popular,107,4137600,78400,4216000
discounted_vanilla_popular,108,4137600,73600,4211200
discounted_vanilla_popular,109,4137600,54400,4192000
discounted_vanilla_popular,110,4137600,56000,4193600
discounted_vanilla_popular,111,4137600,57600,4195200
discounted_vanilla_popular,112,4137600,64000,4201600
discounted_vanilla_popular,113,4137600,70400,4208000
discounted_vanilla_popular,114,4137600,46400,4184000
discounted_vanilla_popular,115,4137600,65600,4203200
discounted_vanilla_popular,116,4137600,52800,4190400
discounted_vanilla_popular,117,4137600,83200,4220800
discounted_vanilla_popular,118,4137600,91200,4228800
discounted_vanilla_popular,119,4137600,35200,4172800
discounted_vanilla_popular,120,4137600,35200,4172800
discounted_vanilla_popular,121,4137600,20800,4158400
discounted_vanilla_popular,122,4137600,44800,4182400
discounted_vanilla_popular,123,4137600,59200,4196800
discounted_vanilla_popular,124,4137600,57600,4195200
discounted_vanilla_popular,125,4137600,70400,4208000
discounted_vanilla_popular,126,4137600,35200,4172800
discounted_vanilla_popular,127,4137600,28800,4166400
discounted_vanilla_popular,128,4137600,83200,4220800
discounted_vanilla_popular,129,4137600,51200,4188800
discounted_vanilla_popular,130,4137600,56000,4193600
discounted_vanilla_popular,131,4137600,62400,4200000
discounted_vanilla_popular,132,4137600,51200,4188800
discounted_vanilla_popular,133,4137600,38400,4176000
discounted_vanilla_popular,134,4137600,20800,4158400
discounted_vanilla_popular,135,4137600,36800,4174400
discounted_vanilla_popular,136,4137600,51200,4188800
discounted_vanilla_popular,137,4137600,131200,4268800
discounted_vanilla_popular,138,4137600,52800,4190400
discounted_vanilla_popular,139,4137600,48000,4185600
discounted_vanilla_popular,140,4137600,64000,4201600
discounted_vanilla_popular,141,4137600,107200,4244800
discounted_natural_exact,42,6220,270,6490
discounted_natural_exact,43,6220,270,6490
discounted_natural_exact,44,6220,270,6490
discounted_natural_exact,45,6220,270,6490
discounted_natural_exact,46,6220,270,6490
discounted_natural_exact,47,6220,270,6490
discounted_natural_exact,48,6220,270,6490
discounted_natural_exact,49,6220,270,6490
discounted_natural_exact,50,6220,270,6490
discounted_natural_exact,51,6220,270,6490
discounted_natural_exact,52,6220,270,6490
discounted_natural_exact,53,6220,270,6490
discounted_natural_exact,54,6220,270,6490
discounted_natural_exact,55,6220,270,6490
discounted_natural_exact,56,6220,270,6490
discounted_natural_exact,57,6220,270,6490
discounted_natural_exact,58,6220,270,6490
discounted_natural_exact,59,6220,270,6490
discounted_natural_exact,60,6220,270,6490
discounted_natural_exact,61,6220,270,6490
discounted_natural_exact,62,6220,270,6490
discounted_natural_exact,63,6220,270,6490
discounted_natural_exact,64,6220,270,6490
discounted_natural_exact,65,6220,270,6490
discounted_natural_exact,66,6220,270,6490
discounted_natural_exact,67,6220,270,6490
discounted_natural_exact,68,6220,270,6490
discounted_natural_exact,69,6220,270,6490
discounted_natural_exact,70,6220,270,6490
discounted_natural_exact,71,6220,270,6490
discounted_natural_exact,72,6220,270,6490
discounted_natural_exact,73,6220,270,6490
discounted_natural_exact,74,6220,270,6490
discounted_natural_exact,75,6220,270,6490
discounted_natural_exact,76,6220,270,6490
discounted_natural_exact,77,6220,270,6490
discounted_natural_exact,78,6220,270,6490
discounted_natural_exact,79,6220,270,6490
discounted_natural_exact,80,6220,270,6490
discounted_natural_exact,81,6220,270,6490
discounted_natural_exact,82,6220,270,6490
discounted_natural_exact,83,6220,270,6490
discounted_natural_exact,84,6220,270,6490
discounted_natural_exact,85,6220,270,6490
discounted_natural_exact,86,6220,270,6490
discounted_natural_exact,87,6220,270,6490
discounted_natural_exact,88,6220,270,6490
discounted_natural_exact,89,6220,270,6490
discounted_natural_exact,90,6220,270,6490
discounted_natural_exact,91,6220,270,6490
discounted_natural_exact,92,6220,270,6490
discounted_natural_exact,93,6220,270,6490
discounted_natural_exact,94,6220,270,6490
discounted_natural_exact,95,6220,270,6490
discounted_natural_exact,96,6220,270,6490
discounted_natural_exact,97,6220,270,6490
discounted_natural_exact,98,6220,270,6490
discounted_natural_exact,99,6220,270,6490
discounted_natural_exact,100,6220,270,6490
discounted_natural_exact,101,6220,270,6490
discounted_natural_exact,102,6220,270,6490
discounted_natural_exact,103,6220,270,6490
discounted_natural_exact,104,6220,270,6490
discounted_natural_exact,105,6220,270,6490
discounted_natural_exact,106,6220,270,6490
discounted_natural_exact,107,6220,270,6490
discounted_natural_exact,108,6220,270,6490
discounted_natural_exact,109,6220,270,6490
discounted_natural_exact,110,6220,270,6490
discounted_natural_exact,111,6220,270,6490
discounted_natural_exact,112,6220,270,6490
discounted_natural_exact,113,6220,270,6490
discounted_natural_exact,114,6220,270,6490
discounted_natural_exact,115,6220,270,6490
discounted_natural_exact,116,6220,270,6490
discounted_natural_exact,117,6220,270,6490
discounted_natural_exact,118,6220,270,6490
discounted_natural_exact,119,6220,270,6490
discounted_natural_exact,120,6220,270,6490
discounted_natural_exact,121,6220,270,6490
discounted_natural_exact,122,6220,270,6490
discounted_natural_exact,123,6220,270,6490
discounted_natural_exact,124,6220,270,6490
discounted_natural_exact,125,6220,270,6490
discounted_natural_exact,126,6220,270,6490
discounted_natural_exact,127,6220,270,6490
discounted_natural_exact,128,6220,270,6490
discounted_natural_exact,129,6220,270,6490
discounted_natural_exact,130,6220,270,6490
discounted_natural_exact,131,6220,270,6490
discounted_natural_exact,132,6220,270,6490
discounted_natural_exact,133,6220,270,6490
discounted_natural_exact,134,6220,270,6490
discounted_natural_exact,135,6220,270,6490
discounted_natural_exact,136,6220,270,6490
discounted_natural_exact,137,6220,270,6490
discounted_natural_exact,138,6220,270,6490
discounted_natural_exact,139,6220,270,6490
discounted_natural_exact,140,6220,270,6490
discounted_natural_exact,141,6220,270,6490
discounted_natural_proper,42,138875,1572,140447
discounted_natural_proper,43,138875,554,139429
discounted_natural_proper,44,138875,360,139235
discounted_natural_proper,45,138875,3469,142344
discounted_natural_proper,46,138875,3586,142461
discounted_natural_proper,47,138875,1236,140111
discounted_natural_proper,48,138875,1848,140723
discounted_natural_proper,49,138875,1654,140529
discounted_natural_proper,50,138875,2302,141177
discounted_natural_proper,51,138875,1128,140003
discounted_natural_proper,52,138875,2475,141350
discounted_natural_proper,53,138875,149,139024
discounted_natural_proper,54,138875,2148,141023
discounted_natural_proper,55,138875,4759,143634
discounted_natural_proper,56,138875,526,139401
discounted_natural_proper,57,138875,899,139774
discounted_natural_proper,58,138875,479,139354
discounted_natural_proper,59,138875,198,139073
discounted_natural_proper,60,138875,1059,139934
discounted_natural_proper,61,138875,3051,141926
discounted_natural_proper,62,138875,1965,140840
discounted_natural_proper,63,138875,3953,142828
discounted_natural_proper,64,138875,4994,143869
discounted_natural_proper,65,138875,997,139872
discounted_natural_proper,66,138875,625,139500
discounted_natural_proper,67,138875,2885,141760
discounted_natural_proper,68,138875,1130,140005
discounted_natural_proper,69,138875,384,139259
discounted_natural_proper,70,138875,431,139306
discounted_natural_proper,71,138875,2180,141055
discounted_natural_proper,72,138875,424,139299
discounted_natural_proper,73,138875,1130,140005
discounted_natural_proper,74,138875,1018,139893
discounted_natural_proper,75,138875,2115,140990
discounted_natural_proper,76,138875,1665,140540
discounted_natural_proper,77,138875,2363,141238
discounted_natural_proper,78,138875,2133,141008
discounted_natural_proper,79,138875,1940,140815
discounted_natural_proper,80,138875,1806,140681
discounted_natural_proper,81,138875,371,139246
discounted_natural_proper,82,138875,4814,143689
discounted_natural_proper,83,138875,2916,141791
discounted_natural_proper,84,138875,548,139423
discounted_natural_proper,85,138875,2625,141500
discounted_natural_proper,86,138875,2297,141172
discounted_natural_proper,87,138875,1367,140242
discounted_natural_proper,88,138875,1265,140140
discounted_natural_proper,89,138875,1706,140581
discounted_natural_proper,90,138875,241,139116
discounted_natural_proper,91,138875,3238,142113
discounted_natural_proper,92,138875,1578,140453
discounted_natural_proper,93,138875,2264,141139
discounted_natural_proper,94,138875,759,139634
discounted_natural_proper,95,138875,2833,141708
discounted_natural_proper,96,138875,3296,142171
discounted_natural_proper,97,138875,3608,142483
discounted_natural_proper,98,138875,3055,141930
discounted_natural_proper,99,138875,1699,140574
discounted_natural_proper,100,138875,1720,140595
discounted_natural_proper,101,138875,2194,141069
discounted_natural_proper,102,138875,3225,142100
discounted_natural_proper,103,138875,3435,142310
discounted_natural_proper,104,138875,517,139392
discounted_natural_proper,105,138875,516,139391
discounted_natural_proper,106,138875,374,139249
discounted_natural_proper,107,138875,1499,140374
discounted_natural_proper,108,138875,1151,140026
discounted_natural_proper,109,138875,965,139840
discounted_natural_proper,110,138875,1261,140136
discounted_natural_proper,111,138875,2198,141073
discounted_natural_proper,112,138875,1261,140136
discounted_natural_proper,113,138875,4485,143360
discounted_natural_proper,114,138875,3066,141941
discounted_natural_proper,115,138875,1155,140030
discounted_natural_proper,116,138875,2080,140955
discounted_natural_proper,117,138875,3383,142258
discounted_natural_proper,118,138875,3677,142552
discounted_natural_proper,119,138875,4609,143484
discounted_natural_proper,120,138875,1168,140043
discounted_natural_proper,121,138875,428,139303
discounted_natural_proper,122,138875,1222,140097
discounted_natural_proper,123,138875,536,139411
discounted_natural_proper,124,138875,4669,143544
discounted_natural_proper,125,138875,1224,140099
discounted_natural_proper,126,138875,5027,143902
discounted_natural_proper,127,138875,3892,142767
discounted_natural_proper,128,138875,329,139204
discounted_natural_proper,129,138875,1179,140054
discounted_natural_proper,130,138875,2553,141428
discounted_natural_proper,131,138875,947,139822
discounted_natural_proper,132,138875,1090,139965
discounted_natural_proper,133,138875,2893,141768
discounted_natural_proper,134,138875,1507,140382
discounted_natural_proper,135,138875,1803,140678
discounted_natural_proper,136,138875,4137,143012
discounted_natural_proper,137,138875,1632,140507
discounted_natural_proper,138,138875,231,139106
discounted_natural_proper,139,138875,1296,140171
discounted_natural_proper,140,138875,1517,140392
discounted_natural_proper,141,138875,752,139627
discounted_natural_popular,42,21153600,291200,21444800
discounted_natural_popular,43,21153600,268800,21422400
discounted_natural_popular,44,21153600,243200,21396800
discounted_natural_popular,45,21153600,265600,21419200
discounted_natural_popular,46,21153600,257600,21411200
discounted_natural_popular,47,21153600,248000,21401600
discounted_natural_popular,48,21153600,244800,21398400
discounted_natural_popular,49,21153600,241600,21395200
discounted_natural_popular,50,21153600,270400,21424000
discounted_natural_popular,51,21153600,278400,21432000
discounted_natural_popular,52,21153600,283200,21436800
discounted_natural_popular,53,21153600,489600,21643200
discounted_natural_popular,54,21153600,254400,21408000
discounted_natural_popular,55,21153600,251200,21404800
discounted_natural_popular,56,21153600,259200,21412800
discounted_natural_popular,57,21153600,235200,21388800
discounted_natural_popular,58,21153600,289600,21443200
discounted_natural_popular,59,21153600,232000,21385600
discounted_natural_popular,60,21153600,275200,21428800
discounted_natural_popular,61,21153600,244800,21398400
discounted_natural_popular,62,21153600,235200,21388800
discounted_natural_popular,63,21153600,238400,21392000
discounted_natural_popular,64,21153600,225600,21379200
discounted_natural_popular,65,21153600,236800,21390400
discounted_natural_popular,66,21153600,256000,21409600
discounted_natural_popular,67,21153600,267200,21420800
discounted_natural_popular,68,21153600,224000,21377600
discounted_natural_popular,69,21153600,243200,21396800
discounted_natural_popular,70,21153600,230400,21384000
discounted_natural_popular,71,21153600,265600,21419200
discounted_natural_popular,72,21153600,230400,21384000
discounted_natural_popular,73,21153600,241600,21395200
discounted_natural_popular,74,21153600,267200,21420800
discounted_natural_popular,75,21153600,235200,21388800
discounted_natural_popular,76,21153600,232000,21385600
discounted_natural_popular,77,21153600,268800,21422400
discounted_natural_popular,78,21153600,256000,21409600
discounted_natural_popular,79,21153600,272000,21425600
discounted_natural_popular,80,21153600,265600,21419200
discounted_natural_popular,81,21153600,257600,21411200
discounted_natural_popular,82,21153600,244800,21398400
discounted_natural_popular,83,21153600,331200,21484800
discounted_natural_popular,84,21153600,248000,21401600
discounted_natural_popular,85,21153600,284800,21438400
discounted_natural_popular,86,21153600,256000,21409600
discounted_natural_popular,87,21153600,276800,21430400
discounted_natural_popular,88,21153600,248000,21401600
discounted_natural_popular,89,21153600,225600,21379200
discounted_natural_popular,90,21153600,256000,21409600
discounted_natural_popular,91,21153600,296000,21449600
discounted_natural_popular,92,21153600,246400,21400000
discounted_natural_popular,93,21153600,248000,21401600
discounted_natural_popular,94,21153600,236800,21390400
discounted_natural_popular,95,21153600,262400,21416000
discounted_natural_popular,96,21153600,356800,21510400
discounted_natural_popular,97,21153600,240000,21393600
discounted_natural_popular,98,21153600,236800,21390400
discounted_natural_popular,99,21153600,299200,21452800
discounted_natural_popular,100,21153600,257600,21411200
discounted_natural_popular,101,21153600,248000,21401600
discounted_natural_popular,102,21153600,265600,21419200
discounted_natural_popular,103,21153600,228800,21382400
discounted_natural_popular,104,21153600,366400,21520000
discounted_natural_popular,105,21153600,252800,21406400
discounted_natural_popular,106,21153600,252800,21406400
discounted_natural_popular,107,21153600,254400,21408000
discounted_natural_popular,108,21153600,272000,21425600
discounted_natural_popular,109,21153600,262400,21416000
discounted_natural_popular,110,21153600,249600,21403200
discounted_natural_popular,111,21153600,284800,21438400
discounted_natural_popular,112,21153600,278400,21432000
discounted_natural_popular,113,21153600,228800,21382400
discounted_natural_popular,114,21153600,251200,21404800
discounted_natural_popular,115,21153600,280000,21433600
discounted_natural_popular,116,21153600,259200,21412800
discounted_natural_popular,117,21153600,240000,21393600
discounted_natural_popular,118,21153600,262400,21416000
discounted_natural_popular,119,21153600,243200,21396800
discounted_natural_popular,120,21153600,249600,21403200
discounted_natural_popular,121,21153600,251200,21404800
discounted_natural_popular,122,21153600,230400,21384000
discounted_natural_popular,123,21153600,283200,21436800
discounted_natural_popular,124,21153600,235200,21388800
discounted_natural_popular,125,21153600,249600,21403200
discounted_natural_popular,126,21153600,244800,21398400
discounted_natural_popular,127,21153600,411200,21564800
discounted_natural_popular,128,21153600,257600,21411200
discounted_natural_popular,129,21153600,241600,21395200
discounted_natural_popular,130,21153600,267200,21420800
discounted_natural_popular,131,21153600,262400,21416000
discounted_natural_popular,132,21153600,235200,21388800
discounted_natural_popular,133,21153600,240000,21393600
discounted_natural_popular,134,21153600,252800,21406400
discounted_natural_popular,135,21153600,259200,21412800
discounted_natural_popular,136,21153600,360000,21513600
discounted_natural_popular,137,21153600,238400,21392000
discounted_natural_popular,138,21153600,252800,21406400
discounted_natural_popular,139,21153600,310400,21464000
discounted_natural_popular,140,21153600,243200,21396800
discounted_natural_popular,141,21153600,238400,21392000
